chart_group_id,dashboard_path,sheet,measure,fuel_label,chart_file,section_id,section_label,entry_kind
chart::charts/aggregate__Buildings__Energy_balance__PJ__Total.html,Buildings,Buildings,Energy balance (PJ),Total,charts/aggregate__Buildings__Energy_balance__PJ__Total.html,sec-Buildings,Buildings,aggregate
chart::charts/esto__16_01__Commercial_and_public_services__Energy_balance__PJ__Anthracite.html,Buildings > Commercial and public services,esto__16_01__Commercial_and_public_services,Energy balance (PJ),Anthracite,charts/esto__16_01__Commercial_and_public_services__Energy_balance__PJ__Anthracite.html,sec-Buildings__Commercial_and_public_services,Commercial and public services,direct
chart::charts/esto__16_01__Commercial_and_public_services__Energy_balance__PJ__Biodiesel.html,Buildings > Commercial and public services,esto__16_01__Commercial_and_public_services,Energy balance (PJ),Biodiesel,charts/esto__16_01__Commercial_and_public_services__Energy_balance__PJ__Biodiesel.html,sec-Buildings__Commercial_and_public_services,Commercial and public services,direct
chart::charts/esto__16_01__Commercial_and_public_services__Energy_balance__PJ__Biogas.html,Buildings > Commercial and public services,esto__16_01__Commercial_and_public_services,Energy balance (PJ),Biogas,charts/esto__16_01__Commercial_and_public_services__Energy_balance__PJ__Biogas.html,sec-Buildings__Commercial_and_public_services,Commercial and public services,direct
chart::charts/esto__16_01__Commercial_and_public_services__Energy_balance__PJ__Electricity.html,Buildings > Commercial and public services,esto__16_01__Commercial_and_public_services,Energy balance (PJ),Electricity,charts/esto__16_01__Commercial_and_public_services__Energy_balance__PJ__Electricity.html,sec-Buildings__Commercial_and_public_services,Commercial and public services,direct
chart::charts/esto__16_01__Commercial_and_public_services__Energy_balance__PJ__Fuel_oil.html,Buildings > Commercial and public services,esto__16_01__Commercial_and_public_services,Energy balance (PJ),Fuel oil,charts/esto__16_01__Commercial_and_public_services__Energy_balance__PJ__Fuel_oil.html,sec-Buildings__Commercial_and_public_services,Commercial and public services,direct
chart::charts/esto__16_01__Commercial_and_public_services__Energy_balance__PJ__Gas_diesel_oil.html,Buildings > Commercial and public services,esto__16_01__Commercial_and_public_services,Energy balance (PJ),Gas/diesel oil,charts/esto__16_01__Commercial_and_public_services__Energy_balance__PJ__Gas_diesel_oil.html,sec-Buildings__Commercial_and_public_services,Commercial and public services,direct
chart::charts/esto__16_01__Commercial_and_public_services__Energy_balance__PJ__Heat.html,Buildings > Commercial and public services,esto__16_01__Commercial_and_public_services,Energy balance (PJ),Heat,charts/esto__16_01__Commercial_and_public_services__Energy_balance__PJ__Heat.html,sec-Buildings__Commercial_and_public_services,Commercial and public services,direct
chart::charts/esto__16_01__Commercial_and_public_services__Energy_balance__PJ__Kerosene.html,Buildings > Commercial and public services,esto__16_01__Commercial_and_public_services,Energy balance (PJ),Kerosene,charts/esto__16_01__Commercial_and_public_services__Energy_balance__PJ__Kerosene.html,sec-Buildings__Commercial_and_public_services,Commercial and public services,direct
chart::charts/esto__16_01__Commercial_and_public_services__Energy_balance__PJ__LPG.html,Buildings > Commercial and public services,esto__16_01__Commercial_and_public_services,Energy balance (PJ),LPG,charts/esto__16_01__Commercial_and_public_services__Energy_balance__PJ__LPG.html,sec-Buildings__Commercial_and_public_services,Commercial and public services,direct
chart::charts/esto__16_01__Commercial_and_public_services__Energy_balance__PJ__Motor_gasoline.html,Buildings > Commercial and public services,esto__16_01__Commercial_and_public_services,Energy balance (PJ),Motor gasoline,charts/esto__16_01__Commercial_and_public_services__Energy_balance__PJ__Motor_gasoline.html,sec-Buildings__Commercial_and_public_services,Commercial and public services,direct
chart::charts/esto__16_01__Commercial_and_public_services__Energy_balance__PJ__Municipal_solid_waste__non-renewable.html,Buildings > Commercial and public services,esto__16_01__Commercial_and_public_services,Energy balance (PJ),Municipal solid waste (non-renewable),charts/esto__16_01__Commercial_and_public_services__Energy_balance__PJ__Municipal_solid_waste__non-renewable.html,sec-Buildings__Commercial_and_public_services,Commercial and public services,direct
chart::charts/esto__16_01__Commercial_and_public_services__Energy_balance__PJ__Municipal_solid_waste__renewable.html,Buildings > Commercial and public services,esto__16_01__Commercial_and_public_services,Energy balance (PJ),Municipal solid waste (renewable),charts/esto__16_01__Commercial_and_public_services__Energy_balance__PJ__Municipal_solid_waste__renewable.html,sec-Buildings__Commercial_and_public_services,Commercial and public services,direct
chart::charts/esto__16_01__Commercial_and_public_services__Energy_balance__PJ__Other_biomass.html,Buildings > Commercial and public services,esto__16_01__Commercial_and_public_services,Energy balance (PJ),Other biomass,charts/esto__16_01__Commercial_and_public_services__Energy_balance__PJ__Other_biomass.html,sec-Buildings__Commercial_and_public_services,Commercial and public services,direct
chart::charts/esto__16_01__Commercial_and_public_services__Energy_balance__PJ__Other_bituminous_coal.html,Buildings > Commercial and public services,esto__16_01__Commercial_and_public_services,Energy balance (PJ),Other bituminous coal,charts/esto__16_01__Commercial_and_public_services__Energy_balance__PJ__Other_bituminous_coal.html,sec-Buildings__Commercial_and_public_services,Commercial and public services,direct
chart::charts/esto__16_01__Commercial_and_public_services__Energy_balance__PJ__Solar_nonspecified.html,Buildings > Commercial and public services,esto__16_01__Commercial_and_public_services,Energy balance (PJ),Solar nonspecified,charts/esto__16_01__Commercial_and_public_services__Energy_balance__PJ__Solar_nonspecified.html,sec-Buildings__Commercial_and_public_services,Commercial and public services,direct
chart::charts/esto__16_01__Commercial_and_public_services__Energy_balance__PJ__Sub-bituminous_coal.html,Buildings > Commercial and public services,esto__16_01__Commercial_and_public_services,Energy balance (PJ),Sub-bituminous coal,charts/esto__16_01__Commercial_and_public_services__Energy_balance__PJ__Sub-bituminous_coal.html,sec-Buildings__Commercial_and_public_services,Commercial and public services,direct
chart::charts/esto__16_02__Residential__Energy_balance__PJ__Biodiesel.html,Buildings > Residential,esto__16_02__Residential,Energy balance (PJ),Biodiesel,charts/esto__16_02__Residential__Energy_balance__PJ__Biodiesel.html,sec-Buildings__Residential,Residential,direct
chart::charts/esto__16_02__Residential__Energy_balance__PJ__Electricity.html,Buildings > Residential,esto__16_02__Residential,Energy balance (PJ),Electricity,charts/esto__16_02__Residential__Energy_balance__PJ__Electricity.html,sec-Buildings__Residential,Residential,direct
chart::charts/esto__16_02__Residential__Energy_balance__PJ__Gas_diesel_oil.html,Buildings > Residential,esto__16_02__Residential,Energy balance (PJ),Gas/diesel oil,charts/esto__16_02__Residential__Energy_balance__PJ__Gas_diesel_oil.html,sec-Buildings__Residential,Residential,direct
chart::charts/esto__16_02__Residential__Energy_balance__PJ__Geothermal.html,Buildings > Residential,esto__16_02__Residential,Energy balance (PJ),Geothermal,charts/esto__16_02__Residential__Energy_balance__PJ__Geothermal.html,sec-Buildings__Residential,Residential,direct
chart::charts/esto__16_02__Residential__Energy_balance__PJ__Kerosene.html,Buildings > Residential,esto__16_02__Residential,Energy balance (PJ),Kerosene,charts/esto__16_02__Residential__Energy_balance__PJ__Kerosene.html,sec-Buildings__Residential,Residential,direct
chart::charts/esto__16_02__Residential__Energy_balance__PJ__LPG.html,Buildings > Residential,esto__16_02__Residential,Energy balance (PJ),LPG,charts/esto__16_02__Residential__Energy_balance__PJ__LPG.html,sec-Buildings__Residential,Residential,direct
chart::charts/esto__16_02__Residential__Energy_balance__PJ__Other_biomass.html,Buildings > Residential,esto__16_02__Residential,Energy balance (PJ),Other biomass,charts/esto__16_02__Residential__Energy_balance__PJ__Other_biomass.html,sec-Buildings__Residential,Residential,direct
chart::charts/esto__16_02__Residential__Energy_balance__PJ__Solar_nonspecified.html,Buildings > Residential,esto__16_02__Residential,Energy balance (PJ),Solar nonspecified,charts/esto__16_02__Residential__Energy_balance__PJ__Solar_nonspecified.html,sec-Buildings__Residential,Residential,direct
chart::charts/aggregate__Bunkers__Energy_balance__PJ__Total.html,Bunkers,Bunkers,Energy balance (PJ),Total,charts/aggregate__Bunkers__Energy_balance__PJ__Total.html,sec-Bunkers,Bunkers,aggregate
chart::charts/esto__05__International_aviation_bunkers__Energy_balance__PJ__Aviation_gasoline.html,Bunkers > International aviation bunkers,esto__05__International_aviation_bunkers,Energy balance (PJ),Aviation gasoline,charts/esto__05__International_aviation_bunkers__Energy_balance__PJ__Aviation_gasoline.html,sec-Bunkers__International_aviation_bunkers,International aviation bunkers,direct
chart::charts/esto__05__International_aviation_bunkers__Energy_balance__PJ__Hydrogen.html,Bunkers > International aviation bunkers,esto__05__International_aviation_bunkers,Energy balance (PJ),Hydrogen,charts/esto__05__International_aviation_bunkers__Energy_balance__PJ__Hydrogen.html,sec-Bunkers__International_aviation_bunkers,International aviation bunkers,direct
chart::charts/esto__05__International_aviation_bunkers__Energy_balance__PJ__Kerosene_type_jet_fuel.html,Bunkers > International aviation bunkers,esto__05__International_aviation_bunkers,Energy balance (PJ),Kerosene type jet fuel,charts/esto__05__International_aviation_bunkers__Energy_balance__PJ__Kerosene_type_jet_fuel.html,sec-Bunkers__International_aviation_bunkers,International aviation bunkers,direct
chart::charts/esto__05__International_aviation_bunkers__Energy_balance__PJ__Motor_gasoline.html,Bunkers > International aviation bunkers,esto__05__International_aviation_bunkers,Energy balance (PJ),Motor gasoline,charts/esto__05__International_aviation_bunkers__Energy_balance__PJ__Motor_gasoline.html,sec-Bunkers__International_aviation_bunkers,International aviation bunkers,direct
chart::charts/esto__04__International_marine_bunkers__Energy_balance__PJ__Fuel_oil.html,Bunkers > International marine bunkers,esto__04__International_marine_bunkers,Energy balance (PJ),Fuel oil,charts/esto__04__International_marine_bunkers__Energy_balance__PJ__Fuel_oil.html,sec-Bunkers__International_marine_bunkers,International marine bunkers,direct
chart::charts/esto__04__International_marine_bunkers__Energy_balance__PJ__Gas_diesel_oil.html,Bunkers > International marine bunkers,esto__04__International_marine_bunkers,Energy balance (PJ),Gas/diesel oil,charts/esto__04__International_marine_bunkers__Energy_balance__PJ__Gas_diesel_oil.html,sec-Bunkers__International_marine_bunkers,International marine bunkers,direct
chart::charts/esto__04__International_marine_bunkers__Energy_balance__PJ__LNG.html,Bunkers > International marine bunkers,esto__04__International_marine_bunkers,Energy balance (PJ),LNG,charts/esto__04__International_marine_bunkers__Energy_balance__PJ__LNG.html,sec-Bunkers__International_marine_bunkers,International marine bunkers,direct
chart::charts/esto__04__International_marine_bunkers__Energy_balance__PJ__LPG.html,Bunkers > International marine bunkers,esto__04__International_marine_bunkers,Energy balance (PJ),LPG,charts/esto__04__International_marine_bunkers__Energy_balance__PJ__LPG.html,sec-Bunkers__International_marine_bunkers,International marine bunkers,direct
chart::charts/esto__04__International_marine_bunkers__Energy_balance__PJ__Motor_gasoline.html,Bunkers > International marine bunkers,esto__04__International_marine_bunkers,Energy balance (PJ),Motor gasoline,charts/esto__04__International_marine_bunkers__Energy_balance__PJ__Motor_gasoline.html,sec-Bunkers__International_marine_bunkers,International marine bunkers,direct
chart::charts/esto__04__International_marine_bunkers__Energy_balance__PJ__Natural_gas.html,Bunkers > International marine bunkers,esto__04__International_marine_bunkers,Energy balance (PJ),Natural gas,charts/esto__04__International_marine_bunkers__Energy_balance__PJ__Natural_gas.html,sec-Bunkers__International_marine_bunkers,International marine bunkers,direct
chart::charts/aggregate__Industry_sector__Energy_balance__PJ__Total.html,Industry,Industry,Energy balance (PJ),Total,charts/aggregate__Industry_sector__Energy_balance__PJ__Total.html,sec-Industry_sector,Industry sector,aggregate
chart::charts/esto__14_02__Construction__Energy_balance__PJ__Bagasse.html,Industry > Construction,esto__14_02__Construction,Energy balance (PJ),Bagasse,charts/esto__14_02__Construction__Energy_balance__PJ__Bagasse.html,sec-Industry__Construction,Construction,direct
chart::charts/esto__14_02__Construction__Energy_balance__PJ__Bio_jet_kerosene.html,Industry > Construction,esto__14_02__Construction,Energy balance (PJ),Bio jet kerosene,charts/esto__14_02__Construction__Energy_balance__PJ__Bio_jet_kerosene.html,sec-Industry__Construction,Construction,direct
chart::charts/esto__14_02__Construction__Energy_balance__PJ__Biodiesel.html,Industry > Construction,esto__14_02__Construction,Energy balance (PJ),Biodiesel,charts/esto__14_02__Construction__Energy_balance__PJ__Biodiesel.html,sec-Industry__Construction,Construction,direct
chart::charts/esto__14_02__Construction__Energy_balance__PJ__Biogas.html,Industry > Construction,esto__14_02__Construction,Energy balance (PJ),Biogas,charts/esto__14_02__Construction__Energy_balance__PJ__Biogas.html,sec-Industry__Construction,Construction,direct
chart::charts/esto__14_02__Construction__Energy_balance__PJ__Biogasoline.html,Industry > Construction,esto__14_02__Construction,Energy balance (PJ),Biogasoline,charts/esto__14_02__Construction__Energy_balance__PJ__Biogasoline.html,sec-Industry__Construction,Construction,direct
chart::charts/esto__14_02__Construction__Energy_balance__PJ__Black_liqour.html,Industry > Construction,esto__14_02__Construction,Energy balance (PJ),Black liqour,charts/esto__14_02__Construction__Energy_balance__PJ__Black_liqour.html,sec-Industry__Construction,Construction,direct
chart::charts/esto__14_02__Construction__Energy_balance__PJ__Charcoal.html,Industry > Construction,esto__14_02__Construction,Energy balance (PJ),Charcoal,charts/esto__14_02__Construction__Energy_balance__PJ__Charcoal.html,sec-Industry__Construction,Construction,direct
chart::charts/esto__14_02__Construction__Energy_balance__PJ__Electricity.html,Industry > Construction,esto__14_02__Construction,Energy balance (PJ),Electricity,charts/esto__14_02__Construction__Energy_balance__PJ__Electricity.html,sec-Industry__Construction,Construction,direct
chart::charts/esto__14_02__Construction__Energy_balance__PJ__Fuelwood___woodwaste.html,Industry > Construction,esto__14_02__Construction,Energy balance (PJ),Fuelwood & woodwaste,charts/esto__14_02__Construction__Energy_balance__PJ__Fuelwood___woodwaste.html,sec-Industry__Construction,Construction,direct
chart::charts/esto__14_02__Construction__Energy_balance__PJ__Gas_diesel_oil.html,Industry > Construction,esto__14_02__Construction,Energy balance (PJ),Gas/diesel oil,charts/esto__14_02__Construction__Energy_balance__PJ__Gas_diesel_oil.html,sec-Industry__Construction,Construction,direct
chart::charts/esto__14_02__Construction__Energy_balance__PJ__Industrial_waste.html,Industry > Construction,esto__14_02__Construction,Energy balance (PJ),Industrial waste,charts/esto__14_02__Construction__Energy_balance__PJ__Industrial_waste.html,sec-Industry__Construction,Construction,direct
chart::charts/esto__14_02__Construction__Energy_balance__PJ__LPG.html,Industry > Construction,esto__14_02__Construction,Energy balance (PJ),LPG,charts/esto__14_02__Construction__Energy_balance__PJ__LPG.html,sec-Industry__Construction,Construction,direct
chart::charts/esto__14_02__Construction__Energy_balance__PJ__Municipal_solid_waste__non-renewable.html,Industry > Construction,esto__14_02__Construction,Energy balance (PJ),Municipal solid waste (non-renewable),charts/esto__14_02__Construction__Energy_balance__PJ__Municipal_solid_waste__non-renewable.html,sec-Industry__Construction,Construction,direct
chart::charts/esto__14_02__Construction__Energy_balance__PJ__Municipal_solid_waste__renewable.html,Industry > Construction,esto__14_02__Construction,Energy balance (PJ),Municipal solid waste (renewable),charts/esto__14_02__Construction__Energy_balance__PJ__Municipal_solid_waste__renewable.html,sec-Industry__Construction,Construction,direct
chart::charts/esto__14_02__Construction__Energy_balance__PJ__Natural_gas.html,Industry > Construction,esto__14_02__Construction,Energy balance (PJ),Natural gas,charts/esto__14_02__Construction__Energy_balance__PJ__Natural_gas.html,sec-Industry__Construction,Construction,direct
chart::charts/esto__14_02__Construction__Energy_balance__PJ__Other_biomass.html,Industry > Construction,esto__14_02__Construction,Energy balance (PJ),Other biomass,charts/esto__14_02__Construction__Energy_balance__PJ__Other_biomass.html,sec-Industry__Construction,Construction,direct
chart::charts/esto__14_02__Construction__Energy_balance__PJ__Other_liquid_biofuels.html,Industry > Construction,esto__14_02__Construction,Energy balance (PJ),Other liquid biofuels,charts/esto__14_02__Construction__Energy_balance__PJ__Other_liquid_biofuels.html,sec-Industry__Construction,Construction,direct
chart::charts/esto__14_02__Construction__Energy_balance__PJ__Other_sources.html,Industry > Construction,esto__14_02__Construction,Energy balance (PJ),Other sources,charts/esto__14_02__Construction__Energy_balance__PJ__Other_sources.html,sec-Industry__Construction,Construction,direct
chart::charts/esto__14_02__Construction__Energy_balance__PJ__Others.html,Industry > Construction,esto__14_02__Construction,Energy balance (PJ),Others,charts/esto__14_02__Construction__Energy_balance__PJ__Others.html,sec-Industry__Construction,Construction,direct
chart::charts/esto__14_02__Construction__Energy_balance__PJ__Solid_biomass.html,Industry > Construction,esto__14_02__Construction,Energy balance (PJ),Solid biomass,charts/esto__14_02__Construction__Energy_balance__PJ__Solid_biomass.html,sec-Industry__Construction,Construction,direct
chart::charts/aggregate__Industry_sector__Manufacturing__Energy_balance__PJ__Total.html,Industry > Manufacturing,Manufacturing,Energy balance (PJ),Total,charts/aggregate__Industry_sector__Manufacturing__Energy_balance__PJ__Total.html,sec-Industry_sector__Manufacturing,Manufacturing,aggregate
chart::charts/esto__14_03_02__Chemical__incl__petrochemical__Energy_balance__PJ__Anthracite.html,Industry > Manufacturing > Chemical (incl. petrochemical),esto__14_03_02__Chemical__incl__petrochemical,Energy balance (PJ),Anthracite,charts/esto__14_03_02__Chemical__incl__petrochemical__Energy_balance__PJ__Anthracite.html,sec-Industry__Manufacturing__Chemical__incl__petrochemical,Chemical (incl. petrochemical),direct
chart::charts/esto__14_03_02__Chemical__incl__petrochemical__Energy_balance__PJ__Aviation_gasoline.html,Industry > Manufacturing > Chemical (incl. petrochemical),esto__14_03_02__Chemical__incl__petrochemical,Energy balance (PJ),Aviation gasoline,charts/esto__14_03_02__Chemical__incl__petrochemical__Energy_balance__PJ__Aviation_gasoline.html,sec-Industry__Manufacturing__Chemical__incl__petrochemical,Chemical (incl. petrochemical),direct
chart::charts/esto__14_03_02__Chemical__incl__petrochemical__Energy_balance__PJ__Bagasse.html,Industry > Manufacturing > Chemical (incl. petrochemical),esto__14_03_02__Chemical__incl__petrochemical,Energy balance (PJ),Bagasse,charts/esto__14_03_02__Chemical__incl__petrochemical__Energy_balance__PJ__Bagasse.html,sec-Industry__Manufacturing__Chemical__incl__petrochemical,Chemical (incl. petrochemical),direct
chart::charts/esto__14_03_02__Chemical__incl__petrochemical__Energy_balance__PJ__Bio_jet_kerosene.html,Industry > Manufacturing > Chemical (incl. petrochemical),esto__14_03_02__Chemical__incl__petrochemical,Energy balance (PJ),Bio jet kerosene,charts/esto__14_03_02__Chemical__incl__petrochemical__Energy_balance__PJ__Bio_jet_kerosene.html,sec-Industry__Manufacturing__Chemical__incl__petrochemical,Chemical (incl. petrochemical),direct
chart::charts/esto__14_03_02__Chemical__incl__petrochemical__Energy_balance__PJ__Biodiesel.html,Industry > Manufacturing > Chemical (incl. petrochemical),esto__14_03_02__Chemical__incl__petrochemical,Energy balance (PJ),Biodiesel,charts/esto__14_03_02__Chemical__incl__petrochemical__Energy_balance__PJ__Biodiesel.html,sec-Industry__Manufacturing__Chemical__incl__petrochemical,Chemical (incl. petrochemical),direct
chart::charts/esto__14_03_02__Chemical__incl__petrochemical__Energy_balance__PJ__Biogas.html,Industry > Manufacturing > Chemical (incl. petrochemical),esto__14_03_02__Chemical__incl__petrochemical,Energy balance (PJ),Biogas,charts/esto__14_03_02__Chemical__incl__petrochemical__Energy_balance__PJ__Biogas.html,sec-Industry__Manufacturing__Chemical__incl__petrochemical,Chemical (incl. petrochemical),direct
chart::charts/esto__14_03_02__Chemical__incl__petrochemical__Energy_balance__PJ__Biogasoline.html,Industry > Manufacturing > Chemical (incl. petrochemical),esto__14_03_02__Chemical__incl__petrochemical,Energy balance (PJ),Biogasoline,charts/esto__14_03_02__Chemical__incl__petrochemical__Energy_balance__PJ__Biogasoline.html,sec-Industry__Manufacturing__Chemical__incl__petrochemical,Chemical (incl. petrochemical),direct
chart::charts/esto__14_03_02__Chemical__incl__petrochemical__Energy_balance__PJ__Bitumen.html,Industry > Manufacturing > Chemical (incl. petrochemical),esto__14_03_02__Chemical__incl__petrochemical,Energy balance (PJ),Bitumen,charts/esto__14_03_02__Chemical__incl__petrochemical__Energy_balance__PJ__Bitumen.html,sec-Industry__Manufacturing__Chemical__incl__petrochemical,Chemical (incl. petrochemical),direct
chart::charts/esto__14_03_02__Chemical__incl__petrochemical__Energy_balance__PJ__Black_liqour.html,Industry > Manufacturing > Chemical (incl. petrochemical),esto__14_03_02__Chemical__incl__petrochemical,Energy balance (PJ),Black liqour,charts/esto__14_03_02__Chemical__incl__petrochemical__Energy_balance__PJ__Black_liqour.html,sec-Industry__Manufacturing__Chemical__incl__petrochemical,Chemical (incl. petrochemical),direct
chart::charts/esto__14_03_02__Chemical__incl__petrochemical__Energy_balance__PJ__Charcoal.html,Industry > Manufacturing > Chemical (incl. petrochemical),esto__14_03_02__Chemical__incl__petrochemical,Energy balance (PJ),Charcoal,charts/esto__14_03_02__Chemical__incl__petrochemical__Energy_balance__PJ__Charcoal.html,sec-Industry__Manufacturing__Chemical__incl__petrochemical,Chemical (incl. petrochemical),direct
chart::charts/esto__14_03_02__Chemical__incl__petrochemical__Energy_balance__PJ__Coal_nonspecified.html,Industry > Manufacturing > Chemical (incl. petrochemical),esto__14_03_02__Chemical__incl__petrochemical,Energy balance (PJ),Coal nonspecified,charts/esto__14_03_02__Chemical__incl__petrochemical__Energy_balance__PJ__Coal_nonspecified.html,sec-Industry__Manufacturing__Chemical__incl__petrochemical,Chemical (incl. petrochemical),direct
chart::charts/esto__14_03_02__Chemical__incl__petrochemical__Energy_balance__PJ__Electricity.html,Industry > Manufacturing > Chemical (incl. petrochemical),esto__14_03_02__Chemical__incl__petrochemical,Energy balance (PJ),Electricity,charts/esto__14_03_02__Chemical__incl__petrochemical__Energy_balance__PJ__Electricity.html,sec-Industry__Manufacturing__Chemical__incl__petrochemical,Chemical (incl. petrochemical),direct
chart::charts/esto__14_03_02__Chemical__incl__petrochemical__Energy_balance__PJ__Ethane.html,Industry > Manufacturing > Chemical (incl. petrochemical),esto__14_03_02__Chemical__incl__petrochemical,Energy balance (PJ),Ethane,charts/esto__14_03_02__Chemical__incl__petrochemical__Energy_balance__PJ__Ethane.html,sec-Industry__Manufacturing__Chemical__incl__petrochemical,Chemical (incl. petrochemical),direct
chart::charts/esto__14_03_02__Chemical__incl__petrochemical__Energy_balance__PJ__Fuel_oil.html,Industry > Manufacturing > Chemical (incl. petrochemical),esto__14_03_02__Chemical__incl__petrochemical,Energy balance (PJ),Fuel oil,charts/esto__14_03_02__Chemical__incl__petrochemical__Energy_balance__PJ__Fuel_oil.html,sec-Industry__Manufacturing__Chemical__incl__petrochemical,Chemical (incl. petrochemical),direct
chart::charts/esto__14_03_02__Chemical__incl__petrochemical__Energy_balance__PJ__Fuelwood___woodwaste.html,Industry > Manufacturing > Chemical (incl. petrochemical),esto__14_03_02__Chemical__incl__petrochemical,Energy balance (PJ),Fuelwood & woodwaste,charts/esto__14_03_02__Chemical__incl__petrochemical__Energy_balance__PJ__Fuelwood___woodwaste.html,sec-Industry__Manufacturing__Chemical__incl__petrochemical,Chemical (incl. petrochemical),direct
chart::charts/esto__14_03_02__Chemical__incl__petrochemical__Energy_balance__PJ__Gas_diesel_oil.html,Industry > Manufacturing > Chemical (incl. petrochemical),esto__14_03_02__Chemical__incl__petrochemical,Energy balance (PJ),Gas/diesel oil,charts/esto__14_03_02__Chemical__incl__petrochemical__Energy_balance__PJ__Gas_diesel_oil.html,sec-Industry__Manufacturing__Chemical__incl__petrochemical,Chemical (incl. petrochemical),direct
chart::charts/esto__14_03_02__Chemical__incl__petrochemical__Energy_balance__PJ__Gasoline_type_jet_fuel.html,Industry > Manufacturing > Chemical (incl. petrochemical),esto__14_03_02__Chemical__incl__petrochemical,Energy balance (PJ),Gasoline type jet fuel,charts/esto__14_03_02__Chemical__incl__petrochemical__Energy_balance__PJ__Gasoline_type_jet_fuel.html,sec-Industry__Manufacturing__Chemical__incl__petrochemical,Chemical (incl. petrochemical),direct
chart::charts/esto__14_03_02__Chemical__incl__petrochemical__Energy_balance__PJ__Heat.html,Industry > Manufacturing > Chemical (incl. petrochemical),esto__14_03_02__Chemical__incl__petrochemical,Energy balance (PJ),Heat,charts/esto__14_03_02__Chemical__incl__petrochemical__Energy_balance__PJ__Heat.html,sec-Industry__Manufacturing__Chemical__incl__petrochemical,Chemical (incl. petrochemical),direct
chart::charts/esto__14_03_02__Chemical__incl__petrochemical__Energy_balance__PJ__Industrial_waste.html,Industry > Manufacturing > Chemical (incl. petrochemical),esto__14_03_02__Chemical__incl__petrochemical,Energy balance (PJ),Industrial waste,charts/esto__14_03_02__Chemical__incl__petrochemical__Energy_balance__PJ__Industrial_waste.html,sec-Industry__Manufacturing__Chemical__incl__petrochemical,Chemical (incl. petrochemical),direct
chart::charts/esto__14_03_02__Chemical__incl__petrochemical__Energy_balance__PJ__Kerosene.html,Industry > Manufacturing > Chemical (incl. petrochemical),esto__14_03_02__Chemical__incl__petrochemical,Energy balance (PJ),Kerosene,charts/esto__14_03_02__Chemical__incl__petrochemical__Energy_balance__PJ__Kerosene.html,sec-Industry__Manufacturing__Chemical__incl__petrochemical,Chemical (incl. petrochemical),direct
chart::charts/esto__14_03_02__Chemical__incl__petrochemical__Energy_balance__PJ__Kerosene_type_jet_fuel.html,Industry > Manufacturing > Chemical (incl. petrochemical),esto__14_03_02__Chemical__incl__petrochemical,Energy balance (PJ),Kerosene type jet fuel,charts/esto__14_03_02__Chemical__incl__petrochemical__Energy_balance__PJ__Kerosene_type_jet_fuel.html,sec-Industry__Manufacturing__Chemical__incl__petrochemical,Chemical (incl. petrochemical),direct
chart::charts/esto__14_03_02__Chemical__incl__petrochemical__Energy_balance__PJ__LPG.html,Industry > Manufacturing > Chemical (incl. petrochemical),esto__14_03_02__Chemical__incl__petrochemical,Energy balance (PJ),LPG,charts/esto__14_03_02__Chemical__incl__petrochemical__Energy_balance__PJ__LPG.html,sec-Industry__Manufacturing__Chemical__incl__petrochemical,Chemical (incl. petrochemical),direct
chart::charts/esto__14_03_02__Chemical__incl__petrochemical__Energy_balance__PJ__Lignite.html,Industry > Manufacturing > Chemical (incl. petrochemical),esto__14_03_02__Chemical__incl__petrochemical,Energy balance (PJ),Lignite,charts/esto__14_03_02__Chemical__incl__petrochemical__Energy_balance__PJ__Lignite.html,sec-Industry__Manufacturing__Chemical__incl__petrochemical,Chemical (incl. petrochemical),direct
chart::charts/esto__14_03_02__Chemical__incl__petrochemical__Energy_balance__PJ__Lubricants.html,Industry > Manufacturing > Chemical (incl. petrochemical),esto__14_03_02__Chemical__incl__petrochemical,Energy balance (PJ),Lubricants,charts/esto__14_03_02__Chemical__incl__petrochemical__Energy_balance__PJ__Lubricants.html,sec-Industry__Manufacturing__Chemical__incl__petrochemical,Chemical (incl. petrochemical),direct
chart::charts/esto__14_03_02__Chemical__incl__petrochemical__Energy_balance__PJ__Municipal_solid_waste__non-renewable.html,Industry > Manufacturing > Chemical (incl. petrochemical),esto__14_03_02__Chemical__incl__petrochemical,Energy balance (PJ),Municipal solid waste (non-renewable),charts/esto__14_03_02__Chemical__incl__petrochemical__Energy_balance__PJ__Municipal_solid_waste__non-renewable.html,sec-Industry__Manufacturing__Chemical__incl__petrochemical,Chemical (incl. petrochemical),direct
chart::charts/esto__14_03_02__Chemical__incl__petrochemical__Energy_balance__PJ__Municipal_solid_waste__renewable.html,Industry > Manufacturing > Chemical (incl. petrochemical),esto__14_03_02__Chemical__incl__petrochemical,Energy balance (PJ),Municipal solid waste (renewable),charts/esto__14_03_02__Chemical__incl__petrochemical__Energy_balance__PJ__Municipal_solid_waste__renewable.html,sec-Industry__Manufacturing__Chemical__incl__petrochemical,Chemical (incl. petrochemical),direct
chart::charts/esto__14_03_02__Chemical__incl__petrochemical__Energy_balance__PJ__Naphtha.html,Industry > Manufacturing > Chemical (incl. petrochemical),esto__14_03_02__Chemical__incl__petrochemical,Energy balance (PJ),Naphtha,charts/esto__14_03_02__Chemical__incl__petrochemical__Energy_balance__PJ__Naphtha.html,sec-Industry__Manufacturing__Chemical__incl__petrochemical,Chemical (incl. petrochemical),direct
chart::charts/esto__14_03_02__Chemical__incl__petrochemical__Energy_balance__PJ__Natural_gas.html,Industry > Manufacturing > Chemical (incl. petrochemical),esto__14_03_02__Chemical__incl__petrochemical,Energy balance (PJ),Natural gas,charts/esto__14_03_02__Chemical__incl__petrochemical__Energy_balance__PJ__Natural_gas.html,sec-Industry__Manufacturing__Chemical__incl__petrochemical,Chemical (incl. petrochemical),direct
chart::charts/esto__14_03_02__Chemical__incl__petrochemical__Energy_balance__PJ__Other_biomass.html,Industry > Manufacturing > Chemical (incl. petrochemical),esto__14_03_02__Chemical__incl__petrochemical,Energy balance (PJ),Other biomass,charts/esto__14_03_02__Chemical__incl__petrochemical__Energy_balance__PJ__Other_biomass.html,sec-Industry__Manufacturing__Chemical__incl__petrochemical,Chemical (incl. petrochemical),direct
chart::charts/esto__14_03_02__Chemical__incl__petrochemical__Energy_balance__PJ__Other_bituminous_coal.html,Industry > Manufacturing > Chemical (incl. petrochemical),esto__14_03_02__Chemical__incl__petrochemical,Energy balance (PJ),Other bituminous coal,charts/esto__14_03_02__Chemical__incl__petrochemical__Energy_balance__PJ__Other_bituminous_coal.html,sec-Industry__Manufacturing__Chemical__incl__petrochemical,Chemical (incl. petrochemical),direct
chart::charts/esto__14_03_02__Chemical__incl__petrochemical__Energy_balance__PJ__Other_liquid_biofuels.html,Industry > Manufacturing > Chemical (incl. petrochemical),esto__14_03_02__Chemical__incl__petrochemical,Energy balance (PJ),Other liquid biofuels,charts/esto__14_03_02__Chemical__incl__petrochemical__Energy_balance__PJ__Other_liquid_biofuels.html,sec-Industry__Manufacturing__Chemical__incl__petrochemical,Chemical (incl. petrochemical),direct
chart::charts/esto__14_03_02__Chemical__incl__petrochemical__Energy_balance__PJ__Other_products.html,Industry > Manufacturing > Chemical (incl. petrochemical),esto__14_03_02__Chemical__incl__petrochemical,Energy balance (PJ),Other products,charts/esto__14_03_02__Chemical__incl__petrochemical__Energy_balance__PJ__Other_products.html,sec-Industry__Manufacturing__Chemical__incl__petrochemical,Chemical (incl. petrochemical),direct
chart::charts/esto__14_03_02__Chemical__incl__petrochemical__Energy_balance__PJ__Other_sources.html,Industry > Manufacturing > Chemical (incl. petrochemical),esto__14_03_02__Chemical__incl__petrochemical,Energy balance (PJ),Other sources,charts/esto__14_03_02__Chemical__incl__petrochemical__Energy_balance__PJ__Other_sources.html,sec-Industry__Manufacturing__Chemical__incl__petrochemical,Chemical (incl. petrochemical),direct
chart::charts/esto__14_03_02__Chemical__incl__petrochemical__Energy_balance__PJ__Others.html,Industry > Manufacturing > Chemical (incl. petrochemical),esto__14_03_02__Chemical__incl__petrochemical,Energy balance (PJ),Others,charts/esto__14_03_02__Chemical__incl__petrochemical__Energy_balance__PJ__Others.html,sec-Industry__Manufacturing__Chemical__incl__petrochemical,Chemical (incl. petrochemical),direct
chart::charts/esto__14_03_02__Chemical__incl__petrochemical__Energy_balance__PJ__Paraffin_waxes.html,Industry > Manufacturing > Chemical (incl. petrochemical),esto__14_03_02__Chemical__incl__petrochemical,Energy balance (PJ),Paraffin waxes,charts/esto__14_03_02__Chemical__incl__petrochemical__Energy_balance__PJ__Paraffin_waxes.html,sec-Industry__Manufacturing__Chemical__incl__petrochemical,Chemical (incl. petrochemical),direct
chart::charts/esto__14_03_02__Chemical__incl__petrochemical__Energy_balance__PJ__PetProd_nonspecified.html,Industry > Manufacturing > Chemical (incl. petrochemical),esto__14_03_02__Chemical__incl__petrochemical,Energy balance (PJ),PetProd nonspecified,charts/esto__14_03_02__Chemical__incl__petrochemical__Energy_balance__PJ__PetProd_nonspecified.html,sec-Industry__Manufacturing__Chemical__incl__petrochemical,Chemical (incl. petrochemical),direct
chart::charts/esto__14_03_02__Chemical__incl__petrochemical__Energy_balance__PJ__Petroleum_coke.html,Industry > Manufacturing > Chemical (incl. petrochemical),esto__14_03_02__Chemical__incl__petrochemical,Energy balance (PJ),Petroleum coke,charts/esto__14_03_02__Chemical__incl__petrochemical__Energy_balance__PJ__Petroleum_coke.html,sec-Industry__Manufacturing__Chemical__incl__petrochemical,Chemical (incl. petrochemical),direct
chart::charts/esto__14_03_02__Chemical__incl__petrochemical__Energy_balance__PJ__Refinery_gas__not_liquefied.html,Industry > Manufacturing > Chemical (incl. petrochemical),esto__14_03_02__Chemical__incl__petrochemical,Energy balance (PJ),Refinery gas (not liquefied),charts/esto__14_03_02__Chemical__incl__petrochemical__Energy_balance__PJ__Refinery_gas__not_liquefied.html,sec-Industry__Manufacturing__Chemical__incl__petrochemical,Chemical (incl. petrochemical),direct
chart::charts/esto__14_03_02__Chemical__incl__petrochemical__Energy_balance__PJ__Solid_biomass.html,Industry > Manufacturing > Chemical (incl. petrochemical),esto__14_03_02__Chemical__incl__petrochemical,Energy balance (PJ),Solid biomass,charts/esto__14_03_02__Chemical__incl__petrochemical__Energy_balance__PJ__Solid_biomass.html,sec-Industry__Manufacturing__Chemical__incl__petrochemical,Chemical (incl. petrochemical),direct
chart::charts/esto__14_03_02__Chemical__incl__petrochemical__Energy_balance__PJ__Sub-bituminous_coal.html,Industry > Manufacturing > Chemical (incl. petrochemical),esto__14_03_02__Chemical__incl__petrochemical,Energy balance (PJ),Sub-bituminous coal,charts/esto__14_03_02__Chemical__incl__petrochemical__Energy_balance__PJ__Sub-bituminous_coal.html,sec-Industry__Manufacturing__Chemical__incl__petrochemical,Chemical (incl. petrochemical),direct
chart::charts/esto__14_03_02__Chemical__incl__petrochemical__Energy_balance__PJ__White_spirit_SBP.html,Industry > Manufacturing > Chemical (incl. petrochemical),esto__14_03_02__Chemical__incl__petrochemical,Energy balance (PJ),White spirit SBP,charts/esto__14_03_02__Chemical__incl__petrochemical__Energy_balance__PJ__White_spirit_SBP.html,sec-Industry__Manufacturing__Chemical__incl__petrochemical,Chemical (incl. petrochemical),direct
chart::charts/esto__14_03_07__Food__beverages_and_tobacco__Energy_balance__PJ__Anthracite.html,"Industry > Manufacturing > Food, beverages and tobacco",esto__14_03_07__Food__beverages_and_tobacco,Energy balance (PJ),Anthracite,charts/esto__14_03_07__Food__beverages_and_tobacco__Energy_balance__PJ__Anthracite.html,sec-Industry__Manufacturing__Food__beverages_and_tobacco,"Food, beverages and tobacco",direct
chart::charts/esto__14_03_07__Food__beverages_and_tobacco__Energy_balance__PJ__Bagasse.html,"Industry > Manufacturing > Food, beverages and tobacco",esto__14_03_07__Food__beverages_and_tobacco,Energy balance (PJ),Bagasse,charts/esto__14_03_07__Food__beverages_and_tobacco__Energy_balance__PJ__Bagasse.html,sec-Industry__Manufacturing__Food__beverages_and_tobacco,"Food, beverages and tobacco",direct
chart::charts/esto__14_03_07__Food__beverages_and_tobacco__Energy_balance__PJ__Bio_jet_kerosene.html,"Industry > Manufacturing > Food, beverages and tobacco",esto__14_03_07__Food__beverages_and_tobacco,Energy balance (PJ),Bio jet kerosene,charts/esto__14_03_07__Food__beverages_and_tobacco__Energy_balance__PJ__Bio_jet_kerosene.html,sec-Industry__Manufacturing__Food__beverages_and_tobacco,"Food, beverages and tobacco",direct
chart::charts/esto__14_03_07__Food__beverages_and_tobacco__Energy_balance__PJ__Biodiesel.html,"Industry > Manufacturing > Food, beverages and tobacco",esto__14_03_07__Food__beverages_and_tobacco,Energy balance (PJ),Biodiesel,charts/esto__14_03_07__Food__beverages_and_tobacco__Energy_balance__PJ__Biodiesel.html,sec-Industry__Manufacturing__Food__beverages_and_tobacco,"Food, beverages and tobacco",direct
chart::charts/esto__14_03_07__Food__beverages_and_tobacco__Energy_balance__PJ__Biogas.html,"Industry > Manufacturing > Food, beverages and tobacco",esto__14_03_07__Food__beverages_and_tobacco,Energy balance (PJ),Biogas,charts/esto__14_03_07__Food__beverages_and_tobacco__Energy_balance__PJ__Biogas.html,sec-Industry__Manufacturing__Food__beverages_and_tobacco,"Food, beverages and tobacco",direct
chart::charts/esto__14_03_07__Food__beverages_and_tobacco__Energy_balance__PJ__Biogasoline.html,"Industry > Manufacturing > Food, beverages and tobacco",esto__14_03_07__Food__beverages_and_tobacco,Energy balance (PJ),Biogasoline,charts/esto__14_03_07__Food__beverages_and_tobacco__Energy_balance__PJ__Biogasoline.html,sec-Industry__Manufacturing__Food__beverages_and_tobacco,"Food, beverages and tobacco",direct
chart::charts/esto__14_03_07__Food__beverages_and_tobacco__Energy_balance__PJ__Black_liqour.html,"Industry > Manufacturing > Food, beverages and tobacco",esto__14_03_07__Food__beverages_and_tobacco,Energy balance (PJ),Black liqour,charts/esto__14_03_07__Food__beverages_and_tobacco__Energy_balance__PJ__Black_liqour.html,sec-Industry__Manufacturing__Food__beverages_and_tobacco,"Food, beverages and tobacco",direct
chart::charts/esto__14_03_07__Food__beverages_and_tobacco__Energy_balance__PJ__Charcoal.html,"Industry > Manufacturing > Food, beverages and tobacco",esto__14_03_07__Food__beverages_and_tobacco,Energy balance (PJ),Charcoal,charts/esto__14_03_07__Food__beverages_and_tobacco__Energy_balance__PJ__Charcoal.html,sec-Industry__Manufacturing__Food__beverages_and_tobacco,"Food, beverages and tobacco",direct
chart::charts/esto__14_03_07__Food__beverages_and_tobacco__Energy_balance__PJ__Coal_nonspecified.html,"Industry > Manufacturing > Food, beverages and tobacco",esto__14_03_07__Food__beverages_and_tobacco,Energy balance (PJ),Coal nonspecified,charts/esto__14_03_07__Food__beverages_and_tobacco__Energy_balance__PJ__Coal_nonspecified.html,sec-Industry__Manufacturing__Food__beverages_and_tobacco,"Food, beverages and tobacco",direct
chart::charts/esto__14_03_07__Food__beverages_and_tobacco__Energy_balance__PJ__Electricity.html,"Industry > Manufacturing > Food, beverages and tobacco",esto__14_03_07__Food__beverages_and_tobacco,Energy balance (PJ),Electricity,charts/esto__14_03_07__Food__beverages_and_tobacco__Energy_balance__PJ__Electricity.html,sec-Industry__Manufacturing__Food__beverages_and_tobacco,"Food, beverages and tobacco",direct
chart::charts/esto__14_03_07__Food__beverages_and_tobacco__Energy_balance__PJ__Fuel_oil.html,"Industry > Manufacturing > Food, beverages and tobacco",esto__14_03_07__Food__beverages_and_tobacco,Energy balance (PJ),Fuel oil,charts/esto__14_03_07__Food__beverages_and_tobacco__Energy_balance__PJ__Fuel_oil.html,sec-Industry__Manufacturing__Food__beverages_and_tobacco,"Food, beverages and tobacco",direct
chart::charts/esto__14_03_07__Food__beverages_and_tobacco__Energy_balance__PJ__Fuelwood___woodwaste.html,"Industry > Manufacturing > Food, beverages and tobacco",esto__14_03_07__Food__beverages_and_tobacco,Energy balance (PJ),Fuelwood & woodwaste,charts/esto__14_03_07__Food__beverages_and_tobacco__Energy_balance__PJ__Fuelwood___woodwaste.html,sec-Industry__Manufacturing__Food__beverages_and_tobacco,"Food, beverages and tobacco",direct
chart::charts/esto__14_03_07__Food__beverages_and_tobacco__Energy_balance__PJ__Gas_diesel_oil.html,"Industry > Manufacturing > Food, beverages and tobacco",esto__14_03_07__Food__beverages_and_tobacco,Energy balance (PJ),Gas/diesel oil,charts/esto__14_03_07__Food__beverages_and_tobacco__Energy_balance__PJ__Gas_diesel_oil.html,sec-Industry__Manufacturing__Food__beverages_and_tobacco,"Food, beverages and tobacco",direct
chart::charts/esto__14_03_07__Food__beverages_and_tobacco__Energy_balance__PJ__Heat.html,"Industry > Manufacturing > Food, beverages and tobacco",esto__14_03_07__Food__beverages_and_tobacco,Energy balance (PJ),Heat,charts/esto__14_03_07__Food__beverages_and_tobacco__Energy_balance__PJ__Heat.html,sec-Industry__Manufacturing__Food__beverages_and_tobacco,"Food, beverages and tobacco",direct
chart::charts/esto__14_03_07__Food__beverages_and_tobacco__Energy_balance__PJ__Industrial_waste.html,"Industry > Manufacturing > Food, beverages and tobacco",esto__14_03_07__Food__beverages_and_tobacco,Energy balance (PJ),Industrial waste,charts/esto__14_03_07__Food__beverages_and_tobacco__Energy_balance__PJ__Industrial_waste.html,sec-Industry__Manufacturing__Food__beverages_and_tobacco,"Food, beverages and tobacco",direct
chart::charts/esto__14_03_07__Food__beverages_and_tobacco__Energy_balance__PJ__LPG.html,"Industry > Manufacturing > Food, beverages and tobacco",esto__14_03_07__Food__beverages_and_tobacco,Energy balance (PJ),LPG,charts/esto__14_03_07__Food__beverages_and_tobacco__Energy_balance__PJ__LPG.html,sec-Industry__Manufacturing__Food__beverages_and_tobacco,"Food, beverages and tobacco",direct
chart::charts/esto__14_03_07__Food__beverages_and_tobacco__Energy_balance__PJ__Lignite.html,"Industry > Manufacturing > Food, beverages and tobacco",esto__14_03_07__Food__beverages_and_tobacco,Energy balance (PJ),Lignite,charts/esto__14_03_07__Food__beverages_and_tobacco__Energy_balance__PJ__Lignite.html,sec-Industry__Manufacturing__Food__beverages_and_tobacco,"Food, beverages and tobacco",direct
chart::charts/esto__14_03_07__Food__beverages_and_tobacco__Energy_balance__PJ__Municipal_solid_waste__non-renewable.html,"Industry > Manufacturing > Food, beverages and tobacco",esto__14_03_07__Food__beverages_and_tobacco,Energy balance (PJ),Municipal solid waste (non-renewable),charts/esto__14_03_07__Food__beverages_and_tobacco__Energy_balance__PJ__Municipal_solid_waste__non-renewable.html,sec-Industry__Manufacturing__Food__beverages_and_tobacco,"Food, beverages and tobacco",direct
chart::charts/esto__14_03_07__Food__beverages_and_tobacco__Energy_balance__PJ__Municipal_solid_waste__renewable.html,"Industry > Manufacturing > Food, beverages and tobacco",esto__14_03_07__Food__beverages_and_tobacco,Energy balance (PJ),Municipal solid waste (renewable),charts/esto__14_03_07__Food__beverages_and_tobacco__Energy_balance__PJ__Municipal_solid_waste__renewable.html,sec-Industry__Manufacturing__Food__beverages_and_tobacco,"Food, beverages and tobacco",direct
chart::charts/esto__14_03_07__Food__beverages_and_tobacco__Energy_balance__PJ__Natural_gas.html,"Industry > Manufacturing > Food, beverages and tobacco",esto__14_03_07__Food__beverages_and_tobacco,Energy balance (PJ),Natural gas,charts/esto__14_03_07__Food__beverages_and_tobacco__Energy_balance__PJ__Natural_gas.html,sec-Industry__Manufacturing__Food__beverages_and_tobacco,"Food, beverages and tobacco",direct
chart::charts/esto__14_03_07__Food__beverages_and_tobacco__Energy_balance__PJ__Other_biomass.html,"Industry > Manufacturing > Food, beverages and tobacco",esto__14_03_07__Food__beverages_and_tobacco,Energy balance (PJ),Other biomass,charts/esto__14_03_07__Food__beverages_and_tobacco__Energy_balance__PJ__Other_biomass.html,sec-Industry__Manufacturing__Food__beverages_and_tobacco,"Food, beverages and tobacco",direct
chart::charts/esto__14_03_07__Food__beverages_and_tobacco__Energy_balance__PJ__Other_bituminous_coal.html,"Industry > Manufacturing > Food, beverages and tobacco",esto__14_03_07__Food__beverages_and_tobacco,Energy balance (PJ),Other bituminous coal,charts/esto__14_03_07__Food__beverages_and_tobacco__Energy_balance__PJ__Other_bituminous_coal.html,sec-Industry__Manufacturing__Food__beverages_and_tobacco,"Food, beverages and tobacco",direct
chart::charts/esto__14_03_07__Food__beverages_and_tobacco__Energy_balance__PJ__Other_liquid_biofuels.html,"Industry > Manufacturing > Food, beverages and tobacco",esto__14_03_07__Food__beverages_and_tobacco,Energy balance (PJ),Other liquid biofuels,charts/esto__14_03_07__Food__beverages_and_tobacco__Energy_balance__PJ__Other_liquid_biofuels.html,sec-Industry__Manufacturing__Food__beverages_and_tobacco,"Food, beverages and tobacco",direct
chart::charts/esto__14_03_07__Food__beverages_and_tobacco__Energy_balance__PJ__Other_sources.html,"Industry > Manufacturing > Food, beverages and tobacco",esto__14_03_07__Food__beverages_and_tobacco,Energy balance (PJ),Other sources,charts/esto__14_03_07__Food__beverages_and_tobacco__Energy_balance__PJ__Other_sources.html,sec-Industry__Manufacturing__Food__beverages_and_tobacco,"Food, beverages and tobacco",direct
chart::charts/esto__14_03_07__Food__beverages_and_tobacco__Energy_balance__PJ__Others.html,"Industry > Manufacturing > Food, beverages and tobacco",esto__14_03_07__Food__beverages_and_tobacco,Energy balance (PJ),Others,charts/esto__14_03_07__Food__beverages_and_tobacco__Energy_balance__PJ__Others.html,sec-Industry__Manufacturing__Food__beverages_and_tobacco,"Food, beverages and tobacco",direct
chart::charts/esto__14_03_07__Food__beverages_and_tobacco__Energy_balance__PJ__Solid_biomass.html,"Industry > Manufacturing > Food, beverages and tobacco",esto__14_03_07__Food__beverages_and_tobacco,Energy balance (PJ),Solid biomass,charts/esto__14_03_07__Food__beverages_and_tobacco__Energy_balance__PJ__Solid_biomass.html,sec-Industry__Manufacturing__Food__beverages_and_tobacco,"Food, beverages and tobacco",direct
chart::charts/esto__14_03_07__Food__beverages_and_tobacco__Energy_balance__PJ__Sub-bituminous_coal.html,"Industry > Manufacturing > Food, beverages and tobacco",esto__14_03_07__Food__beverages_and_tobacco,Energy balance (PJ),Sub-bituminous coal,charts/esto__14_03_07__Food__beverages_and_tobacco__Energy_balance__PJ__Sub-bituminous_coal.html,sec-Industry__Manufacturing__Food__beverages_and_tobacco,"Food, beverages and tobacco",direct
chart::charts/esto__14_03_01__Iron_and_steel__Energy_balance__PJ__Anthracite.html,Industry > Manufacturing > Iron and steel,esto__14_03_01__Iron_and_steel,Energy balance (PJ),Anthracite,charts/esto__14_03_01__Iron_and_steel__Energy_balance__PJ__Anthracite.html,sec-Industry__Manufacturing__Iron_and_steel,Iron and steel,direct
chart::charts/esto__14_03_01__Iron_and_steel__Energy_balance__PJ__BKB_PB.html,Industry > Manufacturing > Iron and steel,esto__14_03_01__Iron_and_steel,Energy balance (PJ),BKB/PB,charts/esto__14_03_01__Iron_and_steel__Energy_balance__PJ__BKB_PB.html,sec-Industry__Manufacturing__Iron_and_steel,Iron and steel,direct
chart::charts/esto__14_03_01__Iron_and_steel__Energy_balance__PJ__Bagasse.html,Industry > Manufacturing > Iron and steel,esto__14_03_01__Iron_and_steel,Energy balance (PJ),Bagasse,charts/esto__14_03_01__Iron_and_steel__Energy_balance__PJ__Bagasse.html,sec-Industry__Manufacturing__Iron_and_steel,Iron and steel,direct
chart::charts/esto__14_03_01__Iron_and_steel__Energy_balance__PJ__Bio_jet_kerosene.html,Industry > Manufacturing > Iron and steel,esto__14_03_01__Iron_and_steel,Energy balance (PJ),Bio jet kerosene,charts/esto__14_03_01__Iron_and_steel__Energy_balance__PJ__Bio_jet_kerosene.html,sec-Industry__Manufacturing__Iron_and_steel,Iron and steel,direct
chart::charts/esto__14_03_01__Iron_and_steel__Energy_balance__PJ__Biodiesel.html,Industry > Manufacturing > Iron and steel,esto__14_03_01__Iron_and_steel,Energy balance (PJ),Biodiesel,charts/esto__14_03_01__Iron_and_steel__Energy_balance__PJ__Biodiesel.html,sec-Industry__Manufacturing__Iron_and_steel,Iron and steel,direct
chart::charts/esto__14_03_01__Iron_and_steel__Energy_balance__PJ__Biogas.html,Industry > Manufacturing > Iron and steel,esto__14_03_01__Iron_and_steel,Energy balance (PJ),Biogas,charts/esto__14_03_01__Iron_and_steel__Energy_balance__PJ__Biogas.html,sec-Industry__Manufacturing__Iron_and_steel,Iron and steel,direct
chart::charts/esto__14_03_01__Iron_and_steel__Energy_balance__PJ__Biogasoline.html,Industry > Manufacturing > Iron and steel,esto__14_03_01__Iron_and_steel,Energy balance (PJ),Biogasoline,charts/esto__14_03_01__Iron_and_steel__Energy_balance__PJ__Biogasoline.html,sec-Industry__Manufacturing__Iron_and_steel,Iron and steel,direct
chart::charts/esto__14_03_01__Iron_and_steel__Energy_balance__PJ__Black_liqour.html,Industry > Manufacturing > Iron and steel,esto__14_03_01__Iron_and_steel,Energy balance (PJ),Black liqour,charts/esto__14_03_01__Iron_and_steel__Energy_balance__PJ__Black_liqour.html,sec-Industry__Manufacturing__Iron_and_steel,Iron and steel,direct
chart::charts/esto__14_03_01__Iron_and_steel__Energy_balance__PJ__Blast_furnace_gas.html,Industry > Manufacturing > Iron and steel,esto__14_03_01__Iron_and_steel,Energy balance (PJ),Blast furnace gas,charts/esto__14_03_01__Iron_and_steel__Energy_balance__PJ__Blast_furnace_gas.html,sec-Industry__Manufacturing__Iron_and_steel,Iron and steel,direct
chart::charts/esto__14_03_01__Iron_and_steel__Energy_balance__PJ__Charcoal.html,Industry > Manufacturing > Iron and steel,esto__14_03_01__Iron_and_steel,Energy balance (PJ),Charcoal,charts/esto__14_03_01__Iron_and_steel__Energy_balance__PJ__Charcoal.html,sec-Industry__Manufacturing__Iron_and_steel,Iron and steel,direct
chart::charts/esto__14_03_01__Iron_and_steel__Energy_balance__PJ__Coal_nonspecified.html,Industry > Manufacturing > Iron and steel,esto__14_03_01__Iron_and_steel,Energy balance (PJ),Coal nonspecified,charts/esto__14_03_01__Iron_and_steel__Energy_balance__PJ__Coal_nonspecified.html,sec-Industry__Manufacturing__Iron_and_steel,Iron and steel,direct
chart::charts/esto__14_03_01__Iron_and_steel__Energy_balance__PJ__Coal_tar.html,Industry > Manufacturing > Iron and steel,esto__14_03_01__Iron_and_steel,Energy balance (PJ),Coal tar,charts/esto__14_03_01__Iron_and_steel__Energy_balance__PJ__Coal_tar.html,sec-Industry__Manufacturing__Iron_and_steel,Iron and steel,direct
chart::charts/esto__14_03_01__Iron_and_steel__Energy_balance__PJ__Coke_oven_coke.html,Industry > Manufacturing > Iron and steel,esto__14_03_01__Iron_and_steel,Energy balance (PJ),Coke oven coke,charts/esto__14_03_01__Iron_and_steel__Energy_balance__PJ__Coke_oven_coke.html,sec-Industry__Manufacturing__Iron_and_steel,Iron and steel,direct
chart::charts/esto__14_03_01__Iron_and_steel__Energy_balance__PJ__Coke_oven_gas.html,Industry > Manufacturing > Iron and steel,esto__14_03_01__Iron_and_steel,Energy balance (PJ),Coke oven gas,charts/esto__14_03_01__Iron_and_steel__Energy_balance__PJ__Coke_oven_gas.html,sec-Industry__Manufacturing__Iron_and_steel,Iron and steel,direct
chart::charts/esto__14_03_01__Iron_and_steel__Energy_balance__PJ__Electricity.html,Industry > Manufacturing > Iron and steel,esto__14_03_01__Iron_and_steel,Energy balance (PJ),Electricity,charts/esto__14_03_01__Iron_and_steel__Energy_balance__PJ__Electricity.html,sec-Industry__Manufacturing__Iron_and_steel,Iron and steel,direct
chart::charts/esto__14_03_01__Iron_and_steel__Energy_balance__PJ__Fuel_oil.html,Industry > Manufacturing > Iron and steel,esto__14_03_01__Iron_and_steel,Energy balance (PJ),Fuel oil,charts/esto__14_03_01__Iron_and_steel__Energy_balance__PJ__Fuel_oil.html,sec-Industry__Manufacturing__Iron_and_steel,Iron and steel,direct
chart::charts/esto__14_03_01__Iron_and_steel__Energy_balance__PJ__Fuelwood___woodwaste.html,Industry > Manufacturing > Iron and steel,esto__14_03_01__Iron_and_steel,Energy balance (PJ),Fuelwood & woodwaste,charts/esto__14_03_01__Iron_and_steel__Energy_balance__PJ__Fuelwood___woodwaste.html,sec-Industry__Manufacturing__Iron_and_steel,Iron and steel,direct
chart::charts/esto__14_03_01__Iron_and_steel__Energy_balance__PJ__Gas_coke.html,Industry > Manufacturing > Iron and steel,esto__14_03_01__Iron_and_steel,Energy balance (PJ),Gas coke,charts/esto__14_03_01__Iron_and_steel__Energy_balance__PJ__Gas_coke.html,sec-Industry__Manufacturing__Iron_and_steel,Iron and steel,direct
chart::charts/esto__14_03_01__Iron_and_steel__Energy_balance__PJ__Gas_diesel_oil.html,Industry > Manufacturing > Iron and steel,esto__14_03_01__Iron_and_steel,Energy balance (PJ),Gas/diesel oil,charts/esto__14_03_01__Iron_and_steel__Energy_balance__PJ__Gas_diesel_oil.html,sec-Industry__Manufacturing__Iron_and_steel,Iron and steel,direct
chart::charts/esto__14_03_01__Iron_and_steel__Energy_balance__PJ__Heat.html,Industry > Manufacturing > Iron and steel,esto__14_03_01__Iron_and_steel,Energy balance (PJ),Heat,charts/esto__14_03_01__Iron_and_steel__Energy_balance__PJ__Heat.html,sec-Industry__Manufacturing__Iron_and_steel,Iron and steel,direct
chart::charts/esto__14_03_01__Iron_and_steel__Energy_balance__PJ__Hydrogen.html,Industry > Manufacturing > Iron and steel,esto__14_03_01__Iron_and_steel,Energy balance (PJ),Hydrogen,charts/esto__14_03_01__Iron_and_steel__Energy_balance__PJ__Hydrogen.html,sec-Industry__Manufacturing__Iron_and_steel,Iron and steel,direct
chart::charts/esto__14_03_01__Iron_and_steel__Energy_balance__PJ__Industrial_waste.html,Industry > Manufacturing > Iron and steel,esto__14_03_01__Iron_and_steel,Energy balance (PJ),Industrial waste,charts/esto__14_03_01__Iron_and_steel__Energy_balance__PJ__Industrial_waste.html,sec-Industry__Manufacturing__Iron_and_steel,Iron and steel,direct
chart::charts/esto__14_03_01__Iron_and_steel__Energy_balance__PJ__LPG.html,Industry > Manufacturing > Iron and steel,esto__14_03_01__Iron_and_steel,Energy balance (PJ),LPG,charts/esto__14_03_01__Iron_and_steel__Energy_balance__PJ__LPG.html,sec-Industry__Manufacturing__Iron_and_steel,Iron and steel,direct
chart::charts/esto__14_03_01__Iron_and_steel__Energy_balance__PJ__Municipal_solid_waste__non-renewable.html,Industry > Manufacturing > Iron and steel,esto__14_03_01__Iron_and_steel,Energy balance (PJ),Municipal solid waste (non-renewable),charts/esto__14_03_01__Iron_and_steel__Energy_balance__PJ__Municipal_solid_waste__non-renewable.html,sec-Industry__Manufacturing__Iron_and_steel,Iron and steel,direct
chart::charts/esto__14_03_01__Iron_and_steel__Energy_balance__PJ__Municipal_solid_waste__renewable.html,Industry > Manufacturing > Iron and steel,esto__14_03_01__Iron_and_steel,Energy balance (PJ),Municipal solid waste (renewable),charts/esto__14_03_01__Iron_and_steel__Energy_balance__PJ__Municipal_solid_waste__renewable.html,sec-Industry__Manufacturing__Iron_and_steel,Iron and steel,direct
chart::charts/esto__14_03_01__Iron_and_steel__Energy_balance__PJ__Natural_gas.html,Industry > Manufacturing > Iron and steel,esto__14_03_01__Iron_and_steel,Energy balance (PJ),Natural gas,charts/esto__14_03_01__Iron_and_steel__Energy_balance__PJ__Natural_gas.html,sec-Industry__Manufacturing__Iron_and_steel,Iron and steel,direct
chart::charts/esto__14_03_01__Iron_and_steel__Energy_balance__PJ__Other_biomass.html,Industry > Manufacturing > Iron and steel,esto__14_03_01__Iron_and_steel,Energy balance (PJ),Other biomass,charts/esto__14_03_01__Iron_and_steel__Energy_balance__PJ__Other_biomass.html,sec-Industry__Manufacturing__Iron_and_steel,Iron and steel,direct
chart::charts/esto__14_03_01__Iron_and_steel__Energy_balance__PJ__Other_bituminous_coal.html,Industry > Manufacturing > Iron and steel,esto__14_03_01__Iron_and_steel,Energy balance (PJ),Other bituminous coal,charts/esto__14_03_01__Iron_and_steel__Energy_balance__PJ__Other_bituminous_coal.html,sec-Industry__Manufacturing__Iron_and_steel,Iron and steel,direct
chart::charts/esto__14_03_01__Iron_and_steel__Energy_balance__PJ__Other_liquid_biofuels.html,Industry > Manufacturing > Iron and steel,esto__14_03_01__Iron_and_steel,Energy balance (PJ),Other liquid biofuels,charts/esto__14_03_01__Iron_and_steel__Energy_balance__PJ__Other_liquid_biofuels.html,sec-Industry__Manufacturing__Iron_and_steel,Iron and steel,direct
chart::charts/esto__14_03_01__Iron_and_steel__Energy_balance__PJ__Other_recovered_gases.html,Industry > Manufacturing > Iron and steel,esto__14_03_01__Iron_and_steel,Energy balance (PJ),Other recovered gases,charts/esto__14_03_01__Iron_and_steel__Energy_balance__PJ__Other_recovered_gases.html,sec-Industry__Manufacturing__Iron_and_steel,Iron and steel,direct
chart::charts/esto__14_03_01__Iron_and_steel__Energy_balance__PJ__Other_sources.html,Industry > Manufacturing > Iron and steel,esto__14_03_01__Iron_and_steel,Energy balance (PJ),Other sources,charts/esto__14_03_01__Iron_and_steel__Energy_balance__PJ__Other_sources.html,sec-Industry__Manufacturing__Iron_and_steel,Iron and steel,direct
chart::charts/esto__14_03_01__Iron_and_steel__Energy_balance__PJ__Others.html,Industry > Manufacturing > Iron and steel,esto__14_03_01__Iron_and_steel,Energy balance (PJ),Others,charts/esto__14_03_01__Iron_and_steel__Energy_balance__PJ__Others.html,sec-Industry__Manufacturing__Iron_and_steel,Iron and steel,direct
chart::charts/esto__14_03_01__Iron_and_steel__Energy_balance__PJ__Patent_fuel.html,Industry > Manufacturing > Iron and steel,esto__14_03_01__Iron_and_steel,Energy balance (PJ),Patent fuel,charts/esto__14_03_01__Iron_and_steel__Energy_balance__PJ__Patent_fuel.html,sec-Industry__Manufacturing__Iron_and_steel,Iron and steel,direct
chart::charts/esto__14_03_01__Iron_and_steel__Energy_balance__PJ__Solid_biomass.html,Industry > Manufacturing > Iron and steel,esto__14_03_01__Iron_and_steel,Energy balance (PJ),Solid biomass,charts/esto__14_03_01__Iron_and_steel__Energy_balance__PJ__Solid_biomass.html,sec-Industry__Manufacturing__Iron_and_steel,Iron and steel,direct
chart::charts/esto__14_03_01__Iron_and_steel__Energy_balance__PJ__Sub-bituminous_coal.html,Industry > Manufacturing > Iron and steel,esto__14_03_01__Iron_and_steel,Energy balance (PJ),Sub-bituminous coal,charts/esto__14_03_01__Iron_and_steel__Energy_balance__PJ__Sub-bituminous_coal.html,sec-Industry__Manufacturing__Iron_and_steel,Iron and steel,direct
chart::charts/esto__14_03_06__Machinery__Energy_balance__PJ__Anthracite.html,Industry > Manufacturing > Machinery,esto__14_03_06__Machinery,Energy balance (PJ),Anthracite,charts/esto__14_03_06__Machinery__Energy_balance__PJ__Anthracite.html,sec-Industry__Manufacturing__Machinery,Machinery,direct
chart::charts/esto__14_03_06__Machinery__Energy_balance__PJ__Aviation_gasoline.html,Industry > Manufacturing > Machinery,esto__14_03_06__Machinery,Energy balance (PJ),Aviation gasoline,charts/esto__14_03_06__Machinery__Energy_balance__PJ__Aviation_gasoline.html,sec-Industry__Manufacturing__Machinery,Machinery,direct
chart::charts/esto__14_03_06__Machinery__Energy_balance__PJ__Bagasse.html,Industry > Manufacturing > Machinery,esto__14_03_06__Machinery,Energy balance (PJ),Bagasse,charts/esto__14_03_06__Machinery__Energy_balance__PJ__Bagasse.html,sec-Industry__Manufacturing__Machinery,Machinery,direct
chart::charts/esto__14_03_06__Machinery__Energy_balance__PJ__Bio_jet_kerosene.html,Industry > Manufacturing > Machinery,esto__14_03_06__Machinery,Energy balance (PJ),Bio jet kerosene,charts/esto__14_03_06__Machinery__Energy_balance__PJ__Bio_jet_kerosene.html,sec-Industry__Manufacturing__Machinery,Machinery,direct
chart::charts/esto__14_03_06__Machinery__Energy_balance__PJ__Biodiesel.html,Industry > Manufacturing > Machinery,esto__14_03_06__Machinery,Energy balance (PJ),Biodiesel,charts/esto__14_03_06__Machinery__Energy_balance__PJ__Biodiesel.html,sec-Industry__Manufacturing__Machinery,Machinery,direct
chart::charts/esto__14_03_06__Machinery__Energy_balance__PJ__Biogas.html,Industry > Manufacturing > Machinery,esto__14_03_06__Machinery,Energy balance (PJ),Biogas,charts/esto__14_03_06__Machinery__Energy_balance__PJ__Biogas.html,sec-Industry__Manufacturing__Machinery,Machinery,direct
chart::charts/esto__14_03_06__Machinery__Energy_balance__PJ__Biogasoline.html,Industry > Manufacturing > Machinery,esto__14_03_06__Machinery,Energy balance (PJ),Biogasoline,charts/esto__14_03_06__Machinery__Energy_balance__PJ__Biogasoline.html,sec-Industry__Manufacturing__Machinery,Machinery,direct
chart::charts/esto__14_03_06__Machinery__Energy_balance__PJ__Bitumen.html,Industry > Manufacturing > Machinery,esto__14_03_06__Machinery,Energy balance (PJ),Bitumen,charts/esto__14_03_06__Machinery__Energy_balance__PJ__Bitumen.html,sec-Industry__Manufacturing__Machinery,Machinery,direct
chart::charts/esto__14_03_06__Machinery__Energy_balance__PJ__Black_liqour.html,Industry > Manufacturing > Machinery,esto__14_03_06__Machinery,Energy balance (PJ),Black liqour,charts/esto__14_03_06__Machinery__Energy_balance__PJ__Black_liqour.html,sec-Industry__Manufacturing__Machinery,Machinery,direct
chart::charts/esto__14_03_06__Machinery__Energy_balance__PJ__Charcoal.html,Industry > Manufacturing > Machinery,esto__14_03_06__Machinery,Energy balance (PJ),Charcoal,charts/esto__14_03_06__Machinery__Energy_balance__PJ__Charcoal.html,sec-Industry__Manufacturing__Machinery,Machinery,direct
chart::charts/esto__14_03_06__Machinery__Energy_balance__PJ__Coal_nonspecified.html,Industry > Manufacturing > Machinery,esto__14_03_06__Machinery,Energy balance (PJ),Coal nonspecified,charts/esto__14_03_06__Machinery__Energy_balance__PJ__Coal_nonspecified.html,sec-Industry__Manufacturing__Machinery,Machinery,direct
chart::charts/esto__14_03_06__Machinery__Energy_balance__PJ__Electricity.html,Industry > Manufacturing > Machinery,esto__14_03_06__Machinery,Energy balance (PJ),Electricity,charts/esto__14_03_06__Machinery__Energy_balance__PJ__Electricity.html,sec-Industry__Manufacturing__Machinery,Machinery,direct
chart::charts/esto__14_03_06__Machinery__Energy_balance__PJ__Ethane.html,Industry > Manufacturing > Machinery,esto__14_03_06__Machinery,Energy balance (PJ),Ethane,charts/esto__14_03_06__Machinery__Energy_balance__PJ__Ethane.html,sec-Industry__Manufacturing__Machinery,Machinery,direct
chart::charts/esto__14_03_06__Machinery__Energy_balance__PJ__Fuelwood___woodwaste.html,Industry > Manufacturing > Machinery,esto__14_03_06__Machinery,Energy balance (PJ),Fuelwood & woodwaste,charts/esto__14_03_06__Machinery__Energy_balance__PJ__Fuelwood___woodwaste.html,sec-Industry__Manufacturing__Machinery,Machinery,direct
chart::charts/esto__14_03_06__Machinery__Energy_balance__PJ__Gas_diesel_oil.html,Industry > Manufacturing > Machinery,esto__14_03_06__Machinery,Energy balance (PJ),Gas/diesel oil,charts/esto__14_03_06__Machinery__Energy_balance__PJ__Gas_diesel_oil.html,sec-Industry__Manufacturing__Machinery,Machinery,direct
chart::charts/esto__14_03_06__Machinery__Energy_balance__PJ__Gasoline_type_jet_fuel.html,Industry > Manufacturing > Machinery,esto__14_03_06__Machinery,Energy balance (PJ),Gasoline type jet fuel,charts/esto__14_03_06__Machinery__Energy_balance__PJ__Gasoline_type_jet_fuel.html,sec-Industry__Manufacturing__Machinery,Machinery,direct
chart::charts/esto__14_03_06__Machinery__Energy_balance__PJ__Heat.html,Industry > Manufacturing > Machinery,esto__14_03_06__Machinery,Energy balance (PJ),Heat,charts/esto__14_03_06__Machinery__Energy_balance__PJ__Heat.html,sec-Industry__Manufacturing__Machinery,Machinery,direct
chart::charts/esto__14_03_06__Machinery__Energy_balance__PJ__Industrial_waste.html,Industry > Manufacturing > Machinery,esto__14_03_06__Machinery,Energy balance (PJ),Industrial waste,charts/esto__14_03_06__Machinery__Energy_balance__PJ__Industrial_waste.html,sec-Industry__Manufacturing__Machinery,Machinery,direct
chart::charts/esto__14_03_06__Machinery__Energy_balance__PJ__Kerosene.html,Industry > Manufacturing > Machinery,esto__14_03_06__Machinery,Energy balance (PJ),Kerosene,charts/esto__14_03_06__Machinery__Energy_balance__PJ__Kerosene.html,sec-Industry__Manufacturing__Machinery,Machinery,direct
chart::charts/esto__14_03_06__Machinery__Energy_balance__PJ__Kerosene_type_jet_fuel.html,Industry > Manufacturing > Machinery,esto__14_03_06__Machinery,Energy balance (PJ),Kerosene type jet fuel,charts/esto__14_03_06__Machinery__Energy_balance__PJ__Kerosene_type_jet_fuel.html,sec-Industry__Manufacturing__Machinery,Machinery,direct
chart::charts/esto__14_03_06__Machinery__Energy_balance__PJ__LPG.html,Industry > Manufacturing > Machinery,esto__14_03_06__Machinery,Energy balance (PJ),LPG,charts/esto__14_03_06__Machinery__Energy_balance__PJ__LPG.html,sec-Industry__Manufacturing__Machinery,Machinery,direct
chart::charts/esto__14_03_06__Machinery__Energy_balance__PJ__Lubricants.html,Industry > Manufacturing > Machinery,esto__14_03_06__Machinery,Energy balance (PJ),Lubricants,charts/esto__14_03_06__Machinery__Energy_balance__PJ__Lubricants.html,sec-Industry__Manufacturing__Machinery,Machinery,direct
chart::charts/esto__14_03_06__Machinery__Energy_balance__PJ__Municipal_solid_waste__non-renewable.html,Industry > Manufacturing > Machinery,esto__14_03_06__Machinery,Energy balance (PJ),Municipal solid waste (non-renewable),charts/esto__14_03_06__Machinery__Energy_balance__PJ__Municipal_solid_waste__non-renewable.html,sec-Industry__Manufacturing__Machinery,Machinery,direct
chart::charts/esto__14_03_06__Machinery__Energy_balance__PJ__Municipal_solid_waste__renewable.html,Industry > Manufacturing > Machinery,esto__14_03_06__Machinery,Energy balance (PJ),Municipal solid waste (renewable),charts/esto__14_03_06__Machinery__Energy_balance__PJ__Municipal_solid_waste__renewable.html,sec-Industry__Manufacturing__Machinery,Machinery,direct
chart::charts/esto__14_03_06__Machinery__Energy_balance__PJ__Naphtha.html,Industry > Manufacturing > Machinery,esto__14_03_06__Machinery,Energy balance (PJ),Naphtha,charts/esto__14_03_06__Machinery__Energy_balance__PJ__Naphtha.html,sec-Industry__Manufacturing__Machinery,Machinery,direct
chart::charts/esto__14_03_06__Machinery__Energy_balance__PJ__Natural_gas.html,Industry > Manufacturing > Machinery,esto__14_03_06__Machinery,Energy balance (PJ),Natural gas,charts/esto__14_03_06__Machinery__Energy_balance__PJ__Natural_gas.html,sec-Industry__Manufacturing__Machinery,Machinery,direct
chart::charts/esto__14_03_06__Machinery__Energy_balance__PJ__Other_biomass.html,Industry > Manufacturing > Machinery,esto__14_03_06__Machinery,Energy balance (PJ),Other biomass,charts/esto__14_03_06__Machinery__Energy_balance__PJ__Other_biomass.html,sec-Industry__Manufacturing__Machinery,Machinery,direct
chart::charts/esto__14_03_06__Machinery__Energy_balance__PJ__Other_bituminous_coal.html,Industry > Manufacturing > Machinery,esto__14_03_06__Machinery,Energy balance (PJ),Other bituminous coal,charts/esto__14_03_06__Machinery__Energy_balance__PJ__Other_bituminous_coal.html,sec-Industry__Manufacturing__Machinery,Machinery,direct
chart::charts/esto__14_03_06__Machinery__Energy_balance__PJ__Other_liquid_biofuels.html,Industry > Manufacturing > Machinery,esto__14_03_06__Machinery,Energy balance (PJ),Other liquid biofuels,charts/esto__14_03_06__Machinery__Energy_balance__PJ__Other_liquid_biofuels.html,sec-Industry__Manufacturing__Machinery,Machinery,direct
chart::charts/esto__14_03_06__Machinery__Energy_balance__PJ__Other_products.html,Industry > Manufacturing > Machinery,esto__14_03_06__Machinery,Energy balance (PJ),Other products,charts/esto__14_03_06__Machinery__Energy_balance__PJ__Other_products.html,sec-Industry__Manufacturing__Machinery,Machinery,direct
chart::charts/esto__14_03_06__Machinery__Energy_balance__PJ__Other_sources.html,Industry > Manufacturing > Machinery,esto__14_03_06__Machinery,Energy balance (PJ),Other sources,charts/esto__14_03_06__Machinery__Energy_balance__PJ__Other_sources.html,sec-Industry__Manufacturing__Machinery,Machinery,direct
chart::charts/esto__14_03_06__Machinery__Energy_balance__PJ__Others.html,Industry > Manufacturing > Machinery,esto__14_03_06__Machinery,Energy balance (PJ),Others,charts/esto__14_03_06__Machinery__Energy_balance__PJ__Others.html,sec-Industry__Manufacturing__Machinery,Machinery,direct
chart::charts/esto__14_03_06__Machinery__Energy_balance__PJ__Paraffin_waxes.html,Industry > Manufacturing > Machinery,esto__14_03_06__Machinery,Energy balance (PJ),Paraffin waxes,charts/esto__14_03_06__Machinery__Energy_balance__PJ__Paraffin_waxes.html,sec-Industry__Manufacturing__Machinery,Machinery,direct
chart::charts/esto__14_03_06__Machinery__Energy_balance__PJ__PetProd_nonspecified.html,Industry > Manufacturing > Machinery,esto__14_03_06__Machinery,Energy balance (PJ),PetProd nonspecified,charts/esto__14_03_06__Machinery__Energy_balance__PJ__PetProd_nonspecified.html,sec-Industry__Manufacturing__Machinery,Machinery,direct
chart::charts/esto__14_03_06__Machinery__Energy_balance__PJ__Petroleum_coke.html,Industry > Manufacturing > Machinery,esto__14_03_06__Machinery,Energy balance (PJ),Petroleum coke,charts/esto__14_03_06__Machinery__Energy_balance__PJ__Petroleum_coke.html,sec-Industry__Manufacturing__Machinery,Machinery,direct
chart::charts/esto__14_03_06__Machinery__Energy_balance__PJ__Refinery_gas__not_liquefied.html,Industry > Manufacturing > Machinery,esto__14_03_06__Machinery,Energy balance (PJ),Refinery gas (not liquefied),charts/esto__14_03_06__Machinery__Energy_balance__PJ__Refinery_gas__not_liquefied.html,sec-Industry__Manufacturing__Machinery,Machinery,direct
chart::charts/esto__14_03_06__Machinery__Energy_balance__PJ__Solid_biomass.html,Industry > Manufacturing > Machinery,esto__14_03_06__Machinery,Energy balance (PJ),Solid biomass,charts/esto__14_03_06__Machinery__Energy_balance__PJ__Solid_biomass.html,sec-Industry__Manufacturing__Machinery,Machinery,direct
chart::charts/esto__14_03_06__Machinery__Energy_balance__PJ__Sub-bituminous_coal.html,Industry > Manufacturing > Machinery,esto__14_03_06__Machinery,Energy balance (PJ),Sub-bituminous coal,charts/esto__14_03_06__Machinery__Energy_balance__PJ__Sub-bituminous_coal.html,sec-Industry__Manufacturing__Machinery,Machinery,direct
chart::charts/esto__14_03_06__Machinery__Energy_balance__PJ__White_spirit_SBP.html,Industry > Manufacturing > Machinery,esto__14_03_06__Machinery,Energy balance (PJ),White spirit SBP,charts/esto__14_03_06__Machinery__Energy_balance__PJ__White_spirit_SBP.html,sec-Industry__Manufacturing__Machinery,Machinery,direct
chart::charts/esto__14_03_03__Non_ferrous_metals__Energy_balance__PJ__Aviation_gasoline.html,Industry > Manufacturing > Non ferrous metals,esto__14_03_03__Non_ferrous_metals,Energy balance (PJ),Aviation gasoline,charts/esto__14_03_03__Non_ferrous_metals__Energy_balance__PJ__Aviation_gasoline.html,sec-Industry__Manufacturing__Non_ferrous_metals,Non ferrous metals,direct
chart::charts/esto__14_03_03__Non_ferrous_metals__Energy_balance__PJ__Bagasse.html,Industry > Manufacturing > Non ferrous metals,esto__14_03_03__Non_ferrous_metals,Energy balance (PJ),Bagasse,charts/esto__14_03_03__Non_ferrous_metals__Energy_balance__PJ__Bagasse.html,sec-Industry__Manufacturing__Non_ferrous_metals,Non ferrous metals,direct
chart::charts/esto__14_03_03__Non_ferrous_metals__Energy_balance__PJ__Bio_jet_kerosene.html,Industry > Manufacturing > Non ferrous metals,esto__14_03_03__Non_ferrous_metals,Energy balance (PJ),Bio jet kerosene,charts/esto__14_03_03__Non_ferrous_metals__Energy_balance__PJ__Bio_jet_kerosene.html,sec-Industry__Manufacturing__Non_ferrous_metals,Non ferrous metals,direct
chart::charts/esto__14_03_03__Non_ferrous_metals__Energy_balance__PJ__Biodiesel.html,Industry > Manufacturing > Non ferrous metals,esto__14_03_03__Non_ferrous_metals,Energy balance (PJ),Biodiesel,charts/esto__14_03_03__Non_ferrous_metals__Energy_balance__PJ__Biodiesel.html,sec-Industry__Manufacturing__Non_ferrous_metals,Non ferrous metals,direct
chart::charts/esto__14_03_03__Non_ferrous_metals__Energy_balance__PJ__Biogas.html,Industry > Manufacturing > Non ferrous metals,esto__14_03_03__Non_ferrous_metals,Energy balance (PJ),Biogas,charts/esto__14_03_03__Non_ferrous_metals__Energy_balance__PJ__Biogas.html,sec-Industry__Manufacturing__Non_ferrous_metals,Non ferrous metals,direct
chart::charts/esto__14_03_03__Non_ferrous_metals__Energy_balance__PJ__Biogasoline.html,Industry > Manufacturing > Non ferrous metals,esto__14_03_03__Non_ferrous_metals,Energy balance (PJ),Biogasoline,charts/esto__14_03_03__Non_ferrous_metals__Energy_balance__PJ__Biogasoline.html,sec-Industry__Manufacturing__Non_ferrous_metals,Non ferrous metals,direct
chart::charts/esto__14_03_03__Non_ferrous_metals__Energy_balance__PJ__Bitumen.html,Industry > Manufacturing > Non ferrous metals,esto__14_03_03__Non_ferrous_metals,Energy balance (PJ),Bitumen,charts/esto__14_03_03__Non_ferrous_metals__Energy_balance__PJ__Bitumen.html,sec-Industry__Manufacturing__Non_ferrous_metals,Non ferrous metals,direct
chart::charts/esto__14_03_03__Non_ferrous_metals__Energy_balance__PJ__Black_liqour.html,Industry > Manufacturing > Non ferrous metals,esto__14_03_03__Non_ferrous_metals,Energy balance (PJ),Black liqour,charts/esto__14_03_03__Non_ferrous_metals__Energy_balance__PJ__Black_liqour.html,sec-Industry__Manufacturing__Non_ferrous_metals,Non ferrous metals,direct
chart::charts/esto__14_03_03__Non_ferrous_metals__Energy_balance__PJ__Charcoal.html,Industry > Manufacturing > Non ferrous metals,esto__14_03_03__Non_ferrous_metals,Energy balance (PJ),Charcoal,charts/esto__14_03_03__Non_ferrous_metals__Energy_balance__PJ__Charcoal.html,sec-Industry__Manufacturing__Non_ferrous_metals,Non ferrous metals,direct
chart::charts/esto__14_03_03__Non_ferrous_metals__Energy_balance__PJ__Electricity.html,Industry > Manufacturing > Non ferrous metals,esto__14_03_03__Non_ferrous_metals,Energy balance (PJ),Electricity,charts/esto__14_03_03__Non_ferrous_metals__Energy_balance__PJ__Electricity.html,sec-Industry__Manufacturing__Non_ferrous_metals,Non ferrous metals,direct
chart::charts/esto__14_03_03__Non_ferrous_metals__Energy_balance__PJ__Ethane.html,Industry > Manufacturing > Non ferrous metals,esto__14_03_03__Non_ferrous_metals,Energy balance (PJ),Ethane,charts/esto__14_03_03__Non_ferrous_metals__Energy_balance__PJ__Ethane.html,sec-Industry__Manufacturing__Non_ferrous_metals,Non ferrous metals,direct
chart::charts/esto__14_03_03__Non_ferrous_metals__Energy_balance__PJ__Fuelwood___woodwaste.html,Industry > Manufacturing > Non ferrous metals,esto__14_03_03__Non_ferrous_metals,Energy balance (PJ),Fuelwood & woodwaste,charts/esto__14_03_03__Non_ferrous_metals__Energy_balance__PJ__Fuelwood___woodwaste.html,sec-Industry__Manufacturing__Non_ferrous_metals,Non ferrous metals,direct
chart::charts/esto__14_03_03__Non_ferrous_metals__Energy_balance__PJ__Gas_diesel_oil.html,Industry > Manufacturing > Non ferrous metals,esto__14_03_03__Non_ferrous_metals,Energy balance (PJ),Gas/diesel oil,charts/esto__14_03_03__Non_ferrous_metals__Energy_balance__PJ__Gas_diesel_oil.html,sec-Industry__Manufacturing__Non_ferrous_metals,Non ferrous metals,direct
chart::charts/esto__14_03_03__Non_ferrous_metals__Energy_balance__PJ__Gasoline_type_jet_fuel.html,Industry > Manufacturing > Non ferrous metals,esto__14_03_03__Non_ferrous_metals,Energy balance (PJ),Gasoline type jet fuel,charts/esto__14_03_03__Non_ferrous_metals__Energy_balance__PJ__Gasoline_type_jet_fuel.html,sec-Industry__Manufacturing__Non_ferrous_metals,Non ferrous metals,direct
chart::charts/esto__14_03_03__Non_ferrous_metals__Energy_balance__PJ__Heat.html,Industry > Manufacturing > Non ferrous metals,esto__14_03_03__Non_ferrous_metals,Energy balance (PJ),Heat,charts/esto__14_03_03__Non_ferrous_metals__Energy_balance__PJ__Heat.html,sec-Industry__Manufacturing__Non_ferrous_metals,Non ferrous metals,direct
chart::charts/esto__14_03_03__Non_ferrous_metals__Energy_balance__PJ__Industrial_waste.html,Industry > Manufacturing > Non ferrous metals,esto__14_03_03__Non_ferrous_metals,Energy balance (PJ),Industrial waste,charts/esto__14_03_03__Non_ferrous_metals__Energy_balance__PJ__Industrial_waste.html,sec-Industry__Manufacturing__Non_ferrous_metals,Non ferrous metals,direct
chart::charts/esto__14_03_03__Non_ferrous_metals__Energy_balance__PJ__Kerosene.html,Industry > Manufacturing > Non ferrous metals,esto__14_03_03__Non_ferrous_metals,Energy balance (PJ),Kerosene,charts/esto__14_03_03__Non_ferrous_metals__Energy_balance__PJ__Kerosene.html,sec-Industry__Manufacturing__Non_ferrous_metals,Non ferrous metals,direct
chart::charts/esto__14_03_03__Non_ferrous_metals__Energy_balance__PJ__Kerosene_type_jet_fuel.html,Industry > Manufacturing > Non ferrous metals,esto__14_03_03__Non_ferrous_metals,Energy balance (PJ),Kerosene type jet fuel,charts/esto__14_03_03__Non_ferrous_metals__Energy_balance__PJ__Kerosene_type_jet_fuel.html,sec-Industry__Manufacturing__Non_ferrous_metals,Non ferrous metals,direct
chart::charts/esto__14_03_03__Non_ferrous_metals__Energy_balance__PJ__LPG.html,Industry > Manufacturing > Non ferrous metals,esto__14_03_03__Non_ferrous_metals,Energy balance (PJ),LPG,charts/esto__14_03_03__Non_ferrous_metals__Energy_balance__PJ__LPG.html,sec-Industry__Manufacturing__Non_ferrous_metals,Non ferrous metals,direct
chart::charts/esto__14_03_03__Non_ferrous_metals__Energy_balance__PJ__Lubricants.html,Industry > Manufacturing > Non ferrous metals,esto__14_03_03__Non_ferrous_metals,Energy balance (PJ),Lubricants,charts/esto__14_03_03__Non_ferrous_metals__Energy_balance__PJ__Lubricants.html,sec-Industry__Manufacturing__Non_ferrous_metals,Non ferrous metals,direct
chart::charts/esto__14_03_03__Non_ferrous_metals__Energy_balance__PJ__Municipal_solid_waste__non-renewable.html,Industry > Manufacturing > Non ferrous metals,esto__14_03_03__Non_ferrous_metals,Energy balance (PJ),Municipal solid waste (non-renewable),charts/esto__14_03_03__Non_ferrous_metals__Energy_balance__PJ__Municipal_solid_waste__non-renewable.html,sec-Industry__Manufacturing__Non_ferrous_metals,Non ferrous metals,direct
chart::charts/esto__14_03_03__Non_ferrous_metals__Energy_balance__PJ__Municipal_solid_waste__renewable.html,Industry > Manufacturing > Non ferrous metals,esto__14_03_03__Non_ferrous_metals,Energy balance (PJ),Municipal solid waste (renewable),charts/esto__14_03_03__Non_ferrous_metals__Energy_balance__PJ__Municipal_solid_waste__renewable.html,sec-Industry__Manufacturing__Non_ferrous_metals,Non ferrous metals,direct
chart::charts/esto__14_03_03__Non_ferrous_metals__Energy_balance__PJ__Naphtha.html,Industry > Manufacturing > Non ferrous metals,esto__14_03_03__Non_ferrous_metals,Energy balance (PJ),Naphtha,charts/esto__14_03_03__Non_ferrous_metals__Energy_balance__PJ__Naphtha.html,sec-Industry__Manufacturing__Non_ferrous_metals,Non ferrous metals,direct
chart::charts/esto__14_03_03__Non_ferrous_metals__Energy_balance__PJ__Natural_gas.html,Industry > Manufacturing > Non ferrous metals,esto__14_03_03__Non_ferrous_metals,Energy balance (PJ),Natural gas,charts/esto__14_03_03__Non_ferrous_metals__Energy_balance__PJ__Natural_gas.html,sec-Industry__Manufacturing__Non_ferrous_metals,Non ferrous metals,direct
chart::charts/esto__14_03_03__Non_ferrous_metals__Energy_balance__PJ__Other_biomass.html,Industry > Manufacturing > Non ferrous metals,esto__14_03_03__Non_ferrous_metals,Energy balance (PJ),Other biomass,charts/esto__14_03_03__Non_ferrous_metals__Energy_balance__PJ__Other_biomass.html,sec-Industry__Manufacturing__Non_ferrous_metals,Non ferrous metals,direct
chart::charts/esto__14_03_03__Non_ferrous_metals__Energy_balance__PJ__Other_liquid_biofuels.html,Industry > Manufacturing > Non ferrous metals,esto__14_03_03__Non_ferrous_metals,Energy balance (PJ),Other liquid biofuels,charts/esto__14_03_03__Non_ferrous_metals__Energy_balance__PJ__Other_liquid_biofuels.html,sec-Industry__Manufacturing__Non_ferrous_metals,Non ferrous metals,direct
chart::charts/esto__14_03_03__Non_ferrous_metals__Energy_balance__PJ__Other_products.html,Industry > Manufacturing > Non ferrous metals,esto__14_03_03__Non_ferrous_metals,Energy balance (PJ),Other products,charts/esto__14_03_03__Non_ferrous_metals__Energy_balance__PJ__Other_products.html,sec-Industry__Manufacturing__Non_ferrous_metals,Non ferrous metals,direct
chart::charts/esto__14_03_03__Non_ferrous_metals__Energy_balance__PJ__Other_sources.html,Industry > Manufacturing > Non ferrous metals,esto__14_03_03__Non_ferrous_metals,Energy balance (PJ),Other sources,charts/esto__14_03_03__Non_ferrous_metals__Energy_balance__PJ__Other_sources.html,sec-Industry__Manufacturing__Non_ferrous_metals,Non ferrous metals,direct
chart::charts/esto__14_03_03__Non_ferrous_metals__Energy_balance__PJ__Others.html,Industry > Manufacturing > Non ferrous metals,esto__14_03_03__Non_ferrous_metals,Energy balance (PJ),Others,charts/esto__14_03_03__Non_ferrous_metals__Energy_balance__PJ__Others.html,sec-Industry__Manufacturing__Non_ferrous_metals,Non ferrous metals,direct
chart::charts/esto__14_03_03__Non_ferrous_metals__Energy_balance__PJ__Paraffin_waxes.html,Industry > Manufacturing > Non ferrous metals,esto__14_03_03__Non_ferrous_metals,Energy balance (PJ),Paraffin waxes,charts/esto__14_03_03__Non_ferrous_metals__Energy_balance__PJ__Paraffin_waxes.html,sec-Industry__Manufacturing__Non_ferrous_metals,Non ferrous metals,direct
chart::charts/esto__14_03_03__Non_ferrous_metals__Energy_balance__PJ__PetProd_nonspecified.html,Industry > Manufacturing > Non ferrous metals,esto__14_03_03__Non_ferrous_metals,Energy balance (PJ),PetProd nonspecified,charts/esto__14_03_03__Non_ferrous_metals__Energy_balance__PJ__PetProd_nonspecified.html,sec-Industry__Manufacturing__Non_ferrous_metals,Non ferrous metals,direct
chart::charts/esto__14_03_03__Non_ferrous_metals__Energy_balance__PJ__Petroleum_coke.html,Industry > Manufacturing > Non ferrous metals,esto__14_03_03__Non_ferrous_metals,Energy balance (PJ),Petroleum coke,charts/esto__14_03_03__Non_ferrous_metals__Energy_balance__PJ__Petroleum_coke.html,sec-Industry__Manufacturing__Non_ferrous_metals,Non ferrous metals,direct
chart::charts/esto__14_03_03__Non_ferrous_metals__Energy_balance__PJ__Refinery_gas__not_liquefied.html,Industry > Manufacturing > Non ferrous metals,esto__14_03_03__Non_ferrous_metals,Energy balance (PJ),Refinery gas (not liquefied),charts/esto__14_03_03__Non_ferrous_metals__Energy_balance__PJ__Refinery_gas__not_liquefied.html,sec-Industry__Manufacturing__Non_ferrous_metals,Non ferrous metals,direct
chart::charts/esto__14_03_03__Non_ferrous_metals__Energy_balance__PJ__Solid_biomass.html,Industry > Manufacturing > Non ferrous metals,esto__14_03_03__Non_ferrous_metals,Energy balance (PJ),Solid biomass,charts/esto__14_03_03__Non_ferrous_metals__Energy_balance__PJ__Solid_biomass.html,sec-Industry__Manufacturing__Non_ferrous_metals,Non ferrous metals,direct
chart::charts/esto__14_03_03__Non_ferrous_metals__Energy_balance__PJ__White_spirit_SBP.html,Industry > Manufacturing > Non ferrous metals,esto__14_03_03__Non_ferrous_metals,Energy balance (PJ),White spirit SBP,charts/esto__14_03_03__Non_ferrous_metals__Energy_balance__PJ__White_spirit_SBP.html,sec-Industry__Manufacturing__Non_ferrous_metals,Non ferrous metals,direct
chart::charts/esto__14_03_04__Non-metallic_mineral_products__Energy_balance__PJ__Anthracite.html,Industry > Manufacturing > Non-metallic mineral products,esto__14_03_04__Non-metallic_mineral_products,Energy balance (PJ),Anthracite,charts/esto__14_03_04__Non-metallic_mineral_products__Energy_balance__PJ__Anthracite.html,sec-Industry__Manufacturing__Non-metallic_mineral_products,Non-metallic mineral products,direct
chart::charts/esto__14_03_04__Non-metallic_mineral_products__Energy_balance__PJ__Aviation_gasoline.html,Industry > Manufacturing > Non-metallic mineral products,esto__14_03_04__Non-metallic_mineral_products,Energy balance (PJ),Aviation gasoline,charts/esto__14_03_04__Non-metallic_mineral_products__Energy_balance__PJ__Aviation_gasoline.html,sec-Industry__Manufacturing__Non-metallic_mineral_products,Non-metallic mineral products,direct
chart::charts/esto__14_03_04__Non-metallic_mineral_products__Energy_balance__PJ__Bagasse.html,Industry > Manufacturing > Non-metallic mineral products,esto__14_03_04__Non-metallic_mineral_products,Energy balance (PJ),Bagasse,charts/esto__14_03_04__Non-metallic_mineral_products__Energy_balance__PJ__Bagasse.html,sec-Industry__Manufacturing__Non-metallic_mineral_products,Non-metallic mineral products,direct
chart::charts/esto__14_03_04__Non-metallic_mineral_products__Energy_balance__PJ__Bio_jet_kerosene.html,Industry > Manufacturing > Non-metallic mineral products,esto__14_03_04__Non-metallic_mineral_products,Energy balance (PJ),Bio jet kerosene,charts/esto__14_03_04__Non-metallic_mineral_products__Energy_balance__PJ__Bio_jet_kerosene.html,sec-Industry__Manufacturing__Non-metallic_mineral_products,Non-metallic mineral products,direct
chart::charts/esto__14_03_04__Non-metallic_mineral_products__Energy_balance__PJ__Biodiesel.html,Industry > Manufacturing > Non-metallic mineral products,esto__14_03_04__Non-metallic_mineral_products,Energy balance (PJ),Biodiesel,charts/esto__14_03_04__Non-metallic_mineral_products__Energy_balance__PJ__Biodiesel.html,sec-Industry__Manufacturing__Non-metallic_mineral_products,Non-metallic mineral products,direct
chart::charts/esto__14_03_04__Non-metallic_mineral_products__Energy_balance__PJ__Biogas.html,Industry > Manufacturing > Non-metallic mineral products,esto__14_03_04__Non-metallic_mineral_products,Energy balance (PJ),Biogas,charts/esto__14_03_04__Non-metallic_mineral_products__Energy_balance__PJ__Biogas.html,sec-Industry__Manufacturing__Non-metallic_mineral_products,Non-metallic mineral products,direct
chart::charts/esto__14_03_04__Non-metallic_mineral_products__Energy_balance__PJ__Biogasoline.html,Industry > Manufacturing > Non-metallic mineral products,esto__14_03_04__Non-metallic_mineral_products,Energy balance (PJ),Biogasoline,charts/esto__14_03_04__Non-metallic_mineral_products__Energy_balance__PJ__Biogasoline.html,sec-Industry__Manufacturing__Non-metallic_mineral_products,Non-metallic mineral products,direct
chart::charts/esto__14_03_04__Non-metallic_mineral_products__Energy_balance__PJ__Bitumen.html,Industry > Manufacturing > Non-metallic mineral products,esto__14_03_04__Non-metallic_mineral_products,Energy balance (PJ),Bitumen,charts/esto__14_03_04__Non-metallic_mineral_products__Energy_balance__PJ__Bitumen.html,sec-Industry__Manufacturing__Non-metallic_mineral_products,Non-metallic mineral products,direct
chart::charts/esto__14_03_04__Non-metallic_mineral_products__Energy_balance__PJ__Black_liqour.html,Industry > Manufacturing > Non-metallic mineral products,esto__14_03_04__Non-metallic_mineral_products,Energy balance (PJ),Black liqour,charts/esto__14_03_04__Non-metallic_mineral_products__Energy_balance__PJ__Black_liqour.html,sec-Industry__Manufacturing__Non-metallic_mineral_products,Non-metallic mineral products,direct
chart::charts/esto__14_03_04__Non-metallic_mineral_products__Energy_balance__PJ__Charcoal.html,Industry > Manufacturing > Non-metallic mineral products,esto__14_03_04__Non-metallic_mineral_products,Energy balance (PJ),Charcoal,charts/esto__14_03_04__Non-metallic_mineral_products__Energy_balance__PJ__Charcoal.html,sec-Industry__Manufacturing__Non-metallic_mineral_products,Non-metallic mineral products,direct
chart::charts/esto__14_03_04__Non-metallic_mineral_products__Energy_balance__PJ__Coal_nonspecified.html,Industry > Manufacturing > Non-metallic mineral products,esto__14_03_04__Non-metallic_mineral_products,Energy balance (PJ),Coal nonspecified,charts/esto__14_03_04__Non-metallic_mineral_products__Energy_balance__PJ__Coal_nonspecified.html,sec-Industry__Manufacturing__Non-metallic_mineral_products,Non-metallic mineral products,direct
chart::charts/esto__14_03_04__Non-metallic_mineral_products__Energy_balance__PJ__Electricity.html,Industry > Manufacturing > Non-metallic mineral products,esto__14_03_04__Non-metallic_mineral_products,Energy balance (PJ),Electricity,charts/esto__14_03_04__Non-metallic_mineral_products__Energy_balance__PJ__Electricity.html,sec-Industry__Manufacturing__Non-metallic_mineral_products,Non-metallic mineral products,direct
chart::charts/esto__14_03_04__Non-metallic_mineral_products__Energy_balance__PJ__Ethane.html,Industry > Manufacturing > Non-metallic mineral products,esto__14_03_04__Non-metallic_mineral_products,Energy balance (PJ),Ethane,charts/esto__14_03_04__Non-metallic_mineral_products__Energy_balance__PJ__Ethane.html,sec-Industry__Manufacturing__Non-metallic_mineral_products,Non-metallic mineral products,direct
chart::charts/esto__14_03_04__Non-metallic_mineral_products__Energy_balance__PJ__Fuel_oil.html,Industry > Manufacturing > Non-metallic mineral products,esto__14_03_04__Non-metallic_mineral_products,Energy balance (PJ),Fuel oil,charts/esto__14_03_04__Non-metallic_mineral_products__Energy_balance__PJ__Fuel_oil.html,sec-Industry__Manufacturing__Non-metallic_mineral_products,Non-metallic mineral products,direct
chart::charts/esto__14_03_04__Non-metallic_mineral_products__Energy_balance__PJ__Fuelwood___woodwaste.html,Industry > Manufacturing > Non-metallic mineral products,esto__14_03_04__Non-metallic_mineral_products,Energy balance (PJ),Fuelwood & woodwaste,charts/esto__14_03_04__Non-metallic_mineral_products__Energy_balance__PJ__Fuelwood___woodwaste.html,sec-Industry__Manufacturing__Non-metallic_mineral_products,Non-metallic mineral products,direct
chart::charts/esto__14_03_04__Non-metallic_mineral_products__Energy_balance__PJ__Gas_diesel_oil.html,Industry > Manufacturing > Non-metallic mineral products,esto__14_03_04__Non-metallic_mineral_products,Energy balance (PJ),Gas/diesel oil,charts/esto__14_03_04__Non-metallic_mineral_products__Energy_balance__PJ__Gas_diesel_oil.html,sec-Industry__Manufacturing__Non-metallic_mineral_products,Non-metallic mineral products,direct
chart::charts/esto__14_03_04__Non-metallic_mineral_products__Energy_balance__PJ__Gasoline_type_jet_fuel.html,Industry > Manufacturing > Non-metallic mineral products,esto__14_03_04__Non-metallic_mineral_products,Energy balance (PJ),Gasoline type jet fuel,charts/esto__14_03_04__Non-metallic_mineral_products__Energy_balance__PJ__Gasoline_type_jet_fuel.html,sec-Industry__Manufacturing__Non-metallic_mineral_products,Non-metallic mineral products,direct
chart::charts/esto__14_03_04__Non-metallic_mineral_products__Energy_balance__PJ__Heat.html,Industry > Manufacturing > Non-metallic mineral products,esto__14_03_04__Non-metallic_mineral_products,Energy balance (PJ),Heat,charts/esto__14_03_04__Non-metallic_mineral_products__Energy_balance__PJ__Heat.html,sec-Industry__Manufacturing__Non-metallic_mineral_products,Non-metallic mineral products,direct
chart::charts/esto__14_03_04__Non-metallic_mineral_products__Energy_balance__PJ__Industrial_waste.html,Industry > Manufacturing > Non-metallic mineral products,esto__14_03_04__Non-metallic_mineral_products,Energy balance (PJ),Industrial waste,charts/esto__14_03_04__Non-metallic_mineral_products__Energy_balance__PJ__Industrial_waste.html,sec-Industry__Manufacturing__Non-metallic_mineral_products,Non-metallic mineral products,direct
chart::charts/esto__14_03_04__Non-metallic_mineral_products__Energy_balance__PJ__Kerosene.html,Industry > Manufacturing > Non-metallic mineral products,esto__14_03_04__Non-metallic_mineral_products,Energy balance (PJ),Kerosene,charts/esto__14_03_04__Non-metallic_mineral_products__Energy_balance__PJ__Kerosene.html,sec-Industry__Manufacturing__Non-metallic_mineral_products,Non-metallic mineral products,direct
chart::charts/esto__14_03_04__Non-metallic_mineral_products__Energy_balance__PJ__Kerosene_type_jet_fuel.html,Industry > Manufacturing > Non-metallic mineral products,esto__14_03_04__Non-metallic_mineral_products,Energy balance (PJ),Kerosene type jet fuel,charts/esto__14_03_04__Non-metallic_mineral_products__Energy_balance__PJ__Kerosene_type_jet_fuel.html,sec-Industry__Manufacturing__Non-metallic_mineral_products,Non-metallic mineral products,direct
chart::charts/esto__14_03_04__Non-metallic_mineral_products__Energy_balance__PJ__LPG.html,Industry > Manufacturing > Non-metallic mineral products,esto__14_03_04__Non-metallic_mineral_products,Energy balance (PJ),LPG,charts/esto__14_03_04__Non-metallic_mineral_products__Energy_balance__PJ__LPG.html,sec-Industry__Manufacturing__Non-metallic_mineral_products,Non-metallic mineral products,direct
chart::charts/esto__14_03_04__Non-metallic_mineral_products__Energy_balance__PJ__Lubricants.html,Industry > Manufacturing > Non-metallic mineral products,esto__14_03_04__Non-metallic_mineral_products,Energy balance (PJ),Lubricants,charts/esto__14_03_04__Non-metallic_mineral_products__Energy_balance__PJ__Lubricants.html,sec-Industry__Manufacturing__Non-metallic_mineral_products,Non-metallic mineral products,direct
chart::charts/esto__14_03_04__Non-metallic_mineral_products__Energy_balance__PJ__Municipal_solid_waste__non-renewable.html,Industry > Manufacturing > Non-metallic mineral products,esto__14_03_04__Non-metallic_mineral_products,Energy balance (PJ),Municipal solid waste (non-renewable),charts/esto__14_03_04__Non-metallic_mineral_products__Energy_balance__PJ__Municipal_solid_waste__non-renewable.html,sec-Industry__Manufacturing__Non-metallic_mineral_products,Non-metallic mineral products,direct
chart::charts/esto__14_03_04__Non-metallic_mineral_products__Energy_balance__PJ__Municipal_solid_waste__renewable.html,Industry > Manufacturing > Non-metallic mineral products,esto__14_03_04__Non-metallic_mineral_products,Energy balance (PJ),Municipal solid waste (renewable),charts/esto__14_03_04__Non-metallic_mineral_products__Energy_balance__PJ__Municipal_solid_waste__renewable.html,sec-Industry__Manufacturing__Non-metallic_mineral_products,Non-metallic mineral products,direct
chart::charts/esto__14_03_04__Non-metallic_mineral_products__Energy_balance__PJ__Naphtha.html,Industry > Manufacturing > Non-metallic mineral products,esto__14_03_04__Non-metallic_mineral_products,Energy balance (PJ),Naphtha,charts/esto__14_03_04__Non-metallic_mineral_products__Energy_balance__PJ__Naphtha.html,sec-Industry__Manufacturing__Non-metallic_mineral_products,Non-metallic mineral products,direct
chart::charts/esto__14_03_04__Non-metallic_mineral_products__Energy_balance__PJ__Natural_gas.html,Industry > Manufacturing > Non-metallic mineral products,esto__14_03_04__Non-metallic_mineral_products,Energy balance (PJ),Natural gas,charts/esto__14_03_04__Non-metallic_mineral_products__Energy_balance__PJ__Natural_gas.html,sec-Industry__Manufacturing__Non-metallic_mineral_products,Non-metallic mineral products,direct
chart::charts/esto__14_03_04__Non-metallic_mineral_products__Energy_balance__PJ__Other_biomass.html,Industry > Manufacturing > Non-metallic mineral products,esto__14_03_04__Non-metallic_mineral_products,Energy balance (PJ),Other biomass,charts/esto__14_03_04__Non-metallic_mineral_products__Energy_balance__PJ__Other_biomass.html,sec-Industry__Manufacturing__Non-metallic_mineral_products,Non-metallic mineral products,direct
chart::charts/esto__14_03_04__Non-metallic_mineral_products__Energy_balance__PJ__Other_bituminous_coal.html,Industry > Manufacturing > Non-metallic mineral products,esto__14_03_04__Non-metallic_mineral_products,Energy balance (PJ),Other bituminous coal,charts/esto__14_03_04__Non-metallic_mineral_products__Energy_balance__PJ__Other_bituminous_coal.html,sec-Industry__Manufacturing__Non-metallic_mineral_products,Non-metallic mineral products,direct
chart::charts/esto__14_03_04__Non-metallic_mineral_products__Energy_balance__PJ__Other_liquid_biofuels.html,Industry > Manufacturing > Non-metallic mineral products,esto__14_03_04__Non-metallic_mineral_products,Energy balance (PJ),Other liquid biofuels,charts/esto__14_03_04__Non-metallic_mineral_products__Energy_balance__PJ__Other_liquid_biofuels.html,sec-Industry__Manufacturing__Non-metallic_mineral_products,Non-metallic mineral products,direct
chart::charts/esto__14_03_04__Non-metallic_mineral_products__Energy_balance__PJ__Other_products.html,Industry > Manufacturing > Non-metallic mineral products,esto__14_03_04__Non-metallic_mineral_products,Energy balance (PJ),Other products,charts/esto__14_03_04__Non-metallic_mineral_products__Energy_balance__PJ__Other_products.html,sec-Industry__Manufacturing__Non-metallic_mineral_products,Non-metallic mineral products,direct
chart::charts/esto__14_03_04__Non-metallic_mineral_products__Energy_balance__PJ__Other_sources.html,Industry > Manufacturing > Non-metallic mineral products,esto__14_03_04__Non-metallic_mineral_products,Energy balance (PJ),Other sources,charts/esto__14_03_04__Non-metallic_mineral_products__Energy_balance__PJ__Other_sources.html,sec-Industry__Manufacturing__Non-metallic_mineral_products,Non-metallic mineral products,direct
chart::charts/esto__14_03_04__Non-metallic_mineral_products__Energy_balance__PJ__Others.html,Industry > Manufacturing > Non-metallic mineral products,esto__14_03_04__Non-metallic_mineral_products,Energy balance (PJ),Others,charts/esto__14_03_04__Non-metallic_mineral_products__Energy_balance__PJ__Others.html,sec-Industry__Manufacturing__Non-metallic_mineral_products,Non-metallic mineral products,direct
chart::charts/esto__14_03_04__Non-metallic_mineral_products__Energy_balance__PJ__Paraffin_waxes.html,Industry > Manufacturing > Non-metallic mineral products,esto__14_03_04__Non-metallic_mineral_products,Energy balance (PJ),Paraffin waxes,charts/esto__14_03_04__Non-metallic_mineral_products__Energy_balance__PJ__Paraffin_waxes.html,sec-Industry__Manufacturing__Non-metallic_mineral_products,Non-metallic mineral products,direct
chart::charts/esto__14_03_04__Non-metallic_mineral_products__Energy_balance__PJ__PetProd_nonspecified.html,Industry > Manufacturing > Non-metallic mineral products,esto__14_03_04__Non-metallic_mineral_products,Energy balance (PJ),PetProd nonspecified,charts/esto__14_03_04__Non-metallic_mineral_products__Energy_balance__PJ__PetProd_nonspecified.html,sec-Industry__Manufacturing__Non-metallic_mineral_products,Non-metallic mineral products,direct
chart::charts/esto__14_03_04__Non-metallic_mineral_products__Energy_balance__PJ__Petroleum_coke.html,Industry > Manufacturing > Non-metallic mineral products,esto__14_03_04__Non-metallic_mineral_products,Energy balance (PJ),Petroleum coke,charts/esto__14_03_04__Non-metallic_mineral_products__Energy_balance__PJ__Petroleum_coke.html,sec-Industry__Manufacturing__Non-metallic_mineral_products,Non-metallic mineral products,direct
chart::charts/esto__14_03_04__Non-metallic_mineral_products__Energy_balance__PJ__Refinery_gas__not_liquefied.html,Industry > Manufacturing > Non-metallic mineral products,esto__14_03_04__Non-metallic_mineral_products,Energy balance (PJ),Refinery gas (not liquefied),charts/esto__14_03_04__Non-metallic_mineral_products__Energy_balance__PJ__Refinery_gas__not_liquefied.html,sec-Industry__Manufacturing__Non-metallic_mineral_products,Non-metallic mineral products,direct
chart::charts/esto__14_03_04__Non-metallic_mineral_products__Energy_balance__PJ__Solid_biomass.html,Industry > Manufacturing > Non-metallic mineral products,esto__14_03_04__Non-metallic_mineral_products,Energy balance (PJ),Solid biomass,charts/esto__14_03_04__Non-metallic_mineral_products__Energy_balance__PJ__Solid_biomass.html,sec-Industry__Manufacturing__Non-metallic_mineral_products,Non-metallic mineral products,direct
chart::charts/esto__14_03_04__Non-metallic_mineral_products__Energy_balance__PJ__Sub-bituminous_coal.html,Industry > Manufacturing > Non-metallic mineral products,esto__14_03_04__Non-metallic_mineral_products,Energy balance (PJ),Sub-bituminous coal,charts/esto__14_03_04__Non-metallic_mineral_products__Energy_balance__PJ__Sub-bituminous_coal.html,sec-Industry__Manufacturing__Non-metallic_mineral_products,Non-metallic mineral products,direct
chart::charts/esto__14_03_04__Non-metallic_mineral_products__Energy_balance__PJ__White_spirit_SBP.html,Industry > Manufacturing > Non-metallic mineral products,esto__14_03_04__Non-metallic_mineral_products,Energy balance (PJ),White spirit SBP,charts/esto__14_03_04__Non-metallic_mineral_products__Energy_balance__PJ__White_spirit_SBP.html,sec-Industry__Manufacturing__Non-metallic_mineral_products,Non-metallic mineral products,direct
chart::charts/esto__14_03_11__Non-specified_industry__Energy_balance__PJ__Anthracite.html,Industry > Manufacturing > Non-specified industry,esto__14_03_11__Non-specified_industry,Energy balance (PJ),Anthracite,charts/esto__14_03_11__Non-specified_industry__Energy_balance__PJ__Anthracite.html,sec-Industry__Manufacturing__Non-specified_industry,Non-specified industry,direct
chart::charts/esto__14_03_11__Non-specified_industry__Energy_balance__PJ__Aviation_gasoline.html,Industry > Manufacturing > Non-specified industry,esto__14_03_11__Non-specified_industry,Energy balance (PJ),Aviation gasoline,charts/esto__14_03_11__Non-specified_industry__Energy_balance__PJ__Aviation_gasoline.html,sec-Industry__Manufacturing__Non-specified_industry,Non-specified industry,direct
chart::charts/esto__14_03_11__Non-specified_industry__Energy_balance__PJ__BKB_PB.html,Industry > Manufacturing > Non-specified industry,esto__14_03_11__Non-specified_industry,Energy balance (PJ),BKB/PB,charts/esto__14_03_11__Non-specified_industry__Energy_balance__PJ__BKB_PB.html,sec-Industry__Manufacturing__Non-specified_industry,Non-specified industry,direct
chart::charts/esto__14_03_11__Non-specified_industry__Energy_balance__PJ__Bagasse.html,Industry > Manufacturing > Non-specified industry,esto__14_03_11__Non-specified_industry,Energy balance (PJ),Bagasse,charts/esto__14_03_11__Non-specified_industry__Energy_balance__PJ__Bagasse.html,sec-Industry__Manufacturing__Non-specified_industry,Non-specified industry,direct
chart::charts/esto__14_03_11__Non-specified_industry__Energy_balance__PJ__Bio_jet_kerosene.html,Industry > Manufacturing > Non-specified industry,esto__14_03_11__Non-specified_industry,Energy balance (PJ),Bio jet kerosene,charts/esto__14_03_11__Non-specified_industry__Energy_balance__PJ__Bio_jet_kerosene.html,sec-Industry__Manufacturing__Non-specified_industry,Non-specified industry,direct
chart::charts/esto__14_03_11__Non-specified_industry__Energy_balance__PJ__Biodiesel.html,Industry > Manufacturing > Non-specified industry,esto__14_03_11__Non-specified_industry,Energy balance (PJ),Biodiesel,charts/esto__14_03_11__Non-specified_industry__Energy_balance__PJ__Biodiesel.html,sec-Industry__Manufacturing__Non-specified_industry,Non-specified industry,direct
chart::charts/esto__14_03_11__Non-specified_industry__Energy_balance__PJ__Biogas.html,Industry > Manufacturing > Non-specified industry,esto__14_03_11__Non-specified_industry,Energy balance (PJ),Biogas,charts/esto__14_03_11__Non-specified_industry__Energy_balance__PJ__Biogas.html,sec-Industry__Manufacturing__Non-specified_industry,Non-specified industry,direct
chart::charts/esto__14_03_11__Non-specified_industry__Energy_balance__PJ__Biogasoline.html,Industry > Manufacturing > Non-specified industry,esto__14_03_11__Non-specified_industry,Energy balance (PJ),Biogasoline,charts/esto__14_03_11__Non-specified_industry__Energy_balance__PJ__Biogasoline.html,sec-Industry__Manufacturing__Non-specified_industry,Non-specified industry,direct
chart::charts/esto__14_03_11__Non-specified_industry__Energy_balance__PJ__Bitumen.html,Industry > Manufacturing > Non-specified industry,esto__14_03_11__Non-specified_industry,Energy balance (PJ),Bitumen,charts/esto__14_03_11__Non-specified_industry__Energy_balance__PJ__Bitumen.html,sec-Industry__Manufacturing__Non-specified_industry,Non-specified industry,direct
chart::charts/esto__14_03_11__Non-specified_industry__Energy_balance__PJ__Black_liqour.html,Industry > Manufacturing > Non-specified industry,esto__14_03_11__Non-specified_industry,Energy balance (PJ),Black liqour,charts/esto__14_03_11__Non-specified_industry__Energy_balance__PJ__Black_liqour.html,sec-Industry__Manufacturing__Non-specified_industry,Non-specified industry,direct
chart::charts/esto__14_03_11__Non-specified_industry__Energy_balance__PJ__Blast_furnace_gas.html,Industry > Manufacturing > Non-specified industry,esto__14_03_11__Non-specified_industry,Energy balance (PJ),Blast furnace gas,charts/esto__14_03_11__Non-specified_industry__Energy_balance__PJ__Blast_furnace_gas.html,sec-Industry__Manufacturing__Non-specified_industry,Non-specified industry,direct
chart::charts/esto__14_03_11__Non-specified_industry__Energy_balance__PJ__Charcoal.html,Industry > Manufacturing > Non-specified industry,esto__14_03_11__Non-specified_industry,Energy balance (PJ),Charcoal,charts/esto__14_03_11__Non-specified_industry__Energy_balance__PJ__Charcoal.html,sec-Industry__Manufacturing__Non-specified_industry,Non-specified industry,direct
chart::charts/esto__14_03_11__Non-specified_industry__Energy_balance__PJ__Coal_nonspecified.html,Industry > Manufacturing > Non-specified industry,esto__14_03_11__Non-specified_industry,Energy balance (PJ),Coal nonspecified,charts/esto__14_03_11__Non-specified_industry__Energy_balance__PJ__Coal_nonspecified.html,sec-Industry__Manufacturing__Non-specified_industry,Non-specified industry,direct
chart::charts/esto__14_03_11__Non-specified_industry__Energy_balance__PJ__Coal_tar.html,Industry > Manufacturing > Non-specified industry,esto__14_03_11__Non-specified_industry,Energy balance (PJ),Coal tar,charts/esto__14_03_11__Non-specified_industry__Energy_balance__PJ__Coal_tar.html,sec-Industry__Manufacturing__Non-specified_industry,Non-specified industry,direct
chart::charts/esto__14_03_11__Non-specified_industry__Energy_balance__PJ__Coke_oven_coke.html,Industry > Manufacturing > Non-specified industry,esto__14_03_11__Non-specified_industry,Energy balance (PJ),Coke oven coke,charts/esto__14_03_11__Non-specified_industry__Energy_balance__PJ__Coke_oven_coke.html,sec-Industry__Manufacturing__Non-specified_industry,Non-specified industry,direct
chart::charts/esto__14_03_11__Non-specified_industry__Energy_balance__PJ__Coke_oven_gas.html,Industry > Manufacturing > Non-specified industry,esto__14_03_11__Non-specified_industry,Energy balance (PJ),Coke oven gas,charts/esto__14_03_11__Non-specified_industry__Energy_balance__PJ__Coke_oven_gas.html,sec-Industry__Manufacturing__Non-specified_industry,Non-specified industry,direct
chart::charts/esto__14_03_11__Non-specified_industry__Energy_balance__PJ__Electricity.html,Industry > Manufacturing > Non-specified industry,esto__14_03_11__Non-specified_industry,Energy balance (PJ),Electricity,charts/esto__14_03_11__Non-specified_industry__Energy_balance__PJ__Electricity.html,sec-Industry__Manufacturing__Non-specified_industry,Non-specified industry,direct
chart::charts/esto__14_03_11__Non-specified_industry__Energy_balance__PJ__Ethane.html,Industry > Manufacturing > Non-specified industry,esto__14_03_11__Non-specified_industry,Energy balance (PJ),Ethane,charts/esto__14_03_11__Non-specified_industry__Energy_balance__PJ__Ethane.html,sec-Industry__Manufacturing__Non-specified_industry,Non-specified industry,direct
chart::charts/esto__14_03_11__Non-specified_industry__Energy_balance__PJ__Fuelwood___woodwaste.html,Industry > Manufacturing > Non-specified industry,esto__14_03_11__Non-specified_industry,Energy balance (PJ),Fuelwood & woodwaste,charts/esto__14_03_11__Non-specified_industry__Energy_balance__PJ__Fuelwood___woodwaste.html,sec-Industry__Manufacturing__Non-specified_industry,Non-specified industry,direct
chart::charts/esto__14_03_11__Non-specified_industry__Energy_balance__PJ__Gas_coke.html,Industry > Manufacturing > Non-specified industry,esto__14_03_11__Non-specified_industry,Energy balance (PJ),Gas coke,charts/esto__14_03_11__Non-specified_industry__Energy_balance__PJ__Gas_coke.html,sec-Industry__Manufacturing__Non-specified_industry,Non-specified industry,direct
chart::charts/esto__14_03_11__Non-specified_industry__Energy_balance__PJ__Gas_diesel_oil.html,Industry > Manufacturing > Non-specified industry,esto__14_03_11__Non-specified_industry,Energy balance (PJ),Gas/diesel oil,charts/esto__14_03_11__Non-specified_industry__Energy_balance__PJ__Gas_diesel_oil.html,sec-Industry__Manufacturing__Non-specified_industry,Non-specified industry,direct
chart::charts/esto__14_03_11__Non-specified_industry__Energy_balance__PJ__Gasoline_type_jet_fuel.html,Industry > Manufacturing > Non-specified industry,esto__14_03_11__Non-specified_industry,Energy balance (PJ),Gasoline type jet fuel,charts/esto__14_03_11__Non-specified_industry__Energy_balance__PJ__Gasoline_type_jet_fuel.html,sec-Industry__Manufacturing__Non-specified_industry,Non-specified industry,direct
chart::charts/esto__14_03_11__Non-specified_industry__Energy_balance__PJ__Heat.html,Industry > Manufacturing > Non-specified industry,esto__14_03_11__Non-specified_industry,Energy balance (PJ),Heat,charts/esto__14_03_11__Non-specified_industry__Energy_balance__PJ__Heat.html,sec-Industry__Manufacturing__Non-specified_industry,Non-specified industry,direct
chart::charts/esto__14_03_11__Non-specified_industry__Energy_balance__PJ__Industrial_waste.html,Industry > Manufacturing > Non-specified industry,esto__14_03_11__Non-specified_industry,Energy balance (PJ),Industrial waste,charts/esto__14_03_11__Non-specified_industry__Energy_balance__PJ__Industrial_waste.html,sec-Industry__Manufacturing__Non-specified_industry,Non-specified industry,direct
chart::charts/esto__14_03_11__Non-specified_industry__Energy_balance__PJ__Kerosene.html,Industry > Manufacturing > Non-specified industry,esto__14_03_11__Non-specified_industry,Energy balance (PJ),Kerosene,charts/esto__14_03_11__Non-specified_industry__Energy_balance__PJ__Kerosene.html,sec-Industry__Manufacturing__Non-specified_industry,Non-specified industry,direct
chart::charts/esto__14_03_11__Non-specified_industry__Energy_balance__PJ__Kerosene_type_jet_fuel.html,Industry > Manufacturing > Non-specified industry,esto__14_03_11__Non-specified_industry,Energy balance (PJ),Kerosene type jet fuel,charts/esto__14_03_11__Non-specified_industry__Energy_balance__PJ__Kerosene_type_jet_fuel.html,sec-Industry__Manufacturing__Non-specified_industry,Non-specified industry,direct
chart::charts/esto__14_03_11__Non-specified_industry__Energy_balance__PJ__LPG.html,Industry > Manufacturing > Non-specified industry,esto__14_03_11__Non-specified_industry,Energy balance (PJ),LPG,charts/esto__14_03_11__Non-specified_industry__Energy_balance__PJ__LPG.html,sec-Industry__Manufacturing__Non-specified_industry,Non-specified industry,direct
chart::charts/esto__14_03_11__Non-specified_industry__Energy_balance__PJ__Lubricants.html,Industry > Manufacturing > Non-specified industry,esto__14_03_11__Non-specified_industry,Energy balance (PJ),Lubricants,charts/esto__14_03_11__Non-specified_industry__Energy_balance__PJ__Lubricants.html,sec-Industry__Manufacturing__Non-specified_industry,Non-specified industry,direct
chart::charts/esto__14_03_11__Non-specified_industry__Energy_balance__PJ__Municipal_solid_waste__non-renewable.html,Industry > Manufacturing > Non-specified industry,esto__14_03_11__Non-specified_industry,Energy balance (PJ),Municipal solid waste (non-renewable),charts/esto__14_03_11__Non-specified_industry__Energy_balance__PJ__Municipal_solid_waste__non-renewable.html,sec-Industry__Manufacturing__Non-specified_industry,Non-specified industry,direct
chart::charts/esto__14_03_11__Non-specified_industry__Energy_balance__PJ__Municipal_solid_waste__renewable.html,Industry > Manufacturing > Non-specified industry,esto__14_03_11__Non-specified_industry,Energy balance (PJ),Municipal solid waste (renewable),charts/esto__14_03_11__Non-specified_industry__Energy_balance__PJ__Municipal_solid_waste__renewable.html,sec-Industry__Manufacturing__Non-specified_industry,Non-specified industry,direct
chart::charts/esto__14_03_11__Non-specified_industry__Energy_balance__PJ__Naphtha.html,Industry > Manufacturing > Non-specified industry,esto__14_03_11__Non-specified_industry,Energy balance (PJ),Naphtha,charts/esto__14_03_11__Non-specified_industry__Energy_balance__PJ__Naphtha.html,sec-Industry__Manufacturing__Non-specified_industry,Non-specified industry,direct
chart::charts/esto__14_03_11__Non-specified_industry__Energy_balance__PJ__Natural_gas.html,Industry > Manufacturing > Non-specified industry,esto__14_03_11__Non-specified_industry,Energy balance (PJ),Natural gas,charts/esto__14_03_11__Non-specified_industry__Energy_balance__PJ__Natural_gas.html,sec-Industry__Manufacturing__Non-specified_industry,Non-specified industry,direct
chart::charts/esto__14_03_11__Non-specified_industry__Energy_balance__PJ__Other_biomass.html,Industry > Manufacturing > Non-specified industry,esto__14_03_11__Non-specified_industry,Energy balance (PJ),Other biomass,charts/esto__14_03_11__Non-specified_industry__Energy_balance__PJ__Other_biomass.html,sec-Industry__Manufacturing__Non-specified_industry,Non-specified industry,direct
chart::charts/esto__14_03_11__Non-specified_industry__Energy_balance__PJ__Other_bituminous_coal.html,Industry > Manufacturing > Non-specified industry,esto__14_03_11__Non-specified_industry,Energy balance (PJ),Other bituminous coal,charts/esto__14_03_11__Non-specified_industry__Energy_balance__PJ__Other_bituminous_coal.html,sec-Industry__Manufacturing__Non-specified_industry,Non-specified industry,direct
chart::charts/esto__14_03_11__Non-specified_industry__Energy_balance__PJ__Other_liquid_biofuels.html,Industry > Manufacturing > Non-specified industry,esto__14_03_11__Non-specified_industry,Energy balance (PJ),Other liquid biofuels,charts/esto__14_03_11__Non-specified_industry__Energy_balance__PJ__Other_liquid_biofuels.html,sec-Industry__Manufacturing__Non-specified_industry,Non-specified industry,direct
chart::charts/esto__14_03_11__Non-specified_industry__Energy_balance__PJ__Other_products.html,Industry > Manufacturing > Non-specified industry,esto__14_03_11__Non-specified_industry,Energy balance (PJ),Other products,charts/esto__14_03_11__Non-specified_industry__Energy_balance__PJ__Other_products.html,sec-Industry__Manufacturing__Non-specified_industry,Non-specified industry,direct
chart::charts/esto__14_03_11__Non-specified_industry__Energy_balance__PJ__Other_recovered_gases.html,Industry > Manufacturing > Non-specified industry,esto__14_03_11__Non-specified_industry,Energy balance (PJ),Other recovered gases,charts/esto__14_03_11__Non-specified_industry__Energy_balance__PJ__Other_recovered_gases.html,sec-Industry__Manufacturing__Non-specified_industry,Non-specified industry,direct
chart::charts/esto__14_03_11__Non-specified_industry__Energy_balance__PJ__Other_sources.html,Industry > Manufacturing > Non-specified industry,esto__14_03_11__Non-specified_industry,Energy balance (PJ),Other sources,charts/esto__14_03_11__Non-specified_industry__Energy_balance__PJ__Other_sources.html,sec-Industry__Manufacturing__Non-specified_industry,Non-specified industry,direct
chart::charts/esto__14_03_11__Non-specified_industry__Energy_balance__PJ__Others.html,Industry > Manufacturing > Non-specified industry,esto__14_03_11__Non-specified_industry,Energy balance (PJ),Others,charts/esto__14_03_11__Non-specified_industry__Energy_balance__PJ__Others.html,sec-Industry__Manufacturing__Non-specified_industry,Non-specified industry,direct
chart::charts/esto__14_03_11__Non-specified_industry__Energy_balance__PJ__Paraffin_waxes.html,Industry > Manufacturing > Non-specified industry,esto__14_03_11__Non-specified_industry,Energy balance (PJ),Paraffin waxes,charts/esto__14_03_11__Non-specified_industry__Energy_balance__PJ__Paraffin_waxes.html,sec-Industry__Manufacturing__Non-specified_industry,Non-specified industry,direct
chart::charts/esto__14_03_11__Non-specified_industry__Energy_balance__PJ__Patent_fuel.html,Industry > Manufacturing > Non-specified industry,esto__14_03_11__Non-specified_industry,Energy balance (PJ),Patent fuel,charts/esto__14_03_11__Non-specified_industry__Energy_balance__PJ__Patent_fuel.html,sec-Industry__Manufacturing__Non-specified_industry,Non-specified industry,direct
chart::charts/esto__14_03_11__Non-specified_industry__Energy_balance__PJ__PetProd_nonspecified.html,Industry > Manufacturing > Non-specified industry,esto__14_03_11__Non-specified_industry,Energy balance (PJ),PetProd nonspecified,charts/esto__14_03_11__Non-specified_industry__Energy_balance__PJ__PetProd_nonspecified.html,sec-Industry__Manufacturing__Non-specified_industry,Non-specified industry,direct
chart::charts/esto__14_03_11__Non-specified_industry__Energy_balance__PJ__Petroleum_coke.html,Industry > Manufacturing > Non-specified industry,esto__14_03_11__Non-specified_industry,Energy balance (PJ),Petroleum coke,charts/esto__14_03_11__Non-specified_industry__Energy_balance__PJ__Petroleum_coke.html,sec-Industry__Manufacturing__Non-specified_industry,Non-specified industry,direct
chart::charts/esto__14_03_11__Non-specified_industry__Energy_balance__PJ__Refinery_gas__not_liquefied.html,Industry > Manufacturing > Non-specified industry,esto__14_03_11__Non-specified_industry,Energy balance (PJ),Refinery gas (not liquefied),charts/esto__14_03_11__Non-specified_industry__Energy_balance__PJ__Refinery_gas__not_liquefied.html,sec-Industry__Manufacturing__Non-specified_industry,Non-specified industry,direct
chart::charts/esto__14_03_11__Non-specified_industry__Energy_balance__PJ__Solid_biomass.html,Industry > Manufacturing > Non-specified industry,esto__14_03_11__Non-specified_industry,Energy balance (PJ),Solid biomass,charts/esto__14_03_11__Non-specified_industry__Energy_balance__PJ__Solid_biomass.html,sec-Industry__Manufacturing__Non-specified_industry,Non-specified industry,direct
chart::charts/esto__14_03_11__Non-specified_industry__Energy_balance__PJ__Sub-bituminous_coal.html,Industry > Manufacturing > Non-specified industry,esto__14_03_11__Non-specified_industry,Energy balance (PJ),Sub-bituminous coal,charts/esto__14_03_11__Non-specified_industry__Energy_balance__PJ__Sub-bituminous_coal.html,sec-Industry__Manufacturing__Non-specified_industry,Non-specified industry,direct
chart::charts/esto__14_03_11__Non-specified_industry__Energy_balance__PJ__White_spirit_SBP.html,Industry > Manufacturing > Non-specified industry,esto__14_03_11__Non-specified_industry,Energy balance (PJ),White spirit SBP,charts/esto__14_03_11__Non-specified_industry__Energy_balance__PJ__White_spirit_SBP.html,sec-Industry__Manufacturing__Non-specified_industry,Non-specified industry,direct
chart::charts/esto__14_03_08__Pulp__paper_and_printing__Energy_balance__PJ__Anthracite.html,"Industry > Manufacturing > Pulp, paper and printing",esto__14_03_08__Pulp__paper_and_printing,Energy balance (PJ),Anthracite,charts/esto__14_03_08__Pulp__paper_and_printing__Energy_balance__PJ__Anthracite.html,sec-Industry__Manufacturing__Pulp__paper_and_printing,"Pulp, paper and printing",direct
chart::charts/esto__14_03_08__Pulp__paper_and_printing__Energy_balance__PJ__Aviation_gasoline.html,"Industry > Manufacturing > Pulp, paper and printing",esto__14_03_08__Pulp__paper_and_printing,Energy balance (PJ),Aviation gasoline,charts/esto__14_03_08__Pulp__paper_and_printing__Energy_balance__PJ__Aviation_gasoline.html,sec-Industry__Manufacturing__Pulp__paper_and_printing,"Pulp, paper and printing",direct
chart::charts/esto__14_03_08__Pulp__paper_and_printing__Energy_balance__PJ__Bagasse.html,"Industry > Manufacturing > Pulp, paper and printing",esto__14_03_08__Pulp__paper_and_printing,Energy balance (PJ),Bagasse,charts/esto__14_03_08__Pulp__paper_and_printing__Energy_balance__PJ__Bagasse.html,sec-Industry__Manufacturing__Pulp__paper_and_printing,"Pulp, paper and printing",direct
chart::charts/esto__14_03_08__Pulp__paper_and_printing__Energy_balance__PJ__Bio_jet_kerosene.html,"Industry > Manufacturing > Pulp, paper and printing",esto__14_03_08__Pulp__paper_and_printing,Energy balance (PJ),Bio jet kerosene,charts/esto__14_03_08__Pulp__paper_and_printing__Energy_balance__PJ__Bio_jet_kerosene.html,sec-Industry__Manufacturing__Pulp__paper_and_printing,"Pulp, paper and printing",direct
chart::charts/esto__14_03_08__Pulp__paper_and_printing__Energy_balance__PJ__Biodiesel.html,"Industry > Manufacturing > Pulp, paper and printing",esto__14_03_08__Pulp__paper_and_printing,Energy balance (PJ),Biodiesel,charts/esto__14_03_08__Pulp__paper_and_printing__Energy_balance__PJ__Biodiesel.html,sec-Industry__Manufacturing__Pulp__paper_and_printing,"Pulp, paper and printing",direct
chart::charts/esto__14_03_08__Pulp__paper_and_printing__Energy_balance__PJ__Biogas.html,"Industry > Manufacturing > Pulp, paper and printing",esto__14_03_08__Pulp__paper_and_printing,Energy balance (PJ),Biogas,charts/esto__14_03_08__Pulp__paper_and_printing__Energy_balance__PJ__Biogas.html,sec-Industry__Manufacturing__Pulp__paper_and_printing,"Pulp, paper and printing",direct
chart::charts/esto__14_03_08__Pulp__paper_and_printing__Energy_balance__PJ__Biogasoline.html,"Industry > Manufacturing > Pulp, paper and printing",esto__14_03_08__Pulp__paper_and_printing,Energy balance (PJ),Biogasoline,charts/esto__14_03_08__Pulp__paper_and_printing__Energy_balance__PJ__Biogasoline.html,sec-Industry__Manufacturing__Pulp__paper_and_printing,"Pulp, paper and printing",direct
chart::charts/esto__14_03_08__Pulp__paper_and_printing__Energy_balance__PJ__Bitumen.html,"Industry > Manufacturing > Pulp, paper and printing",esto__14_03_08__Pulp__paper_and_printing,Energy balance (PJ),Bitumen,charts/esto__14_03_08__Pulp__paper_and_printing__Energy_balance__PJ__Bitumen.html,sec-Industry__Manufacturing__Pulp__paper_and_printing,"Pulp, paper and printing",direct
chart::charts/esto__14_03_08__Pulp__paper_and_printing__Energy_balance__PJ__Black_liqour.html,"Industry > Manufacturing > Pulp, paper and printing",esto__14_03_08__Pulp__paper_and_printing,Energy balance (PJ),Black liqour,charts/esto__14_03_08__Pulp__paper_and_printing__Energy_balance__PJ__Black_liqour.html,sec-Industry__Manufacturing__Pulp__paper_and_printing,"Pulp, paper and printing",direct
chart::charts/esto__14_03_08__Pulp__paper_and_printing__Energy_balance__PJ__Charcoal.html,"Industry > Manufacturing > Pulp, paper and printing",esto__14_03_08__Pulp__paper_and_printing,Energy balance (PJ),Charcoal,charts/esto__14_03_08__Pulp__paper_and_printing__Energy_balance__PJ__Charcoal.html,sec-Industry__Manufacturing__Pulp__paper_and_printing,"Pulp, paper and printing",direct
chart::charts/esto__14_03_08__Pulp__paper_and_printing__Energy_balance__PJ__Coal_nonspecified.html,"Industry > Manufacturing > Pulp, paper and printing",esto__14_03_08__Pulp__paper_and_printing,Energy balance (PJ),Coal nonspecified,charts/esto__14_03_08__Pulp__paper_and_printing__Energy_balance__PJ__Coal_nonspecified.html,sec-Industry__Manufacturing__Pulp__paper_and_printing,"Pulp, paper and printing",direct
chart::charts/esto__14_03_08__Pulp__paper_and_printing__Energy_balance__PJ__Electricity.html,"Industry > Manufacturing > Pulp, paper and printing",esto__14_03_08__Pulp__paper_and_printing,Energy balance (PJ),Electricity,charts/esto__14_03_08__Pulp__paper_and_printing__Energy_balance__PJ__Electricity.html,sec-Industry__Manufacturing__Pulp__paper_and_printing,"Pulp, paper and printing",direct
chart::charts/esto__14_03_08__Pulp__paper_and_printing__Energy_balance__PJ__Ethane.html,"Industry > Manufacturing > Pulp, paper and printing",esto__14_03_08__Pulp__paper_and_printing,Energy balance (PJ),Ethane,charts/esto__14_03_08__Pulp__paper_and_printing__Energy_balance__PJ__Ethane.html,sec-Industry__Manufacturing__Pulp__paper_and_printing,"Pulp, paper and printing",direct
chart::charts/esto__14_03_08__Pulp__paper_and_printing__Energy_balance__PJ__Fuel_oil.html,"Industry > Manufacturing > Pulp, paper and printing",esto__14_03_08__Pulp__paper_and_printing,Energy balance (PJ),Fuel oil,charts/esto__14_03_08__Pulp__paper_and_printing__Energy_balance__PJ__Fuel_oil.html,sec-Industry__Manufacturing__Pulp__paper_and_printing,"Pulp, paper and printing",direct
chart::charts/esto__14_03_08__Pulp__paper_and_printing__Energy_balance__PJ__Fuelwood___woodwaste.html,"Industry > Manufacturing > Pulp, paper and printing",esto__14_03_08__Pulp__paper_and_printing,Energy balance (PJ),Fuelwood & woodwaste,charts/esto__14_03_08__Pulp__paper_and_printing__Energy_balance__PJ__Fuelwood___woodwaste.html,sec-Industry__Manufacturing__Pulp__paper_and_printing,"Pulp, paper and printing",direct
chart::charts/esto__14_03_08__Pulp__paper_and_printing__Energy_balance__PJ__Gas_diesel_oil.html,"Industry > Manufacturing > Pulp, paper and printing",esto__14_03_08__Pulp__paper_and_printing,Energy balance (PJ),Gas/diesel oil,charts/esto__14_03_08__Pulp__paper_and_printing__Energy_balance__PJ__Gas_diesel_oil.html,sec-Industry__Manufacturing__Pulp__paper_and_printing,"Pulp, paper and printing",direct
chart::charts/esto__14_03_08__Pulp__paper_and_printing__Energy_balance__PJ__Gasoline_type_jet_fuel.html,"Industry > Manufacturing > Pulp, paper and printing",esto__14_03_08__Pulp__paper_and_printing,Energy balance (PJ),Gasoline type jet fuel,charts/esto__14_03_08__Pulp__paper_and_printing__Energy_balance__PJ__Gasoline_type_jet_fuel.html,sec-Industry__Manufacturing__Pulp__paper_and_printing,"Pulp, paper and printing",direct
chart::charts/esto__14_03_08__Pulp__paper_and_printing__Energy_balance__PJ__Heat.html,"Industry > Manufacturing > Pulp, paper and printing",esto__14_03_08__Pulp__paper_and_printing,Energy balance (PJ),Heat,charts/esto__14_03_08__Pulp__paper_and_printing__Energy_balance__PJ__Heat.html,sec-Industry__Manufacturing__Pulp__paper_and_printing,"Pulp, paper and printing",direct
chart::charts/esto__14_03_08__Pulp__paper_and_printing__Energy_balance__PJ__Industrial_waste.html,"Industry > Manufacturing > Pulp, paper and printing",esto__14_03_08__Pulp__paper_and_printing,Energy balance (PJ),Industrial waste,charts/esto__14_03_08__Pulp__paper_and_printing__Energy_balance__PJ__Industrial_waste.html,sec-Industry__Manufacturing__Pulp__paper_and_printing,"Pulp, paper and printing",direct
chart::charts/esto__14_03_08__Pulp__paper_and_printing__Energy_balance__PJ__Kerosene.html,"Industry > Manufacturing > Pulp, paper and printing",esto__14_03_08__Pulp__paper_and_printing,Energy balance (PJ),Kerosene,charts/esto__14_03_08__Pulp__paper_and_printing__Energy_balance__PJ__Kerosene.html,sec-Industry__Manufacturing__Pulp__paper_and_printing,"Pulp, paper and printing",direct
chart::charts/esto__14_03_08__Pulp__paper_and_printing__Energy_balance__PJ__Kerosene_type_jet_fuel.html,"Industry > Manufacturing > Pulp, paper and printing",esto__14_03_08__Pulp__paper_and_printing,Energy balance (PJ),Kerosene type jet fuel,charts/esto__14_03_08__Pulp__paper_and_printing__Energy_balance__PJ__Kerosene_type_jet_fuel.html,sec-Industry__Manufacturing__Pulp__paper_and_printing,"Pulp, paper and printing",direct
chart::charts/esto__14_03_08__Pulp__paper_and_printing__Energy_balance__PJ__LPG.html,"Industry > Manufacturing > Pulp, paper and printing",esto__14_03_08__Pulp__paper_and_printing,Energy balance (PJ),LPG,charts/esto__14_03_08__Pulp__paper_and_printing__Energy_balance__PJ__LPG.html,sec-Industry__Manufacturing__Pulp__paper_and_printing,"Pulp, paper and printing",direct
chart::charts/esto__14_03_08__Pulp__paper_and_printing__Energy_balance__PJ__Lubricants.html,"Industry > Manufacturing > Pulp, paper and printing",esto__14_03_08__Pulp__paper_and_printing,Energy balance (PJ),Lubricants,charts/esto__14_03_08__Pulp__paper_and_printing__Energy_balance__PJ__Lubricants.html,sec-Industry__Manufacturing__Pulp__paper_and_printing,"Pulp, paper and printing",direct
chart::charts/esto__14_03_08__Pulp__paper_and_printing__Energy_balance__PJ__Municipal_solid_waste__non-renewable.html,"Industry > Manufacturing > Pulp, paper and printing",esto__14_03_08__Pulp__paper_and_printing,Energy balance (PJ),Municipal solid waste (non-renewable),charts/esto__14_03_08__Pulp__paper_and_printing__Energy_balance__PJ__Municipal_solid_waste__non-renewable.html,sec-Industry__Manufacturing__Pulp__paper_and_printing,"Pulp, paper and printing",direct
chart::charts/esto__14_03_08__Pulp__paper_and_printing__Energy_balance__PJ__Municipal_solid_waste__renewable.html,"Industry > Manufacturing > Pulp, paper and printing",esto__14_03_08__Pulp__paper_and_printing,Energy balance (PJ),Municipal solid waste (renewable),charts/esto__14_03_08__Pulp__paper_and_printing__Energy_balance__PJ__Municipal_solid_waste__renewable.html,sec-Industry__Manufacturing__Pulp__paper_and_printing,"Pulp, paper and printing",direct
chart::charts/esto__14_03_08__Pulp__paper_and_printing__Energy_balance__PJ__Naphtha.html,"Industry > Manufacturing > Pulp, paper and printing",esto__14_03_08__Pulp__paper_and_printing,Energy balance (PJ),Naphtha,charts/esto__14_03_08__Pulp__paper_and_printing__Energy_balance__PJ__Naphtha.html,sec-Industry__Manufacturing__Pulp__paper_and_printing,"Pulp, paper and printing",direct
chart::charts/esto__14_03_08__Pulp__paper_and_printing__Energy_balance__PJ__Natural_gas.html,"Industry > Manufacturing > Pulp, paper and printing",esto__14_03_08__Pulp__paper_and_printing,Energy balance (PJ),Natural gas,charts/esto__14_03_08__Pulp__paper_and_printing__Energy_balance__PJ__Natural_gas.html,sec-Industry__Manufacturing__Pulp__paper_and_printing,"Pulp, paper and printing",direct
chart::charts/esto__14_03_08__Pulp__paper_and_printing__Energy_balance__PJ__Other_biomass.html,"Industry > Manufacturing > Pulp, paper and printing",esto__14_03_08__Pulp__paper_and_printing,Energy balance (PJ),Other biomass,charts/esto__14_03_08__Pulp__paper_and_printing__Energy_balance__PJ__Other_biomass.html,sec-Industry__Manufacturing__Pulp__paper_and_printing,"Pulp, paper and printing",direct
chart::charts/esto__14_03_08__Pulp__paper_and_printing__Energy_balance__PJ__Other_bituminous_coal.html,"Industry > Manufacturing > Pulp, paper and printing",esto__14_03_08__Pulp__paper_and_printing,Energy balance (PJ),Other bituminous coal,charts/esto__14_03_08__Pulp__paper_and_printing__Energy_balance__PJ__Other_bituminous_coal.html,sec-Industry__Manufacturing__Pulp__paper_and_printing,"Pulp, paper and printing",direct
chart::charts/esto__14_03_08__Pulp__paper_and_printing__Energy_balance__PJ__Other_liquid_biofuels.html,"Industry > Manufacturing > Pulp, paper and printing",esto__14_03_08__Pulp__paper_and_printing,Energy balance (PJ),Other liquid biofuels,charts/esto__14_03_08__Pulp__paper_and_printing__Energy_balance__PJ__Other_liquid_biofuels.html,sec-Industry__Manufacturing__Pulp__paper_and_printing,"Pulp, paper and printing",direct
chart::charts/esto__14_03_08__Pulp__paper_and_printing__Energy_balance__PJ__Other_products.html,"Industry > Manufacturing > Pulp, paper and printing",esto__14_03_08__Pulp__paper_and_printing,Energy balance (PJ),Other products,charts/esto__14_03_08__Pulp__paper_and_printing__Energy_balance__PJ__Other_products.html,sec-Industry__Manufacturing__Pulp__paper_and_printing,"Pulp, paper and printing",direct
chart::charts/esto__14_03_08__Pulp__paper_and_printing__Energy_balance__PJ__Other_sources.html,"Industry > Manufacturing > Pulp, paper and printing",esto__14_03_08__Pulp__paper_and_printing,Energy balance (PJ),Other sources,charts/esto__14_03_08__Pulp__paper_and_printing__Energy_balance__PJ__Other_sources.html,sec-Industry__Manufacturing__Pulp__paper_and_printing,"Pulp, paper and printing",direct
chart::charts/esto__14_03_08__Pulp__paper_and_printing__Energy_balance__PJ__Others.html,"Industry > Manufacturing > Pulp, paper and printing",esto__14_03_08__Pulp__paper_and_printing,Energy balance (PJ),Others,charts/esto__14_03_08__Pulp__paper_and_printing__Energy_balance__PJ__Others.html,sec-Industry__Manufacturing__Pulp__paper_and_printing,"Pulp, paper and printing",direct
chart::charts/esto__14_03_08__Pulp__paper_and_printing__Energy_balance__PJ__Paraffin_waxes.html,"Industry > Manufacturing > Pulp, paper and printing",esto__14_03_08__Pulp__paper_and_printing,Energy balance (PJ),Paraffin waxes,charts/esto__14_03_08__Pulp__paper_and_printing__Energy_balance__PJ__Paraffin_waxes.html,sec-Industry__Manufacturing__Pulp__paper_and_printing,"Pulp, paper and printing",direct
chart::charts/esto__14_03_08__Pulp__paper_and_printing__Energy_balance__PJ__PetProd_nonspecified.html,"Industry > Manufacturing > Pulp, paper and printing",esto__14_03_08__Pulp__paper_and_printing,Energy balance (PJ),PetProd nonspecified,charts/esto__14_03_08__Pulp__paper_and_printing__Energy_balance__PJ__PetProd_nonspecified.html,sec-Industry__Manufacturing__Pulp__paper_and_printing,"Pulp, paper and printing",direct
chart::charts/esto__14_03_08__Pulp__paper_and_printing__Energy_balance__PJ__Petroleum_coke.html,"Industry > Manufacturing > Pulp, paper and printing",esto__14_03_08__Pulp__paper_and_printing,Energy balance (PJ),Petroleum coke,charts/esto__14_03_08__Pulp__paper_and_printing__Energy_balance__PJ__Petroleum_coke.html,sec-Industry__Manufacturing__Pulp__paper_and_printing,"Pulp, paper and printing",direct
chart::charts/esto__14_03_08__Pulp__paper_and_printing__Energy_balance__PJ__Refinery_gas__not_liquefied.html,"Industry > Manufacturing > Pulp, paper and printing",esto__14_03_08__Pulp__paper_and_printing,Energy balance (PJ),Refinery gas (not liquefied),charts/esto__14_03_08__Pulp__paper_and_printing__Energy_balance__PJ__Refinery_gas__not_liquefied.html,sec-Industry__Manufacturing__Pulp__paper_and_printing,"Pulp, paper and printing",direct
chart::charts/esto__14_03_08__Pulp__paper_and_printing__Energy_balance__PJ__Solid_biomass.html,"Industry > Manufacturing > Pulp, paper and printing",esto__14_03_08__Pulp__paper_and_printing,Energy balance (PJ),Solid biomass,charts/esto__14_03_08__Pulp__paper_and_printing__Energy_balance__PJ__Solid_biomass.html,sec-Industry__Manufacturing__Pulp__paper_and_printing,"Pulp, paper and printing",direct
chart::charts/esto__14_03_08__Pulp__paper_and_printing__Energy_balance__PJ__Sub-bituminous_coal.html,"Industry > Manufacturing > Pulp, paper and printing",esto__14_03_08__Pulp__paper_and_printing,Energy balance (PJ),Sub-bituminous coal,charts/esto__14_03_08__Pulp__paper_and_printing__Energy_balance__PJ__Sub-bituminous_coal.html,sec-Industry__Manufacturing__Pulp__paper_and_printing,"Pulp, paper and printing",direct
chart::charts/esto__14_03_08__Pulp__paper_and_printing__Energy_balance__PJ__White_spirit_SBP.html,"Industry > Manufacturing > Pulp, paper and printing",esto__14_03_08__Pulp__paper_and_printing,Energy balance (PJ),White spirit SBP,charts/esto__14_03_08__Pulp__paper_and_printing__Energy_balance__PJ__White_spirit_SBP.html,sec-Industry__Manufacturing__Pulp__paper_and_printing,"Pulp, paper and printing",direct
chart::charts/esto__14_03_10__Textiles_and_leather__Energy_balance__PJ__Anthracite.html,Industry > Manufacturing > Textiles and leather,esto__14_03_10__Textiles_and_leather,Energy balance (PJ),Anthracite,charts/esto__14_03_10__Textiles_and_leather__Energy_balance__PJ__Anthracite.html,sec-Industry__Manufacturing__Textiles_and_leather,Textiles and leather,direct
chart::charts/esto__14_03_10__Textiles_and_leather__Energy_balance__PJ__Coal_nonspecified.html,Industry > Manufacturing > Textiles and leather,esto__14_03_10__Textiles_and_leather,Energy balance (PJ),Coal nonspecified,charts/esto__14_03_10__Textiles_and_leather__Energy_balance__PJ__Coal_nonspecified.html,sec-Industry__Manufacturing__Textiles_and_leather,Textiles and leather,direct
chart::charts/esto__14_03_10__Textiles_and_leather__Energy_balance__PJ__Electricity.html,Industry > Manufacturing > Textiles and leather,esto__14_03_10__Textiles_and_leather,Energy balance (PJ),Electricity,charts/esto__14_03_10__Textiles_and_leather__Energy_balance__PJ__Electricity.html,sec-Industry__Manufacturing__Textiles_and_leather,Textiles and leather,direct
chart::charts/esto__14_03_10__Textiles_and_leather__Energy_balance__PJ__Heat.html,Industry > Manufacturing > Textiles and leather,esto__14_03_10__Textiles_and_leather,Energy balance (PJ),Heat,charts/esto__14_03_10__Textiles_and_leather__Energy_balance__PJ__Heat.html,sec-Industry__Manufacturing__Textiles_and_leather,Textiles and leather,direct
chart::charts/esto__14_03_10__Textiles_and_leather__Energy_balance__PJ__Natural_gas.html,Industry > Manufacturing > Textiles and leather,esto__14_03_10__Textiles_and_leather,Energy balance (PJ),Natural gas,charts/esto__14_03_10__Textiles_and_leather__Energy_balance__PJ__Natural_gas.html,sec-Industry__Manufacturing__Textiles_and_leather,Textiles and leather,direct
chart::charts/esto__14_03_10__Textiles_and_leather__Energy_balance__PJ__Other_bituminous_coal.html,Industry > Manufacturing > Textiles and leather,esto__14_03_10__Textiles_and_leather,Energy balance (PJ),Other bituminous coal,charts/esto__14_03_10__Textiles_and_leather__Energy_balance__PJ__Other_bituminous_coal.html,sec-Industry__Manufacturing__Textiles_and_leather,Textiles and leather,direct
chart::charts/esto__14_03_10__Textiles_and_leather__Energy_balance__PJ__Sub-bituminous_coal.html,Industry > Manufacturing > Textiles and leather,esto__14_03_10__Textiles_and_leather,Energy balance (PJ),Sub-bituminous coal,charts/esto__14_03_10__Textiles_and_leather__Energy_balance__PJ__Sub-bituminous_coal.html,sec-Industry__Manufacturing__Textiles_and_leather,Textiles and leather,direct
chart::charts/esto__14_03_05__Transportation_equipment__Energy_balance__PJ__Bagasse.html,Industry > Manufacturing > Transportation equipment,esto__14_03_05__Transportation_equipment,Energy balance (PJ),Bagasse,charts/esto__14_03_05__Transportation_equipment__Energy_balance__PJ__Bagasse.html,sec-Industry__Manufacturing__Transportation_equipment,Transportation equipment,direct
chart::charts/esto__14_03_05__Transportation_equipment__Energy_balance__PJ__Bio_jet_kerosene.html,Industry > Manufacturing > Transportation equipment,esto__14_03_05__Transportation_equipment,Energy balance (PJ),Bio jet kerosene,charts/esto__14_03_05__Transportation_equipment__Energy_balance__PJ__Bio_jet_kerosene.html,sec-Industry__Manufacturing__Transportation_equipment,Transportation equipment,direct
chart::charts/esto__14_03_05__Transportation_equipment__Energy_balance__PJ__Biodiesel.html,Industry > Manufacturing > Transportation equipment,esto__14_03_05__Transportation_equipment,Energy balance (PJ),Biodiesel,charts/esto__14_03_05__Transportation_equipment__Energy_balance__PJ__Biodiesel.html,sec-Industry__Manufacturing__Transportation_equipment,Transportation equipment,direct
chart::charts/esto__14_03_05__Transportation_equipment__Energy_balance__PJ__Biogas.html,Industry > Manufacturing > Transportation equipment,esto__14_03_05__Transportation_equipment,Energy balance (PJ),Biogas,charts/esto__14_03_05__Transportation_equipment__Energy_balance__PJ__Biogas.html,sec-Industry__Manufacturing__Transportation_equipment,Transportation equipment,direct
chart::charts/esto__14_03_05__Transportation_equipment__Energy_balance__PJ__Biogasoline.html,Industry > Manufacturing > Transportation equipment,esto__14_03_05__Transportation_equipment,Energy balance (PJ),Biogasoline,charts/esto__14_03_05__Transportation_equipment__Energy_balance__PJ__Biogasoline.html,sec-Industry__Manufacturing__Transportation_equipment,Transportation equipment,direct
chart::charts/esto__14_03_05__Transportation_equipment__Energy_balance__PJ__Black_liqour.html,Industry > Manufacturing > Transportation equipment,esto__14_03_05__Transportation_equipment,Energy balance (PJ),Black liqour,charts/esto__14_03_05__Transportation_equipment__Energy_balance__PJ__Black_liqour.html,sec-Industry__Manufacturing__Transportation_equipment,Transportation equipment,direct
chart::charts/esto__14_03_05__Transportation_equipment__Energy_balance__PJ__Charcoal.html,Industry > Manufacturing > Transportation equipment,esto__14_03_05__Transportation_equipment,Energy balance (PJ),Charcoal,charts/esto__14_03_05__Transportation_equipment__Energy_balance__PJ__Charcoal.html,sec-Industry__Manufacturing__Transportation_equipment,Transportation equipment,direct
chart::charts/esto__14_03_05__Transportation_equipment__Energy_balance__PJ__Electricity.html,Industry > Manufacturing > Transportation equipment,esto__14_03_05__Transportation_equipment,Energy balance (PJ),Electricity,charts/esto__14_03_05__Transportation_equipment__Energy_balance__PJ__Electricity.html,sec-Industry__Manufacturing__Transportation_equipment,Transportation equipment,direct
chart::charts/esto__14_03_05__Transportation_equipment__Energy_balance__PJ__Fuel_oil.html,Industry > Manufacturing > Transportation equipment,esto__14_03_05__Transportation_equipment,Energy balance (PJ),Fuel oil,charts/esto__14_03_05__Transportation_equipment__Energy_balance__PJ__Fuel_oil.html,sec-Industry__Manufacturing__Transportation_equipment,Transportation equipment,direct
chart::charts/esto__14_03_05__Transportation_equipment__Energy_balance__PJ__Fuelwood___woodwaste.html,Industry > Manufacturing > Transportation equipment,esto__14_03_05__Transportation_equipment,Energy balance (PJ),Fuelwood & woodwaste,charts/esto__14_03_05__Transportation_equipment__Energy_balance__PJ__Fuelwood___woodwaste.html,sec-Industry__Manufacturing__Transportation_equipment,Transportation equipment,direct
chart::charts/esto__14_03_05__Transportation_equipment__Energy_balance__PJ__Gas_diesel_oil.html,Industry > Manufacturing > Transportation equipment,esto__14_03_05__Transportation_equipment,Energy balance (PJ),Gas/diesel oil,charts/esto__14_03_05__Transportation_equipment__Energy_balance__PJ__Gas_diesel_oil.html,sec-Industry__Manufacturing__Transportation_equipment,Transportation equipment,direct
chart::charts/esto__14_03_05__Transportation_equipment__Energy_balance__PJ__Heat.html,Industry > Manufacturing > Transportation equipment,esto__14_03_05__Transportation_equipment,Energy balance (PJ),Heat,charts/esto__14_03_05__Transportation_equipment__Energy_balance__PJ__Heat.html,sec-Industry__Manufacturing__Transportation_equipment,Transportation equipment,direct
chart::charts/esto__14_03_05__Transportation_equipment__Energy_balance__PJ__Industrial_waste.html,Industry > Manufacturing > Transportation equipment,esto__14_03_05__Transportation_equipment,Energy balance (PJ),Industrial waste,charts/esto__14_03_05__Transportation_equipment__Energy_balance__PJ__Industrial_waste.html,sec-Industry__Manufacturing__Transportation_equipment,Transportation equipment,direct
chart::charts/esto__14_03_05__Transportation_equipment__Energy_balance__PJ__LPG.html,Industry > Manufacturing > Transportation equipment,esto__14_03_05__Transportation_equipment,Energy balance (PJ),LPG,charts/esto__14_03_05__Transportation_equipment__Energy_balance__PJ__LPG.html,sec-Industry__Manufacturing__Transportation_equipment,Transportation equipment,direct
chart::charts/esto__14_03_05__Transportation_equipment__Energy_balance__PJ__Municipal_solid_waste__non-renewable.html,Industry > Manufacturing > Transportation equipment,esto__14_03_05__Transportation_equipment,Energy balance (PJ),Municipal solid waste (non-renewable),charts/esto__14_03_05__Transportation_equipment__Energy_balance__PJ__Municipal_solid_waste__non-renewable.html,sec-Industry__Manufacturing__Transportation_equipment,Transportation equipment,direct
chart::charts/esto__14_03_05__Transportation_equipment__Energy_balance__PJ__Municipal_solid_waste__renewable.html,Industry > Manufacturing > Transportation equipment,esto__14_03_05__Transportation_equipment,Energy balance (PJ),Municipal solid waste (renewable),charts/esto__14_03_05__Transportation_equipment__Energy_balance__PJ__Municipal_solid_waste__renewable.html,sec-Industry__Manufacturing__Transportation_equipment,Transportation equipment,direct
chart::charts/esto__14_03_05__Transportation_equipment__Energy_balance__PJ__Natural_gas.html,Industry > Manufacturing > Transportation equipment,esto__14_03_05__Transportation_equipment,Energy balance (PJ),Natural gas,charts/esto__14_03_05__Transportation_equipment__Energy_balance__PJ__Natural_gas.html,sec-Industry__Manufacturing__Transportation_equipment,Transportation equipment,direct
chart::charts/esto__14_03_05__Transportation_equipment__Energy_balance__PJ__Other_biomass.html,Industry > Manufacturing > Transportation equipment,esto__14_03_05__Transportation_equipment,Energy balance (PJ),Other biomass,charts/esto__14_03_05__Transportation_equipment__Energy_balance__PJ__Other_biomass.html,sec-Industry__Manufacturing__Transportation_equipment,Transportation equipment,direct
chart::charts/esto__14_03_05__Transportation_equipment__Energy_balance__PJ__Other_liquid_biofuels.html,Industry > Manufacturing > Transportation equipment,esto__14_03_05__Transportation_equipment,Energy balance (PJ),Other liquid biofuels,charts/esto__14_03_05__Transportation_equipment__Energy_balance__PJ__Other_liquid_biofuels.html,sec-Industry__Manufacturing__Transportation_equipment,Transportation equipment,direct
chart::charts/esto__14_03_05__Transportation_equipment__Energy_balance__PJ__Other_sources.html,Industry > Manufacturing > Transportation equipment,esto__14_03_05__Transportation_equipment,Energy balance (PJ),Other sources,charts/esto__14_03_05__Transportation_equipment__Energy_balance__PJ__Other_sources.html,sec-Industry__Manufacturing__Transportation_equipment,Transportation equipment,direct
chart::charts/esto__14_03_05__Transportation_equipment__Energy_balance__PJ__Others.html,Industry > Manufacturing > Transportation equipment,esto__14_03_05__Transportation_equipment,Energy balance (PJ),Others,charts/esto__14_03_05__Transportation_equipment__Energy_balance__PJ__Others.html,sec-Industry__Manufacturing__Transportation_equipment,Transportation equipment,direct
chart::charts/esto__14_03_05__Transportation_equipment__Energy_balance__PJ__Solid_biomass.html,Industry > Manufacturing > Transportation equipment,esto__14_03_05__Transportation_equipment,Energy balance (PJ),Solid biomass,charts/esto__14_03_05__Transportation_equipment__Energy_balance__PJ__Solid_biomass.html,sec-Industry__Manufacturing__Transportation_equipment,Transportation equipment,direct
chart::charts/esto__14_03_09__Wood_and_wood_products__Energy_balance__PJ__Bagasse.html,Industry > Manufacturing > Wood and wood products,esto__14_03_09__Wood_and_wood_products,Energy balance (PJ),Bagasse,charts/esto__14_03_09__Wood_and_wood_products__Energy_balance__PJ__Bagasse.html,sec-Industry__Manufacturing__Wood_and_wood_products,Wood and wood products,direct
chart::charts/esto__14_03_09__Wood_and_wood_products__Energy_balance__PJ__Bio_jet_kerosene.html,Industry > Manufacturing > Wood and wood products,esto__14_03_09__Wood_and_wood_products,Energy balance (PJ),Bio jet kerosene,charts/esto__14_03_09__Wood_and_wood_products__Energy_balance__PJ__Bio_jet_kerosene.html,sec-Industry__Manufacturing__Wood_and_wood_products,Wood and wood products,direct
chart::charts/esto__14_03_09__Wood_and_wood_products__Energy_balance__PJ__Biodiesel.html,Industry > Manufacturing > Wood and wood products,esto__14_03_09__Wood_and_wood_products,Energy balance (PJ),Biodiesel,charts/esto__14_03_09__Wood_and_wood_products__Energy_balance__PJ__Biodiesel.html,sec-Industry__Manufacturing__Wood_and_wood_products,Wood and wood products,direct
chart::charts/esto__14_03_09__Wood_and_wood_products__Energy_balance__PJ__Biogas.html,Industry > Manufacturing > Wood and wood products,esto__14_03_09__Wood_and_wood_products,Energy balance (PJ),Biogas,charts/esto__14_03_09__Wood_and_wood_products__Energy_balance__PJ__Biogas.html,sec-Industry__Manufacturing__Wood_and_wood_products,Wood and wood products,direct
chart::charts/esto__14_03_09__Wood_and_wood_products__Energy_balance__PJ__Biogasoline.html,Industry > Manufacturing > Wood and wood products,esto__14_03_09__Wood_and_wood_products,Energy balance (PJ),Biogasoline,charts/esto__14_03_09__Wood_and_wood_products__Energy_balance__PJ__Biogasoline.html,sec-Industry__Manufacturing__Wood_and_wood_products,Wood and wood products,direct
chart::charts/esto__14_03_09__Wood_and_wood_products__Energy_balance__PJ__Black_liqour.html,Industry > Manufacturing > Wood and wood products,esto__14_03_09__Wood_and_wood_products,Energy balance (PJ),Black liqour,charts/esto__14_03_09__Wood_and_wood_products__Energy_balance__PJ__Black_liqour.html,sec-Industry__Manufacturing__Wood_and_wood_products,Wood and wood products,direct
chart::charts/esto__14_03_09__Wood_and_wood_products__Energy_balance__PJ__Charcoal.html,Industry > Manufacturing > Wood and wood products,esto__14_03_09__Wood_and_wood_products,Energy balance (PJ),Charcoal,charts/esto__14_03_09__Wood_and_wood_products__Energy_balance__PJ__Charcoal.html,sec-Industry__Manufacturing__Wood_and_wood_products,Wood and wood products,direct
chart::charts/esto__14_03_09__Wood_and_wood_products__Energy_balance__PJ__Electricity.html,Industry > Manufacturing > Wood and wood products,esto__14_03_09__Wood_and_wood_products,Energy balance (PJ),Electricity,charts/esto__14_03_09__Wood_and_wood_products__Energy_balance__PJ__Electricity.html,sec-Industry__Manufacturing__Wood_and_wood_products,Wood and wood products,direct
chart::charts/esto__14_03_09__Wood_and_wood_products__Energy_balance__PJ__Fuel_oil.html,Industry > Manufacturing > Wood and wood products,esto__14_03_09__Wood_and_wood_products,Energy balance (PJ),Fuel oil,charts/esto__14_03_09__Wood_and_wood_products__Energy_balance__PJ__Fuel_oil.html,sec-Industry__Manufacturing__Wood_and_wood_products,Wood and wood products,direct
chart::charts/esto__14_03_09__Wood_and_wood_products__Energy_balance__PJ__Fuelwood___woodwaste.html,Industry > Manufacturing > Wood and wood products,esto__14_03_09__Wood_and_wood_products,Energy balance (PJ),Fuelwood & woodwaste,charts/esto__14_03_09__Wood_and_wood_products__Energy_balance__PJ__Fuelwood___woodwaste.html,sec-Industry__Manufacturing__Wood_and_wood_products,Wood and wood products,direct
chart::charts/esto__14_03_09__Wood_and_wood_products__Energy_balance__PJ__Gas_diesel_oil.html,Industry > Manufacturing > Wood and wood products,esto__14_03_09__Wood_and_wood_products,Energy balance (PJ),Gas/diesel oil,charts/esto__14_03_09__Wood_and_wood_products__Energy_balance__PJ__Gas_diesel_oil.html,sec-Industry__Manufacturing__Wood_and_wood_products,Wood and wood products,direct
chart::charts/esto__14_03_09__Wood_and_wood_products__Energy_balance__PJ__Heat.html,Industry > Manufacturing > Wood and wood products,esto__14_03_09__Wood_and_wood_products,Energy balance (PJ),Heat,charts/esto__14_03_09__Wood_and_wood_products__Energy_balance__PJ__Heat.html,sec-Industry__Manufacturing__Wood_and_wood_products,Wood and wood products,direct
chart::charts/esto__14_03_09__Wood_and_wood_products__Energy_balance__PJ__Industrial_waste.html,Industry > Manufacturing > Wood and wood products,esto__14_03_09__Wood_and_wood_products,Energy balance (PJ),Industrial waste,charts/esto__14_03_09__Wood_and_wood_products__Energy_balance__PJ__Industrial_waste.html,sec-Industry__Manufacturing__Wood_and_wood_products,Wood and wood products,direct
chart::charts/esto__14_03_09__Wood_and_wood_products__Energy_balance__PJ__LPG.html,Industry > Manufacturing > Wood and wood products,esto__14_03_09__Wood_and_wood_products,Energy balance (PJ),LPG,charts/esto__14_03_09__Wood_and_wood_products__Energy_balance__PJ__LPG.html,sec-Industry__Manufacturing__Wood_and_wood_products,Wood and wood products,direct
chart::charts/esto__14_03_09__Wood_and_wood_products__Energy_balance__PJ__Municipal_solid_waste__non-renewable.html,Industry > Manufacturing > Wood and wood products,esto__14_03_09__Wood_and_wood_products,Energy balance (PJ),Municipal solid waste (non-renewable),charts/esto__14_03_09__Wood_and_wood_products__Energy_balance__PJ__Municipal_solid_waste__non-renewable.html,sec-Industry__Manufacturing__Wood_and_wood_products,Wood and wood products,direct
chart::charts/esto__14_03_09__Wood_and_wood_products__Energy_balance__PJ__Municipal_solid_waste__renewable.html,Industry > Manufacturing > Wood and wood products,esto__14_03_09__Wood_and_wood_products,Energy balance (PJ),Municipal solid waste (renewable),charts/esto__14_03_09__Wood_and_wood_products__Energy_balance__PJ__Municipal_solid_waste__renewable.html,sec-Industry__Manufacturing__Wood_and_wood_products,Wood and wood products,direct
chart::charts/esto__14_03_09__Wood_and_wood_products__Energy_balance__PJ__Natural_gas.html,Industry > Manufacturing > Wood and wood products,esto__14_03_09__Wood_and_wood_products,Energy balance (PJ),Natural gas,charts/esto__14_03_09__Wood_and_wood_products__Energy_balance__PJ__Natural_gas.html,sec-Industry__Manufacturing__Wood_and_wood_products,Wood and wood products,direct
chart::charts/esto__14_03_09__Wood_and_wood_products__Energy_balance__PJ__Other_biomass.html,Industry > Manufacturing > Wood and wood products,esto__14_03_09__Wood_and_wood_products,Energy balance (PJ),Other biomass,charts/esto__14_03_09__Wood_and_wood_products__Energy_balance__PJ__Other_biomass.html,sec-Industry__Manufacturing__Wood_and_wood_products,Wood and wood products,direct
chart::charts/esto__14_03_09__Wood_and_wood_products__Energy_balance__PJ__Other_liquid_biofuels.html,Industry > Manufacturing > Wood and wood products,esto__14_03_09__Wood_and_wood_products,Energy balance (PJ),Other liquid biofuels,charts/esto__14_03_09__Wood_and_wood_products__Energy_balance__PJ__Other_liquid_biofuels.html,sec-Industry__Manufacturing__Wood_and_wood_products,Wood and wood products,direct
chart::charts/esto__14_03_09__Wood_and_wood_products__Energy_balance__PJ__Other_sources.html,Industry > Manufacturing > Wood and wood products,esto__14_03_09__Wood_and_wood_products,Energy balance (PJ),Other sources,charts/esto__14_03_09__Wood_and_wood_products__Energy_balance__PJ__Other_sources.html,sec-Industry__Manufacturing__Wood_and_wood_products,Wood and wood products,direct
chart::charts/esto__14_03_09__Wood_and_wood_products__Energy_balance__PJ__Others.html,Industry > Manufacturing > Wood and wood products,esto__14_03_09__Wood_and_wood_products,Energy balance (PJ),Others,charts/esto__14_03_09__Wood_and_wood_products__Energy_balance__PJ__Others.html,sec-Industry__Manufacturing__Wood_and_wood_products,Wood and wood products,direct
chart::charts/esto__14_03_09__Wood_and_wood_products__Energy_balance__PJ__Solid_biomass.html,Industry > Manufacturing > Wood and wood products,esto__14_03_09__Wood_and_wood_products,Energy balance (PJ),Solid biomass,charts/esto__14_03_09__Wood_and_wood_products__Energy_balance__PJ__Solid_biomass.html,sec-Industry__Manufacturing__Wood_and_wood_products,Wood and wood products,direct
chart::charts/esto__14_01__Mining_and_quarrying__Energy_balance__PJ__Bagasse.html,Industry > Mining and quarrying,esto__14_01__Mining_and_quarrying,Energy balance (PJ),Bagasse,charts/esto__14_01__Mining_and_quarrying__Energy_balance__PJ__Bagasse.html,sec-Industry__Mining_and_quarrying,Mining and quarrying,direct
chart::charts/esto__14_01__Mining_and_quarrying__Energy_balance__PJ__Bio_jet_kerosene.html,Industry > Mining and quarrying,esto__14_01__Mining_and_quarrying,Energy balance (PJ),Bio jet kerosene,charts/esto__14_01__Mining_and_quarrying__Energy_balance__PJ__Bio_jet_kerosene.html,sec-Industry__Mining_and_quarrying,Mining and quarrying,direct
chart::charts/esto__14_01__Mining_and_quarrying__Energy_balance__PJ__Biodiesel.html,Industry > Mining and quarrying,esto__14_01__Mining_and_quarrying,Energy balance (PJ),Biodiesel,charts/esto__14_01__Mining_and_quarrying__Energy_balance__PJ__Biodiesel.html,sec-Industry__Mining_and_quarrying,Mining and quarrying,direct
chart::charts/esto__14_01__Mining_and_quarrying__Energy_balance__PJ__Biogas.html,Industry > Mining and quarrying,esto__14_01__Mining_and_quarrying,Energy balance (PJ),Biogas,charts/esto__14_01__Mining_and_quarrying__Energy_balance__PJ__Biogas.html,sec-Industry__Mining_and_quarrying,Mining and quarrying,direct
chart::charts/esto__14_01__Mining_and_quarrying__Energy_balance__PJ__Biogasoline.html,Industry > Mining and quarrying,esto__14_01__Mining_and_quarrying,Energy balance (PJ),Biogasoline,charts/esto__14_01__Mining_and_quarrying__Energy_balance__PJ__Biogasoline.html,sec-Industry__Mining_and_quarrying,Mining and quarrying,direct
chart::charts/esto__14_01__Mining_and_quarrying__Energy_balance__PJ__Black_liqour.html,Industry > Mining and quarrying,esto__14_01__Mining_and_quarrying,Energy balance (PJ),Black liqour,charts/esto__14_01__Mining_and_quarrying__Energy_balance__PJ__Black_liqour.html,sec-Industry__Mining_and_quarrying,Mining and quarrying,direct
chart::charts/esto__14_01__Mining_and_quarrying__Energy_balance__PJ__Charcoal.html,Industry > Mining and quarrying,esto__14_01__Mining_and_quarrying,Energy balance (PJ),Charcoal,charts/esto__14_01__Mining_and_quarrying__Energy_balance__PJ__Charcoal.html,sec-Industry__Mining_and_quarrying,Mining and quarrying,direct
chart::charts/esto__14_01__Mining_and_quarrying__Energy_balance__PJ__Electricity.html,Industry > Mining and quarrying,esto__14_01__Mining_and_quarrying,Energy balance (PJ),Electricity,charts/esto__14_01__Mining_and_quarrying__Energy_balance__PJ__Electricity.html,sec-Industry__Mining_and_quarrying,Mining and quarrying,direct
chart::charts/esto__14_01__Mining_and_quarrying__Energy_balance__PJ__Fuel_oil.html,Industry > Mining and quarrying,esto__14_01__Mining_and_quarrying,Energy balance (PJ),Fuel oil,charts/esto__14_01__Mining_and_quarrying__Energy_balance__PJ__Fuel_oil.html,sec-Industry__Mining_and_quarrying,Mining and quarrying,direct
chart::charts/esto__14_01__Mining_and_quarrying__Energy_balance__PJ__Fuelwood___woodwaste.html,Industry > Mining and quarrying,esto__14_01__Mining_and_quarrying,Energy balance (PJ),Fuelwood & woodwaste,charts/esto__14_01__Mining_and_quarrying__Energy_balance__PJ__Fuelwood___woodwaste.html,sec-Industry__Mining_and_quarrying,Mining and quarrying,direct
chart::charts/esto__14_01__Mining_and_quarrying__Energy_balance__PJ__Gas_diesel_oil.html,Industry > Mining and quarrying,esto__14_01__Mining_and_quarrying,Energy balance (PJ),Gas/diesel oil,charts/esto__14_01__Mining_and_quarrying__Energy_balance__PJ__Gas_diesel_oil.html,sec-Industry__Mining_and_quarrying,Mining and quarrying,direct
chart::charts/esto__14_01__Mining_and_quarrying__Energy_balance__PJ__Industrial_waste.html,Industry > Mining and quarrying,esto__14_01__Mining_and_quarrying,Energy balance (PJ),Industrial waste,charts/esto__14_01__Mining_and_quarrying__Energy_balance__PJ__Industrial_waste.html,sec-Industry__Mining_and_quarrying,Mining and quarrying,direct
chart::charts/esto__14_01__Mining_and_quarrying__Energy_balance__PJ__Motor_gasoline.html,Industry > Mining and quarrying,esto__14_01__Mining_and_quarrying,Energy balance (PJ),Motor gasoline,charts/esto__14_01__Mining_and_quarrying__Energy_balance__PJ__Motor_gasoline.html,sec-Industry__Mining_and_quarrying,Mining and quarrying,direct
chart::charts/esto__14_01__Mining_and_quarrying__Energy_balance__PJ__Municipal_solid_waste__non-renewable.html,Industry > Mining and quarrying,esto__14_01__Mining_and_quarrying,Energy balance (PJ),Municipal solid waste (non-renewable),charts/esto__14_01__Mining_and_quarrying__Energy_balance__PJ__Municipal_solid_waste__non-renewable.html,sec-Industry__Mining_and_quarrying,Mining and quarrying,direct
chart::charts/esto__14_01__Mining_and_quarrying__Energy_balance__PJ__Municipal_solid_waste__renewable.html,Industry > Mining and quarrying,esto__14_01__Mining_and_quarrying,Energy balance (PJ),Municipal solid waste (renewable),charts/esto__14_01__Mining_and_quarrying__Energy_balance__PJ__Municipal_solid_waste__renewable.html,sec-Industry__Mining_and_quarrying,Mining and quarrying,direct
chart::charts/esto__14_01__Mining_and_quarrying__Energy_balance__PJ__Natural_gas.html,Industry > Mining and quarrying,esto__14_01__Mining_and_quarrying,Energy balance (PJ),Natural gas,charts/esto__14_01__Mining_and_quarrying__Energy_balance__PJ__Natural_gas.html,sec-Industry__Mining_and_quarrying,Mining and quarrying,direct
chart::charts/esto__14_01__Mining_and_quarrying__Energy_balance__PJ__Other_biomass.html,Industry > Mining and quarrying,esto__14_01__Mining_and_quarrying,Energy balance (PJ),Other biomass,charts/esto__14_01__Mining_and_quarrying__Energy_balance__PJ__Other_biomass.html,sec-Industry__Mining_and_quarrying,Mining and quarrying,direct
chart::charts/esto__14_01__Mining_and_quarrying__Energy_balance__PJ__Other_liquid_biofuels.html,Industry > Mining and quarrying,esto__14_01__Mining_and_quarrying,Energy balance (PJ),Other liquid biofuels,charts/esto__14_01__Mining_and_quarrying__Energy_balance__PJ__Other_liquid_biofuels.html,sec-Industry__Mining_and_quarrying,Mining and quarrying,direct
chart::charts/esto__14_01__Mining_and_quarrying__Energy_balance__PJ__Other_sources.html,Industry > Mining and quarrying,esto__14_01__Mining_and_quarrying,Energy balance (PJ),Other sources,charts/esto__14_01__Mining_and_quarrying__Energy_balance__PJ__Other_sources.html,sec-Industry__Mining_and_quarrying,Mining and quarrying,direct
chart::charts/esto__14_01__Mining_and_quarrying__Energy_balance__PJ__Others.html,Industry > Mining and quarrying,esto__14_01__Mining_and_quarrying,Energy balance (PJ),Others,charts/esto__14_01__Mining_and_quarrying__Energy_balance__PJ__Others.html,sec-Industry__Mining_and_quarrying,Mining and quarrying,direct
chart::charts/esto__14_01__Mining_and_quarrying__Energy_balance__PJ__Solid_biomass.html,Industry > Mining and quarrying,esto__14_01__Mining_and_quarrying,Energy balance (PJ),Solid biomass,charts/esto__14_01__Mining_and_quarrying__Energy_balance__PJ__Solid_biomass.html,sec-Industry__Mining_and_quarrying,Mining and quarrying,direct
chart::charts/aggregate__Other_transformation_and_transfers__Demand__Total_final_energy_consumption__Energy_balance__PJ__Total.html,Other transformation and transfers > Demand > Total final energy consumption,Total final energy consumption,Energy balance (PJ),Total,charts/aggregate__Other_transformation_and_transfers__Demand__Total_final_energy_consumption__Energy_balance__PJ__Total.html,sec-Other_transformation_and_transfers__Demand__Total_final_energy_consumption,Total final energy consumption,aggregate
chart::charts/esto__13__Total_final_energy_consumption__Energy_balance__PJ__Anthracite.html,Other transformation and transfers > Demand > Total final energy consumption,esto__13__Total_final_energy_consumption,Energy balance (PJ),Anthracite,charts/esto__13__Total_final_energy_consumption__Energy_balance__PJ__Anthracite.html,sec-Other_transformation_and_transfers__Demand__Total_final_energy_consumption,Total final energy consumption,direct
chart::charts/esto__13__Total_final_energy_consumption__Energy_balance__PJ__Aviation_gasoline.html,Other transformation and transfers > Demand > Total final energy consumption,esto__13__Total_final_energy_consumption,Energy balance (PJ),Aviation gasoline,charts/esto__13__Total_final_energy_consumption__Energy_balance__PJ__Aviation_gasoline.html,sec-Other_transformation_and_transfers__Demand__Total_final_energy_consumption,Total final energy consumption,direct
chart::charts/esto__13__Total_final_energy_consumption__Energy_balance__PJ__BKB_PB.html,Other transformation and transfers > Demand > Total final energy consumption,esto__13__Total_final_energy_consumption,Energy balance (PJ),BKB/PB,charts/esto__13__Total_final_energy_consumption__Energy_balance__PJ__BKB_PB.html,sec-Other_transformation_and_transfers__Demand__Total_final_energy_consumption,Total final energy consumption,direct
chart::charts/esto__13__Total_final_energy_consumption__Energy_balance__PJ__Bagasse.html,Other transformation and transfers > Demand > Total final energy consumption,esto__13__Total_final_energy_consumption,Energy balance (PJ),Bagasse,charts/esto__13__Total_final_energy_consumption__Energy_balance__PJ__Bagasse.html,sec-Other_transformation_and_transfers__Demand__Total_final_energy_consumption,Total final energy consumption,direct
chart::charts/esto__13__Total_final_energy_consumption__Energy_balance__PJ__Bio_jet_kerosene.html,Other transformation and transfers > Demand > Total final energy consumption,esto__13__Total_final_energy_consumption,Energy balance (PJ),Bio jet kerosene,charts/esto__13__Total_final_energy_consumption__Energy_balance__PJ__Bio_jet_kerosene.html,sec-Other_transformation_and_transfers__Demand__Total_final_energy_consumption,Total final energy consumption,direct
chart::charts/esto__13__Total_final_energy_consumption__Energy_balance__PJ__Biodiesel.html,Other transformation and transfers > Demand > Total final energy consumption,esto__13__Total_final_energy_consumption,Energy balance (PJ),Biodiesel,charts/esto__13__Total_final_energy_consumption__Energy_balance__PJ__Biodiesel.html,sec-Other_transformation_and_transfers__Demand__Total_final_energy_consumption,Total final energy consumption,direct
chart::charts/esto__13__Total_final_energy_consumption__Energy_balance__PJ__Biogas.html,Other transformation and transfers > Demand > Total final energy consumption,esto__13__Total_final_energy_consumption,Energy balance (PJ),Biogas,charts/esto__13__Total_final_energy_consumption__Energy_balance__PJ__Biogas.html,sec-Other_transformation_and_transfers__Demand__Total_final_energy_consumption,Total final energy consumption,direct
chart::charts/esto__13__Total_final_energy_consumption__Energy_balance__PJ__Biogasoline.html,Other transformation and transfers > Demand > Total final energy consumption,esto__13__Total_final_energy_consumption,Energy balance (PJ),Biogasoline,charts/esto__13__Total_final_energy_consumption__Energy_balance__PJ__Biogasoline.html,sec-Other_transformation_and_transfers__Demand__Total_final_energy_consumption,Total final energy consumption,direct
chart::charts/esto__13__Total_final_energy_consumption__Energy_balance__PJ__Bitumen.html,Other transformation and transfers > Demand > Total final energy consumption,esto__13__Total_final_energy_consumption,Energy balance (PJ),Bitumen,charts/esto__13__Total_final_energy_consumption__Energy_balance__PJ__Bitumen.html,sec-Other_transformation_and_transfers__Demand__Total_final_energy_consumption,Total final energy consumption,direct
chart::charts/esto__13__Total_final_energy_consumption__Energy_balance__PJ__Black_liqour.html,Other transformation and transfers > Demand > Total final energy consumption,esto__13__Total_final_energy_consumption,Energy balance (PJ),Black liqour,charts/esto__13__Total_final_energy_consumption__Energy_balance__PJ__Black_liqour.html,sec-Other_transformation_and_transfers__Demand__Total_final_energy_consumption,Total final energy consumption,direct
chart::charts/esto__13__Total_final_energy_consumption__Energy_balance__PJ__Blast_furnace_gas.html,Other transformation and transfers > Demand > Total final energy consumption,esto__13__Total_final_energy_consumption,Energy balance (PJ),Blast furnace gas,charts/esto__13__Total_final_energy_consumption__Energy_balance__PJ__Blast_furnace_gas.html,sec-Other_transformation_and_transfers__Demand__Total_final_energy_consumption,Total final energy consumption,direct
chart::charts/esto__13__Total_final_energy_consumption__Energy_balance__PJ__Charcoal.html,Other transformation and transfers > Demand > Total final energy consumption,esto__13__Total_final_energy_consumption,Energy balance (PJ),Charcoal,charts/esto__13__Total_final_energy_consumption__Energy_balance__PJ__Charcoal.html,sec-Other_transformation_and_transfers__Demand__Total_final_energy_consumption,Total final energy consumption,direct
chart::charts/esto__13__Total_final_energy_consumption__Energy_balance__PJ__Coal_nonspecified.html,Other transformation and transfers > Demand > Total final energy consumption,esto__13__Total_final_energy_consumption,Energy balance (PJ),Coal nonspecified,charts/esto__13__Total_final_energy_consumption__Energy_balance__PJ__Coal_nonspecified.html,sec-Other_transformation_and_transfers__Demand__Total_final_energy_consumption,Total final energy consumption,direct
chart::charts/esto__13__Total_final_energy_consumption__Energy_balance__PJ__Coal_tar.html,Other transformation and transfers > Demand > Total final energy consumption,esto__13__Total_final_energy_consumption,Energy balance (PJ),Coal tar,charts/esto__13__Total_final_energy_consumption__Energy_balance__PJ__Coal_tar.html,sec-Other_transformation_and_transfers__Demand__Total_final_energy_consumption,Total final energy consumption,direct
chart::charts/esto__13__Total_final_energy_consumption__Energy_balance__PJ__Coke_oven_coke.html,Other transformation and transfers > Demand > Total final energy consumption,esto__13__Total_final_energy_consumption,Energy balance (PJ),Coke oven coke,charts/esto__13__Total_final_energy_consumption__Energy_balance__PJ__Coke_oven_coke.html,sec-Other_transformation_and_transfers__Demand__Total_final_energy_consumption,Total final energy consumption,direct
chart::charts/esto__13__Total_final_energy_consumption__Energy_balance__PJ__Coke_oven_gas.html,Other transformation and transfers > Demand > Total final energy consumption,esto__13__Total_final_energy_consumption,Energy balance (PJ),Coke oven gas,charts/esto__13__Total_final_energy_consumption__Energy_balance__PJ__Coke_oven_gas.html,sec-Other_transformation_and_transfers__Demand__Total_final_energy_consumption,Total final energy consumption,direct
chart::charts/esto__13__Total_final_energy_consumption__Energy_balance__PJ__E-fuel.html,Other transformation and transfers > Demand > Total final energy consumption,esto__13__Total_final_energy_consumption,Energy balance (PJ),E-fuel,charts/esto__13__Total_final_energy_consumption__Energy_balance__PJ__E-fuel.html,sec-Other_transformation_and_transfers__Demand__Total_final_energy_consumption,Total final energy consumption,direct
chart::charts/esto__13__Total_final_energy_consumption__Energy_balance__PJ__Electricity.html,Other transformation and transfers > Demand > Total final energy consumption,esto__13__Total_final_energy_consumption,Energy balance (PJ),Electricity,charts/esto__13__Total_final_energy_consumption__Energy_balance__PJ__Electricity.html,sec-Other_transformation_and_transfers__Demand__Total_final_energy_consumption,Total final energy consumption,direct
chart::charts/esto__13__Total_final_energy_consumption__Energy_balance__PJ__Ethane.html,Other transformation and transfers > Demand > Total final energy consumption,esto__13__Total_final_energy_consumption,Energy balance (PJ),Ethane,charts/esto__13__Total_final_energy_consumption__Energy_balance__PJ__Ethane.html,sec-Other_transformation_and_transfers__Demand__Total_final_energy_consumption,Total final energy consumption,direct
chart::charts/esto__13__Total_final_energy_consumption__Energy_balance__PJ__Fuel_oil.html,Other transformation and transfers > Demand > Total final energy consumption,esto__13__Total_final_energy_consumption,Energy balance (PJ),Fuel oil,charts/esto__13__Total_final_energy_consumption__Energy_balance__PJ__Fuel_oil.html,sec-Other_transformation_and_transfers__Demand__Total_final_energy_consumption,Total final energy consumption,direct
chart::charts/esto__13__Total_final_energy_consumption__Energy_balance__PJ__Fuelwood___woodwaste.html,Other transformation and transfers > Demand > Total final energy consumption,esto__13__Total_final_energy_consumption,Energy balance (PJ),Fuelwood & woodwaste,charts/esto__13__Total_final_energy_consumption__Energy_balance__PJ__Fuelwood___woodwaste.html,sec-Other_transformation_and_transfers__Demand__Total_final_energy_consumption,Total final energy consumption,direct
chart::charts/esto__13__Total_final_energy_consumption__Energy_balance__PJ__Gas_coke.html,Other transformation and transfers > Demand > Total final energy consumption,esto__13__Total_final_energy_consumption,Energy balance (PJ),Gas coke,charts/esto__13__Total_final_energy_consumption__Energy_balance__PJ__Gas_coke.html,sec-Other_transformation_and_transfers__Demand__Total_final_energy_consumption,Total final energy consumption,direct
chart::charts/esto__13__Total_final_energy_consumption__Energy_balance__PJ__Gas_diesel_oil.html,Other transformation and transfers > Demand > Total final energy consumption,esto__13__Total_final_energy_consumption,Energy balance (PJ),Gas/diesel oil,charts/esto__13__Total_final_energy_consumption__Energy_balance__PJ__Gas_diesel_oil.html,sec-Other_transformation_and_transfers__Demand__Total_final_energy_consumption,Total final energy consumption,direct
chart::charts/esto__13__Total_final_energy_consumption__Energy_balance__PJ__Gasoline_type_jet_fuel.html,Other transformation and transfers > Demand > Total final energy consumption,esto__13__Total_final_energy_consumption,Energy balance (PJ),Gasoline type jet fuel,charts/esto__13__Total_final_energy_consumption__Energy_balance__PJ__Gasoline_type_jet_fuel.html,sec-Other_transformation_and_transfers__Demand__Total_final_energy_consumption,Total final energy consumption,direct
chart::charts/esto__13__Total_final_energy_consumption__Energy_balance__PJ__Geothermal.html,Other transformation and transfers > Demand > Total final energy consumption,esto__13__Total_final_energy_consumption,Energy balance (PJ),Geothermal,charts/esto__13__Total_final_energy_consumption__Energy_balance__PJ__Geothermal.html,sec-Other_transformation_and_transfers__Demand__Total_final_energy_consumption,Total final energy consumption,direct
chart::charts/esto__13__Total_final_energy_consumption__Energy_balance__PJ__Heat.html,Other transformation and transfers > Demand > Total final energy consumption,esto__13__Total_final_energy_consumption,Energy balance (PJ),Heat,charts/esto__13__Total_final_energy_consumption__Energy_balance__PJ__Heat.html,sec-Other_transformation_and_transfers__Demand__Total_final_energy_consumption,Total final energy consumption,direct
chart::charts/esto__13__Total_final_energy_consumption__Energy_balance__PJ__Hydrogen.html,Other transformation and transfers > Demand > Total final energy consumption,esto__13__Total_final_energy_consumption,Energy balance (PJ),Hydrogen,charts/esto__13__Total_final_energy_consumption__Energy_balance__PJ__Hydrogen.html,sec-Other_transformation_and_transfers__Demand__Total_final_energy_consumption,Total final energy consumption,direct
chart::charts/esto__13__Total_final_energy_consumption__Energy_balance__PJ__Industrial_waste.html,Other transformation and transfers > Demand > Total final energy consumption,esto__13__Total_final_energy_consumption,Energy balance (PJ),Industrial waste,charts/esto__13__Total_final_energy_consumption__Energy_balance__PJ__Industrial_waste.html,sec-Other_transformation_and_transfers__Demand__Total_final_energy_consumption,Total final energy consumption,direct
chart::charts/esto__13__Total_final_energy_consumption__Energy_balance__PJ__Kerosene.html,Other transformation and transfers > Demand > Total final energy consumption,esto__13__Total_final_energy_consumption,Energy balance (PJ),Kerosene,charts/esto__13__Total_final_energy_consumption__Energy_balance__PJ__Kerosene.html,sec-Other_transformation_and_transfers__Demand__Total_final_energy_consumption,Total final energy consumption,direct
chart::charts/esto__13__Total_final_energy_consumption__Energy_balance__PJ__Kerosene_type_jet_fuel.html,Other transformation and transfers > Demand > Total final energy consumption,esto__13__Total_final_energy_consumption,Energy balance (PJ),Kerosene type jet fuel,charts/esto__13__Total_final_energy_consumption__Energy_balance__PJ__Kerosene_type_jet_fuel.html,sec-Other_transformation_and_transfers__Demand__Total_final_energy_consumption,Total final energy consumption,direct
chart::charts/esto__13__Total_final_energy_consumption__Energy_balance__PJ__LNG.html,Other transformation and transfers > Demand > Total final energy consumption,esto__13__Total_final_energy_consumption,Energy balance (PJ),LNG,charts/esto__13__Total_final_energy_consumption__Energy_balance__PJ__LNG.html,sec-Other_transformation_and_transfers__Demand__Total_final_energy_consumption,Total final energy consumption,direct
chart::charts/esto__13__Total_final_energy_consumption__Energy_balance__PJ__LPG.html,Other transformation and transfers > Demand > Total final energy consumption,esto__13__Total_final_energy_consumption,Energy balance (PJ),LPG,charts/esto__13__Total_final_energy_consumption__Energy_balance__PJ__LPG.html,sec-Other_transformation_and_transfers__Demand__Total_final_energy_consumption,Total final energy consumption,direct
chart::charts/esto__13__Total_final_energy_consumption__Energy_balance__PJ__Lignite.html,Other transformation and transfers > Demand > Total final energy consumption,esto__13__Total_final_energy_consumption,Energy balance (PJ),Lignite,charts/esto__13__Total_final_energy_consumption__Energy_balance__PJ__Lignite.html,sec-Other_transformation_and_transfers__Demand__Total_final_energy_consumption,Total final energy consumption,direct
chart::charts/esto__13__Total_final_energy_consumption__Energy_balance__PJ__Lubricants.html,Other transformation and transfers > Demand > Total final energy consumption,esto__13__Total_final_energy_consumption,Energy balance (PJ),Lubricants,charts/esto__13__Total_final_energy_consumption__Energy_balance__PJ__Lubricants.html,sec-Other_transformation_and_transfers__Demand__Total_final_energy_consumption,Total final energy consumption,direct
chart::charts/esto__13__Total_final_energy_consumption__Energy_balance__PJ__Motor_gasoline.html,Other transformation and transfers > Demand > Total final energy consumption,esto__13__Total_final_energy_consumption,Energy balance (PJ),Motor gasoline,charts/esto__13__Total_final_energy_consumption__Energy_balance__PJ__Motor_gasoline.html,sec-Other_transformation_and_transfers__Demand__Total_final_energy_consumption,Total final energy consumption,direct
chart::charts/esto__13__Total_final_energy_consumption__Energy_balance__PJ__Municipal_solid_waste__non-renewable.html,Other transformation and transfers > Demand > Total final energy consumption,esto__13__Total_final_energy_consumption,Energy balance (PJ),Municipal solid waste (non-renewable),charts/esto__13__Total_final_energy_consumption__Energy_balance__PJ__Municipal_solid_waste__non-renewable.html,sec-Other_transformation_and_transfers__Demand__Total_final_energy_consumption,Total final energy consumption,direct
chart::charts/esto__13__Total_final_energy_consumption__Energy_balance__PJ__Municipal_solid_waste__renewable.html,Other transformation and transfers > Demand > Total final energy consumption,esto__13__Total_final_energy_consumption,Energy balance (PJ),Municipal solid waste (renewable),charts/esto__13__Total_final_energy_consumption__Energy_balance__PJ__Municipal_solid_waste__renewable.html,sec-Other_transformation_and_transfers__Demand__Total_final_energy_consumption,Total final energy consumption,direct
chart::charts/esto__13__Total_final_energy_consumption__Energy_balance__PJ__Naphtha.html,Other transformation and transfers > Demand > Total final energy consumption,esto__13__Total_final_energy_consumption,Energy balance (PJ),Naphtha,charts/esto__13__Total_final_energy_consumption__Energy_balance__PJ__Naphtha.html,sec-Other_transformation_and_transfers__Demand__Total_final_energy_consumption,Total final energy consumption,direct
chart::charts/esto__13__Total_final_energy_consumption__Energy_balance__PJ__Other_biomass.html,Other transformation and transfers > Demand > Total final energy consumption,esto__13__Total_final_energy_consumption,Energy balance (PJ),Other biomass,charts/esto__13__Total_final_energy_consumption__Energy_balance__PJ__Other_biomass.html,sec-Other_transformation_and_transfers__Demand__Total_final_energy_consumption,Total final energy consumption,direct
chart::charts/esto__13__Total_final_energy_consumption__Energy_balance__PJ__Other_bituminous_coal.html,Other transformation and transfers > Demand > Total final energy consumption,esto__13__Total_final_energy_consumption,Energy balance (PJ),Other bituminous coal,charts/esto__13__Total_final_energy_consumption__Energy_balance__PJ__Other_bituminous_coal.html,sec-Other_transformation_and_transfers__Demand__Total_final_energy_consumption,Total final energy consumption,direct
chart::charts/esto__13__Total_final_energy_consumption__Energy_balance__PJ__Other_liquid_biofuels.html,Other transformation and transfers > Demand > Total final energy consumption,esto__13__Total_final_energy_consumption,Energy balance (PJ),Other liquid biofuels,charts/esto__13__Total_final_energy_consumption__Energy_balance__PJ__Other_liquid_biofuels.html,sec-Other_transformation_and_transfers__Demand__Total_final_energy_consumption,Total final energy consumption,direct
chart::charts/esto__13__Total_final_energy_consumption__Energy_balance__PJ__Other_products.html,Other transformation and transfers > Demand > Total final energy consumption,esto__13__Total_final_energy_consumption,Energy balance (PJ),Other products,charts/esto__13__Total_final_energy_consumption__Energy_balance__PJ__Other_products.html,sec-Other_transformation_and_transfers__Demand__Total_final_energy_consumption,Total final energy consumption,direct
chart::charts/esto__13__Total_final_energy_consumption__Energy_balance__PJ__Other_recovered_gases.html,Other transformation and transfers > Demand > Total final energy consumption,esto__13__Total_final_energy_consumption,Energy balance (PJ),Other recovered gases,charts/esto__13__Total_final_energy_consumption__Energy_balance__PJ__Other_recovered_gases.html,sec-Other_transformation_and_transfers__Demand__Total_final_energy_consumption,Total final energy consumption,direct
chart::charts/esto__13__Total_final_energy_consumption__Energy_balance__PJ__Other_sources.html,Other transformation and transfers > Demand > Total final energy consumption,esto__13__Total_final_energy_consumption,Energy balance (PJ),Other sources,charts/esto__13__Total_final_energy_consumption__Energy_balance__PJ__Other_sources.html,sec-Other_transformation_and_transfers__Demand__Total_final_energy_consumption,Total final energy consumption,direct
chart::charts/esto__13__Total_final_energy_consumption__Energy_balance__PJ__Others.html,Other transformation and transfers > Demand > Total final energy consumption,esto__13__Total_final_energy_consumption,Energy balance (PJ),Others,charts/esto__13__Total_final_energy_consumption__Energy_balance__PJ__Others.html,sec-Other_transformation_and_transfers__Demand__Total_final_energy_consumption,Total final energy consumption,direct
chart::charts/esto__13__Total_final_energy_consumption__Energy_balance__PJ__Paraffin_waxes.html,Other transformation and transfers > Demand > Total final energy consumption,esto__13__Total_final_energy_consumption,Energy balance (PJ),Paraffin waxes,charts/esto__13__Total_final_energy_consumption__Energy_balance__PJ__Paraffin_waxes.html,sec-Other_transformation_and_transfers__Demand__Total_final_energy_consumption,Total final energy consumption,direct
chart::charts/esto__13__Total_final_energy_consumption__Energy_balance__PJ__Patent_fuel.html,Other transformation and transfers > Demand > Total final energy consumption,esto__13__Total_final_energy_consumption,Energy balance (PJ),Patent fuel,charts/esto__13__Total_final_energy_consumption__Energy_balance__PJ__Patent_fuel.html,sec-Other_transformation_and_transfers__Demand__Total_final_energy_consumption,Total final energy consumption,direct
chart::charts/esto__13__Total_final_energy_consumption__Energy_balance__PJ__PetProd_nonspecified.html,Other transformation and transfers > Demand > Total final energy consumption,esto__13__Total_final_energy_consumption,Energy balance (PJ),PetProd nonspecified,charts/esto__13__Total_final_energy_consumption__Energy_balance__PJ__PetProd_nonspecified.html,sec-Other_transformation_and_transfers__Demand__Total_final_energy_consumption,Total final energy consumption,direct
chart::charts/esto__13__Total_final_energy_consumption__Energy_balance__PJ__Refinery_gas__not_liquefied.html,Other transformation and transfers > Demand > Total final energy consumption,esto__13__Total_final_energy_consumption,Energy balance (PJ),Refinery gas (not liquefied),charts/esto__13__Total_final_energy_consumption__Energy_balance__PJ__Refinery_gas__not_liquefied.html,sec-Other_transformation_and_transfers__Demand__Total_final_energy_consumption,Total final energy consumption,direct
chart::charts/esto__13__Total_final_energy_consumption__Energy_balance__PJ__Solar_nonspecified.html,Other transformation and transfers > Demand > Total final energy consumption,esto__13__Total_final_energy_consumption,Energy balance (PJ),Solar nonspecified,charts/esto__13__Total_final_energy_consumption__Energy_balance__PJ__Solar_nonspecified.html,sec-Other_transformation_and_transfers__Demand__Total_final_energy_consumption,Total final energy consumption,direct
chart::charts/esto__13__Total_final_energy_consumption__Energy_balance__PJ__Solid_biomass.html,Other transformation and transfers > Demand > Total final energy consumption,esto__13__Total_final_energy_consumption,Energy balance (PJ),Solid biomass,charts/esto__13__Total_final_energy_consumption__Energy_balance__PJ__Solid_biomass.html,sec-Other_transformation_and_transfers__Demand__Total_final_energy_consumption,Total final energy consumption,direct
chart::charts/esto__13__Total_final_energy_consumption__Energy_balance__PJ__Sub-bituminous_coal.html,Other transformation and transfers > Demand > Total final energy consumption,esto__13__Total_final_energy_consumption,Energy balance (PJ),Sub-bituminous coal,charts/esto__13__Total_final_energy_consumption__Energy_balance__PJ__Sub-bituminous_coal.html,sec-Other_transformation_and_transfers__Demand__Total_final_energy_consumption,Total final energy consumption,direct
chart::charts/esto__13__Total_final_energy_consumption__Energy_balance__PJ__White_spirit_SBP.html,Other transformation and transfers > Demand > Total final energy consumption,esto__13__Total_final_energy_consumption,Energy balance (PJ),White spirit SBP,charts/esto__13__Total_final_energy_consumption__Energy_balance__PJ__White_spirit_SBP.html,sec-Other_transformation_and_transfers__Demand__Total_final_energy_consumption,Total final energy consumption,direct
chart::charts/aggregate__Other_transformation_and_transfers__Supply__Energy_balance__PJ__Total.html,Other transformation and transfers > Supply,Supply,Energy balance (PJ),Total,charts/aggregate__Other_transformation_and_transfers__Supply__Energy_balance__PJ__Total.html,sec-Other_transformation_and_transfers__Supply,Supply,aggregate
chart::charts/esto__03__Exports__Energy_balance__PJ__Additives__oxygenates.html,Other transformation and transfers > Supply > Exports,esto__03__Exports,Energy balance (PJ),Additives/ oxygenates,charts/esto__03__Exports__Energy_balance__PJ__Additives__oxygenates.html,sec-Other_transformation_and_transfers__Supply__Exports,Exports,direct
chart::charts/esto__03__Exports__Energy_balance__PJ__Ammonia.html,Other transformation and transfers > Supply > Exports,esto__03__Exports,Energy balance (PJ),Ammonia,charts/esto__03__Exports__Energy_balance__PJ__Ammonia.html,sec-Other_transformation_and_transfers__Supply__Exports,Exports,direct
chart::charts/esto__03__Exports__Energy_balance__PJ__Aviation_gasoline.html,Other transformation and transfers > Supply > Exports,esto__03__Exports,Energy balance (PJ),Aviation gasoline,charts/esto__03__Exports__Energy_balance__PJ__Aviation_gasoline.html,sec-Other_transformation_and_transfers__Supply__Exports,Exports,direct
chart::charts/esto__03__Exports__Energy_balance__PJ__BKB_PB.html,Other transformation and transfers > Supply > Exports,esto__03__Exports,Energy balance (PJ),BKB/PB,charts/esto__03__Exports__Energy_balance__PJ__BKB_PB.html,sec-Other_transformation_and_transfers__Supply__Exports,Exports,direct
chart::charts/esto__03__Exports__Energy_balance__PJ__Biodiesel.html,Other transformation and transfers > Supply > Exports,esto__03__Exports,Energy balance (PJ),Biodiesel,charts/esto__03__Exports__Energy_balance__PJ__Biodiesel.html,sec-Other_transformation_and_transfers__Supply__Exports,Exports,direct
chart::charts/esto__03__Exports__Energy_balance__PJ__Biogasoline.html,Other transformation and transfers > Supply > Exports,esto__03__Exports,Energy balance (PJ),Biogasoline,charts/esto__03__Exports__Energy_balance__PJ__Biogasoline.html,sec-Other_transformation_and_transfers__Supply__Exports,Exports,direct
chart::charts/esto__03__Exports__Energy_balance__PJ__Bitumen.html,Other transformation and transfers > Supply > Exports,esto__03__Exports,Energy balance (PJ),Bitumen,charts/esto__03__Exports__Energy_balance__PJ__Bitumen.html,sec-Other_transformation_and_transfers__Supply__Exports,Exports,direct
chart::charts/esto__03__Exports__Energy_balance__PJ__Blast_furnace_gas.html,Other transformation and transfers > Supply > Exports,esto__03__Exports,Energy balance (PJ),Blast furnace gas,charts/esto__03__Exports__Energy_balance__PJ__Blast_furnace_gas.html,sec-Other_transformation_and_transfers__Supply__Exports,Exports,direct
chart::charts/esto__03__Exports__Energy_balance__PJ__Charcoal.html,Other transformation and transfers > Supply > Exports,esto__03__Exports,Energy balance (PJ),Charcoal,charts/esto__03__Exports__Energy_balance__PJ__Charcoal.html,sec-Other_transformation_and_transfers__Supply__Exports,Exports,direct
chart::charts/esto__03__Exports__Energy_balance__PJ__Coke_oven_coke.html,Other transformation and transfers > Supply > Exports,esto__03__Exports,Energy balance (PJ),Coke oven coke,charts/esto__03__Exports__Energy_balance__PJ__Coke_oven_coke.html,sec-Other_transformation_and_transfers__Supply__Exports,Exports,direct
chart::charts/esto__03__Exports__Energy_balance__PJ__Coking_coal.html,Other transformation and transfers > Supply > Exports,esto__03__Exports,Energy balance (PJ),Coking coal,charts/esto__03__Exports__Energy_balance__PJ__Coking_coal.html,sec-Other_transformation_and_transfers__Supply__Exports,Exports,direct
chart::charts/esto__03__Exports__Energy_balance__PJ__E-fuel.html,Other transformation and transfers > Supply > Exports,esto__03__Exports,Energy balance (PJ),E-fuel,charts/esto__03__Exports__Energy_balance__PJ__E-fuel.html,sec-Other_transformation_and_transfers__Supply__Exports,Exports,direct
chart::charts/esto__03__Exports__Energy_balance__PJ__Electricity.html,Other transformation and transfers > Supply > Exports,esto__03__Exports,Energy balance (PJ),Electricity,charts/esto__03__Exports__Energy_balance__PJ__Electricity.html,sec-Other_transformation_and_transfers__Supply__Exports,Exports,direct
chart::charts/esto__03__Exports__Energy_balance__PJ__Ethane.html,Other transformation and transfers > Supply > Exports,esto__03__Exports,Energy balance (PJ),Ethane,charts/esto__03__Exports__Energy_balance__PJ__Ethane.html,sec-Other_transformation_and_transfers__Supply__Exports,Exports,direct
chart::charts/esto__03__Exports__Energy_balance__PJ__Fuel_oil.html,Other transformation and transfers > Supply > Exports,esto__03__Exports,Energy balance (PJ),Fuel oil,charts/esto__03__Exports__Energy_balance__PJ__Fuel_oil.html,sec-Other_transformation_and_transfers__Supply__Exports,Exports,direct
chart::charts/esto__03__Exports__Energy_balance__PJ__Gas_diesel_oil.html,Other transformation and transfers > Supply > Exports,esto__03__Exports,Energy balance (PJ),Gas/diesel oil,charts/esto__03__Exports__Energy_balance__PJ__Gas_diesel_oil.html,sec-Other_transformation_and_transfers__Supply__Exports,Exports,direct
chart::charts/esto__03__Exports__Energy_balance__PJ__Heat.html,Other transformation and transfers > Supply > Exports,esto__03__Exports,Energy balance (PJ),Heat,charts/esto__03__Exports__Energy_balance__PJ__Heat.html,sec-Other_transformation_and_transfers__Supply__Exports,Exports,direct
chart::charts/esto__03__Exports__Energy_balance__PJ__Kerosene.html,Other transformation and transfers > Supply > Exports,esto__03__Exports,Energy balance (PJ),Kerosene,charts/esto__03__Exports__Energy_balance__PJ__Kerosene.html,sec-Other_transformation_and_transfers__Supply__Exports,Exports,direct
chart::charts/esto__03__Exports__Energy_balance__PJ__LNG.html,Other transformation and transfers > Supply > Exports,esto__03__Exports,Energy balance (PJ),LNG,charts/esto__03__Exports__Energy_balance__PJ__LNG.html,sec-Other_transformation_and_transfers__Supply__Exports,Exports,direct
chart::charts/esto__03__Exports__Energy_balance__PJ__LPG.html,Other transformation and transfers > Supply > Exports,esto__03__Exports,Energy balance (PJ),LPG,charts/esto__03__Exports__Energy_balance__PJ__LPG.html,sec-Other_transformation_and_transfers__Supply__Exports,Exports,direct
chart::charts/esto__03__Exports__Energy_balance__PJ__Lignite.html,Other transformation and transfers > Supply > Exports,esto__03__Exports,Energy balance (PJ),Lignite,charts/esto__03__Exports__Energy_balance__PJ__Lignite.html,sec-Other_transformation_and_transfers__Supply__Exports,Exports,direct
chart::charts/esto__03__Exports__Energy_balance__PJ__Motor_gasoline.html,Other transformation and transfers > Supply > Exports,esto__03__Exports,Energy balance (PJ),Motor gasoline,charts/esto__03__Exports__Energy_balance__PJ__Motor_gasoline.html,sec-Other_transformation_and_transfers__Supply__Exports,Exports,direct
chart::charts/esto__03__Exports__Energy_balance__PJ__Naphtha.html,Other transformation and transfers > Supply > Exports,esto__03__Exports,Energy balance (PJ),Naphtha,charts/esto__03__Exports__Energy_balance__PJ__Naphtha.html,sec-Other_transformation_and_transfers__Supply__Exports,Exports,direct
chart::charts/esto__03__Exports__Energy_balance__PJ__Natural_gas.html,Other transformation and transfers > Supply > Exports,esto__03__Exports,Energy balance (PJ),Natural gas,charts/esto__03__Exports__Energy_balance__PJ__Natural_gas.html,sec-Other_transformation_and_transfers__Supply__Exports,Exports,direct
chart::charts/esto__03__Exports__Energy_balance__PJ__Natural_gas_liquids.html,Other transformation and transfers > Supply > Exports,esto__03__Exports,Energy balance (PJ),Natural gas liquids,charts/esto__03__Exports__Energy_balance__PJ__Natural_gas_liquids.html,sec-Other_transformation_and_transfers__Supply__Exports,Exports,direct
chart::charts/esto__03__Exports__Energy_balance__PJ__Other_hydrocarbons.html,Other transformation and transfers > Supply > Exports,esto__03__Exports,Energy balance (PJ),Other hydrocarbons,charts/esto__03__Exports__Energy_balance__PJ__Other_hydrocarbons.html,sec-Other_transformation_and_transfers__Supply__Exports,Exports,direct
chart::charts/esto__03__Exports__Energy_balance__PJ__PetProd_nonspecified.html,Other transformation and transfers > Supply > Exports,esto__03__Exports,Energy balance (PJ),PetProd nonspecified,charts/esto__03__Exports__Energy_balance__PJ__PetProd_nonspecified.html,sec-Other_transformation_and_transfers__Supply__Exports,Exports,direct
chart::charts/esto__03__Exports__Energy_balance__PJ__Petroleum_coke.html,Other transformation and transfers > Supply > Exports,esto__03__Exports,Energy balance (PJ),Petroleum coke,charts/esto__03__Exports__Energy_balance__PJ__Petroleum_coke.html,sec-Other_transformation_and_transfers__Supply__Exports,Exports,direct
chart::charts/esto__03__Exports__Energy_balance__PJ__Refinery_feedstocks.html,Other transformation and transfers > Supply > Exports,esto__03__Exports,Energy balance (PJ),Refinery feedstocks,charts/esto__03__Exports__Energy_balance__PJ__Refinery_feedstocks.html,sec-Other_transformation_and_transfers__Supply__Exports,Exports,direct
chart::charts/esto__03__Exports__Energy_balance__PJ__Refinery_gas__not_liquefied.html,Other transformation and transfers > Supply > Exports,esto__03__Exports,Energy balance (PJ),Refinery gas (not liquefied),charts/esto__03__Exports__Energy_balance__PJ__Refinery_gas__not_liquefied.html,sec-Other_transformation_and_transfers__Supply__Exports,Exports,direct
chart::charts/esto__03__Exports__Energy_balance__PJ__Solid_biomass.html,Other transformation and transfers > Supply > Exports,esto__03__Exports,Energy balance (PJ),Solid biomass,charts/esto__03__Exports__Energy_balance__PJ__Solid_biomass.html,sec-Other_transformation_and_transfers__Supply__Exports,Exports,direct
chart::charts/esto__02__Imports__Energy_balance__PJ__Additives__oxygenates.html,Other transformation and transfers > Supply > Imports,esto__02__Imports,Energy balance (PJ),Additives/ oxygenates,charts/esto__02__Imports__Energy_balance__PJ__Additives__oxygenates.html,sec-Other_transformation_and_transfers__Supply__Imports,Imports,direct
chart::charts/esto__02__Imports__Energy_balance__PJ__Ammonia.html,Other transformation and transfers > Supply > Imports,esto__02__Imports,Energy balance (PJ),Ammonia,charts/esto__02__Imports__Energy_balance__PJ__Ammonia.html,sec-Other_transformation_and_transfers__Supply__Imports,Imports,direct
chart::charts/esto__02__Imports__Energy_balance__PJ__BKB_PB.html,Other transformation and transfers > Supply > Imports,esto__02__Imports,Energy balance (PJ),BKB/PB,charts/esto__02__Imports__Energy_balance__PJ__BKB_PB.html,sec-Other_transformation_and_transfers__Supply__Imports,Imports,direct
chart::charts/esto__02__Imports__Energy_balance__PJ__Bitumen.html,Other transformation and transfers > Supply > Imports,esto__02__Imports,Energy balance (PJ),Bitumen,charts/esto__02__Imports__Energy_balance__PJ__Bitumen.html,sec-Other_transformation_and_transfers__Supply__Imports,Imports,direct
chart::charts/esto__02__Imports__Energy_balance__PJ__Charcoal.html,Other transformation and transfers > Supply > Imports,esto__02__Imports,Energy balance (PJ),Charcoal,charts/esto__02__Imports__Energy_balance__PJ__Charcoal.html,sec-Other_transformation_and_transfers__Supply__Imports,Imports,direct
chart::charts/esto__02__Imports__Energy_balance__PJ__Coal_tar.html,Other transformation and transfers > Supply > Imports,esto__02__Imports,Energy balance (PJ),Coal tar,charts/esto__02__Imports__Energy_balance__PJ__Coal_tar.html,sec-Other_transformation_and_transfers__Supply__Imports,Imports,direct
chart::charts/esto__02__Imports__Energy_balance__PJ__Coke_oven_coke.html,Other transformation and transfers > Supply > Imports,esto__02__Imports,Energy balance (PJ),Coke oven coke,charts/esto__02__Imports__Energy_balance__PJ__Coke_oven_coke.html,sec-Other_transformation_and_transfers__Supply__Imports,Imports,direct
chart::charts/esto__02__Imports__Energy_balance__PJ__Coke_oven_gas.html,Other transformation and transfers > Supply > Imports,esto__02__Imports,Energy balance (PJ),Coke oven gas,charts/esto__02__Imports__Energy_balance__PJ__Coke_oven_gas.html,sec-Other_transformation_and_transfers__Supply__Imports,Imports,direct
chart::charts/esto__02__Imports__Energy_balance__PJ__Crude_oil.html,Other transformation and transfers > Supply > Imports,esto__02__Imports,Energy balance (PJ),Crude oil,charts/esto__02__Imports__Energy_balance__PJ__Crude_oil.html,sec-Other_transformation_and_transfers__Supply__Imports,Imports,direct
chart::charts/esto__02__Imports__Energy_balance__PJ__Electricity.html,Other transformation and transfers > Supply > Imports,esto__02__Imports,Energy balance (PJ),Electricity,charts/esto__02__Imports__Energy_balance__PJ__Electricity.html,sec-Other_transformation_and_transfers__Supply__Imports,Imports,direct
chart::charts/esto__02__Imports__Energy_balance__PJ__Fuel_oil.html,Other transformation and transfers > Supply > Imports,esto__02__Imports,Energy balance (PJ),Fuel oil,charts/esto__02__Imports__Energy_balance__PJ__Fuel_oil.html,sec-Other_transformation_and_transfers__Supply__Imports,Imports,direct
chart::charts/esto__02__Imports__Energy_balance__PJ__Gas_coke.html,Other transformation and transfers > Supply > Imports,esto__02__Imports,Energy balance (PJ),Gas coke,charts/esto__02__Imports__Energy_balance__PJ__Gas_coke.html,sec-Other_transformation_and_transfers__Supply__Imports,Imports,direct
chart::charts/esto__02__Imports__Energy_balance__PJ__Gasoline_type_jet_fuel.html,Other transformation and transfers > Supply > Imports,esto__02__Imports,Energy balance (PJ),Gasoline type jet fuel,charts/esto__02__Imports__Energy_balance__PJ__Gasoline_type_jet_fuel.html,sec-Other_transformation_and_transfers__Supply__Imports,Imports,direct
chart::charts/esto__02__Imports__Energy_balance__PJ__Heat.html,Other transformation and transfers > Supply > Imports,esto__02__Imports,Energy balance (PJ),Heat,charts/esto__02__Imports__Energy_balance__PJ__Heat.html,sec-Other_transformation_and_transfers__Supply__Imports,Imports,direct
chart::charts/esto__02__Imports__Energy_balance__PJ__Hydrogen.html,Other transformation and transfers > Supply > Imports,esto__02__Imports,Energy balance (PJ),Hydrogen,charts/esto__02__Imports__Energy_balance__PJ__Hydrogen.html,sec-Other_transformation_and_transfers__Supply__Imports,Imports,direct
chart::charts/esto__02__Imports__Energy_balance__PJ__Industrial_waste.html,Other transformation and transfers > Supply > Imports,esto__02__Imports,Energy balance (PJ),Industrial waste,charts/esto__02__Imports__Energy_balance__PJ__Industrial_waste.html,sec-Other_transformation_and_transfers__Supply__Imports,Imports,direct
chart::charts/esto__02__Imports__Energy_balance__PJ__Kerosene.html,Other transformation and transfers > Supply > Imports,esto__02__Imports,Energy balance (PJ),Kerosene,charts/esto__02__Imports__Energy_balance__PJ__Kerosene.html,sec-Other_transformation_and_transfers__Supply__Imports,Imports,direct
chart::charts/esto__02__Imports__Energy_balance__PJ__Kerosene_type_jet_fuel.html,Other transformation and transfers > Supply > Imports,esto__02__Imports,Energy balance (PJ),Kerosene type jet fuel,charts/esto__02__Imports__Energy_balance__PJ__Kerosene_type_jet_fuel.html,sec-Other_transformation_and_transfers__Supply__Imports,Imports,direct
chart::charts/esto__02__Imports__Energy_balance__PJ__Lubricants.html,Other transformation and transfers > Supply > Imports,esto__02__Imports,Energy balance (PJ),Lubricants,charts/esto__02__Imports__Energy_balance__PJ__Lubricants.html,sec-Other_transformation_and_transfers__Supply__Imports,Imports,direct
chart::charts/esto__02__Imports__Energy_balance__PJ__Motor_gasoline.html,Other transformation and transfers > Supply > Imports,esto__02__Imports,Energy balance (PJ),Motor gasoline,charts/esto__02__Imports__Energy_balance__PJ__Motor_gasoline.html,sec-Other_transformation_and_transfers__Supply__Imports,Imports,direct
chart::charts/esto__02__Imports__Energy_balance__PJ__Natural_gas.html,Other transformation and transfers > Supply > Imports,esto__02__Imports,Energy balance (PJ),Natural gas,charts/esto__02__Imports__Energy_balance__PJ__Natural_gas.html,sec-Other_transformation_and_transfers__Supply__Imports,Imports,direct
chart::charts/esto__02__Imports__Energy_balance__PJ__Nuclear.html,Other transformation and transfers > Supply > Imports,esto__02__Imports,Energy balance (PJ),Nuclear,charts/esto__02__Imports__Energy_balance__PJ__Nuclear.html,sec-Other_transformation_and_transfers__Supply__Imports,Imports,direct
chart::charts/esto__02__Imports__Energy_balance__PJ__Other_bituminous_coal.html,Other transformation and transfers > Supply > Imports,esto__02__Imports,Energy balance (PJ),Other bituminous coal,charts/esto__02__Imports__Energy_balance__PJ__Other_bituminous_coal.html,sec-Other_transformation_and_transfers__Supply__Imports,Imports,direct
chart::charts/esto__02__Imports__Energy_balance__PJ__Other_hydrocarbons.html,Other transformation and transfers > Supply > Imports,esto__02__Imports,Energy balance (PJ),Other hydrocarbons,charts/esto__02__Imports__Energy_balance__PJ__Other_hydrocarbons.html,sec-Other_transformation_and_transfers__Supply__Imports,Imports,direct
chart::charts/esto__02__Imports__Energy_balance__PJ__Other_products.html,Other transformation and transfers > Supply > Imports,esto__02__Imports,Energy balance (PJ),Other products,charts/esto__02__Imports__Energy_balance__PJ__Other_products.html,sec-Other_transformation_and_transfers__Supply__Imports,Imports,direct
chart::charts/esto__02__Imports__Energy_balance__PJ__Other_recovered_gases.html,Other transformation and transfers > Supply > Imports,esto__02__Imports,Energy balance (PJ),Other recovered gases,charts/esto__02__Imports__Energy_balance__PJ__Other_recovered_gases.html,sec-Other_transformation_and_transfers__Supply__Imports,Imports,direct
chart::charts/esto__02__Imports__Energy_balance__PJ__Other_sources.html,Other transformation and transfers > Supply > Imports,esto__02__Imports,Energy balance (PJ),Other sources,charts/esto__02__Imports__Energy_balance__PJ__Other_sources.html,sec-Other_transformation_and_transfers__Supply__Imports,Imports,direct
chart::charts/esto__02__Imports__Energy_balance__PJ__Others.html,Other transformation and transfers > Supply > Imports,esto__02__Imports,Energy balance (PJ),Others,charts/esto__02__Imports__Energy_balance__PJ__Others.html,sec-Other_transformation_and_transfers__Supply__Imports,Imports,direct
chart::charts/esto__02__Imports__Energy_balance__PJ__Paraffin_waxes.html,Other transformation and transfers > Supply > Imports,esto__02__Imports,Energy balance (PJ),Paraffin waxes,charts/esto__02__Imports__Energy_balance__PJ__Paraffin_waxes.html,sec-Other_transformation_and_transfers__Supply__Imports,Imports,direct
chart::charts/esto__02__Imports__Energy_balance__PJ__Patent_fuel.html,Other transformation and transfers > Supply > Imports,esto__02__Imports,Energy balance (PJ),Patent fuel,charts/esto__02__Imports__Energy_balance__PJ__Patent_fuel.html,sec-Other_transformation_and_transfers__Supply__Imports,Imports,direct
chart::charts/esto__02__Imports__Energy_balance__PJ__Petroleum_coke.html,Other transformation and transfers > Supply > Imports,esto__02__Imports,Energy balance (PJ),Petroleum coke,charts/esto__02__Imports__Energy_balance__PJ__Petroleum_coke.html,sec-Other_transformation_and_transfers__Supply__Imports,Imports,direct
chart::charts/esto__02__Imports__Energy_balance__PJ__Refinery_feedstocks.html,Other transformation and transfers > Supply > Imports,esto__02__Imports,Energy balance (PJ),Refinery feedstocks,charts/esto__02__Imports__Energy_balance__PJ__Refinery_feedstocks.html,sec-Other_transformation_and_transfers__Supply__Imports,Imports,direct
chart::charts/esto__02__Imports__Energy_balance__PJ__Refinery_gas__not_liquefied.html,Other transformation and transfers > Supply > Imports,esto__02__Imports,Energy balance (PJ),Refinery gas (not liquefied),charts/esto__02__Imports__Energy_balance__PJ__Refinery_gas__not_liquefied.html,sec-Other_transformation_and_transfers__Supply__Imports,Imports,direct
chart::charts/esto__02__Imports__Energy_balance__PJ__Solid_biomass.html,Other transformation and transfers > Supply > Imports,esto__02__Imports,Energy balance (PJ),Solid biomass,charts/esto__02__Imports__Energy_balance__PJ__Solid_biomass.html,sec-Other_transformation_and_transfers__Supply__Imports,Imports,direct
chart::charts/esto__02__Imports__Energy_balance__PJ__White_spirit_SBP.html,Other transformation and transfers > Supply > Imports,esto__02__Imports,Energy balance (PJ),White spirit SBP,charts/esto__02__Imports__Energy_balance__PJ__White_spirit_SBP.html,sec-Other_transformation_and_transfers__Supply__Imports,Imports,direct
chart::charts/esto__01__Production__Energy_balance__PJ__Anthracite.html,Other transformation and transfers > Supply > Production,esto__01__Production,Energy balance (PJ),Anthracite,charts/esto__01__Production__Energy_balance__PJ__Anthracite.html,sec-Other_transformation_and_transfers__Supply__Production,Production,direct
chart::charts/esto__01__Production__Energy_balance__PJ__Bagasse.html,Other transformation and transfers > Supply > Production,esto__01__Production,Energy balance (PJ),Bagasse,charts/esto__01__Production__Energy_balance__PJ__Bagasse.html,sec-Other_transformation_and_transfers__Supply__Production,Production,direct
chart::charts/esto__01__Production__Energy_balance__PJ__Bio_jet_kerosene.html,Other transformation and transfers > Supply > Production,esto__01__Production,Energy balance (PJ),Bio jet kerosene,charts/esto__01__Production__Energy_balance__PJ__Bio_jet_kerosene.html,sec-Other_transformation_and_transfers__Supply__Production,Production,direct
chart::charts/esto__01__Production__Energy_balance__PJ__Biodiesel.html,Other transformation and transfers > Supply > Production,esto__01__Production,Energy balance (PJ),Biodiesel,charts/esto__01__Production__Energy_balance__PJ__Biodiesel.html,sec-Other_transformation_and_transfers__Supply__Production,Production,direct
chart::charts/esto__01__Production__Energy_balance__PJ__Biogas.html,Other transformation and transfers > Supply > Production,esto__01__Production,Energy balance (PJ),Biogas,charts/esto__01__Production__Energy_balance__PJ__Biogas.html,sec-Other_transformation_and_transfers__Supply__Production,Production,direct
chart::charts/esto__01__Production__Energy_balance__PJ__Biogasoline.html,Other transformation and transfers > Supply > Production,esto__01__Production,Energy balance (PJ),Biogasoline,charts/esto__01__Production__Energy_balance__PJ__Biogasoline.html,sec-Other_transformation_and_transfers__Supply__Production,Production,direct
chart::charts/esto__01__Production__Energy_balance__PJ__Black_liqour.html,Other transformation and transfers > Supply > Production,esto__01__Production,Energy balance (PJ),Black liqour,charts/esto__01__Production__Energy_balance__PJ__Black_liqour.html,sec-Other_transformation_and_transfers__Supply__Production,Production,direct
chart::charts/esto__01__Production__Energy_balance__PJ__Coal_nonspecified.html,Other transformation and transfers > Supply > Production,esto__01__Production,Energy balance (PJ),Coal nonspecified,charts/esto__01__Production__Energy_balance__PJ__Coal_nonspecified.html,sec-Other_transformation_and_transfers__Supply__Production,Production,direct
chart::charts/esto__01__Production__Energy_balance__PJ__Coking_coal.html,Other transformation and transfers > Supply > Production,esto__01__Production,Energy balance (PJ),Coking coal,charts/esto__01__Production__Energy_balance__PJ__Coking_coal.html,sec-Other_transformation_and_transfers__Supply__Production,Production,direct
chart::charts/esto__01__Production__Energy_balance__PJ__Geothermal.html,Other transformation and transfers > Supply > Production,esto__01__Production,Energy balance (PJ),Geothermal,charts/esto__01__Production__Energy_balance__PJ__Geothermal.html,sec-Other_transformation_and_transfers__Supply__Production,Production,direct
chart::charts/esto__01__Production__Energy_balance__PJ__Hydro.html,Other transformation and transfers > Supply > Production,esto__01__Production,Energy balance (PJ),Hydro,charts/esto__01__Production__Energy_balance__PJ__Hydro.html,sec-Other_transformation_and_transfers__Supply__Production,Production,direct
chart::charts/esto__01__Production__Energy_balance__PJ__Lignite.html,Other transformation and transfers > Supply > Production,esto__01__Production,Energy balance (PJ),Lignite,charts/esto__01__Production__Energy_balance__PJ__Lignite.html,sec-Other_transformation_and_transfers__Supply__Production,Production,direct
chart::charts/esto__01__Production__Energy_balance__PJ__Municipal_solid_waste__non-renewable.html,Other transformation and transfers > Supply > Production,esto__01__Production,Energy balance (PJ),Municipal solid waste (non-renewable),charts/esto__01__Production__Energy_balance__PJ__Municipal_solid_waste__non-renewable.html,sec-Other_transformation_and_transfers__Supply__Production,Production,direct
chart::charts/esto__01__Production__Energy_balance__PJ__Municipal_solid_waste__renewable.html,Other transformation and transfers > Supply > Production,esto__01__Production,Energy balance (PJ),Municipal solid waste (renewable),charts/esto__01__Production__Energy_balance__PJ__Municipal_solid_waste__renewable.html,sec-Other_transformation_and_transfers__Supply__Production,Production,direct
chart::charts/esto__01__Production__Energy_balance__PJ__Natural_gas.html,Other transformation and transfers > Supply > Production,esto__01__Production,Energy balance (PJ),Natural gas,charts/esto__01__Production__Energy_balance__PJ__Natural_gas.html,sec-Other_transformation_and_transfers__Supply__Production,Production,direct
chart::charts/esto__01__Production__Energy_balance__PJ__Natural_gas_liquids.html,Other transformation and transfers > Supply > Production,esto__01__Production,Energy balance (PJ),Natural gas liquids,charts/esto__01__Production__Energy_balance__PJ__Natural_gas_liquids.html,sec-Other_transformation_and_transfers__Supply__Production,Production,direct
chart::charts/esto__01__Production__Energy_balance__PJ__Nuclear.html,Other transformation and transfers > Supply > Production,esto__01__Production,Energy balance (PJ),Nuclear,charts/esto__01__Production__Energy_balance__PJ__Nuclear.html,sec-Other_transformation_and_transfers__Supply__Production,Production,direct
chart::charts/esto__01__Production__Energy_balance__PJ__Other_biomass.html,Other transformation and transfers > Supply > Production,esto__01__Production,Energy balance (PJ),Other biomass,charts/esto__01__Production__Energy_balance__PJ__Other_biomass.html,sec-Other_transformation_and_transfers__Supply__Production,Production,direct
chart::charts/esto__01__Production__Energy_balance__PJ__Other_bituminous_coal.html,Other transformation and transfers > Supply > Production,esto__01__Production,Energy balance (PJ),Other bituminous coal,charts/esto__01__Production__Energy_balance__PJ__Other_bituminous_coal.html,sec-Other_transformation_and_transfers__Supply__Production,Production,direct
chart::charts/esto__01__Production__Energy_balance__PJ__Other_liquid_biofuels.html,Other transformation and transfers > Supply > Production,esto__01__Production,Energy balance (PJ),Other liquid biofuels,charts/esto__01__Production__Energy_balance__PJ__Other_liquid_biofuels.html,sec-Other_transformation_and_transfers__Supply__Production,Production,direct
chart::charts/esto__01__Production__Energy_balance__PJ__Solar_nonspecified.html,Other transformation and transfers > Supply > Production,esto__01__Production,Energy balance (PJ),Solar nonspecified,charts/esto__01__Production__Energy_balance__PJ__Solar_nonspecified.html,sec-Other_transformation_and_transfers__Supply__Production,Production,direct
chart::charts/esto__01__Production__Energy_balance__PJ__Solid_biomass.html,Other transformation and transfers > Supply > Production,esto__01__Production,Energy balance (PJ),Solid biomass,charts/esto__01__Production__Energy_balance__PJ__Solid_biomass.html,sec-Other_transformation_and_transfers__Supply__Production,Production,direct
chart::charts/esto__01__Production__Energy_balance__PJ__Wind.html,Other transformation and transfers > Supply > Production,esto__01__Production,Energy balance (PJ),Wind,charts/esto__01__Production__Energy_balance__PJ__Wind.html,sec-Other_transformation_and_transfers__Supply__Production,Production,direct
chart::charts/esto__01__Production__Energy_balance__PJ__of_which__Photovoltaics.html,Other transformation and transfers > Supply > Production,esto__01__Production,Energy balance (PJ),of which: Photovoltaics,charts/esto__01__Production__Energy_balance__PJ__of_which__Photovoltaics.html,sec-Other_transformation_and_transfers__Supply__Production,Production,direct
chart::charts/esto__07__Total_primary_energy_supply__Energy_balance__PJ__Anthracite.html,Other transformation and transfers > Supply > Total primary energy supply,esto__07__Total_primary_energy_supply,Energy balance (PJ),Anthracite,charts/esto__07__Total_primary_energy_supply__Energy_balance__PJ__Anthracite.html,sec-Other_transformation_and_transfers__Supply__Total_primary_energy_supply,Total primary energy supply,direct
chart::charts/esto__07__Total_primary_energy_supply__Energy_balance__PJ__Aviation_gasoline.html,Other transformation and transfers > Supply > Total primary energy supply,esto__07__Total_primary_energy_supply,Energy balance (PJ),Aviation gasoline,charts/esto__07__Total_primary_energy_supply__Energy_balance__PJ__Aviation_gasoline.html,sec-Other_transformation_and_transfers__Supply__Total_primary_energy_supply,Total primary energy supply,direct
chart::charts/esto__07__Total_primary_energy_supply__Energy_balance__PJ__BKB_PB.html,Other transformation and transfers > Supply > Total primary energy supply,esto__07__Total_primary_energy_supply,Energy balance (PJ),BKB/PB,charts/esto__07__Total_primary_energy_supply__Energy_balance__PJ__BKB_PB.html,sec-Other_transformation_and_transfers__Supply__Total_primary_energy_supply,Total primary energy supply,direct
chart::charts/esto__07__Total_primary_energy_supply__Energy_balance__PJ__Bagasse.html,Other transformation and transfers > Supply > Total primary energy supply,esto__07__Total_primary_energy_supply,Energy balance (PJ),Bagasse,charts/esto__07__Total_primary_energy_supply__Energy_balance__PJ__Bagasse.html,sec-Other_transformation_and_transfers__Supply__Total_primary_energy_supply,Total primary energy supply,direct
chart::charts/esto__07__Total_primary_energy_supply__Energy_balance__PJ__Bio_jet_kerosene.html,Other transformation and transfers > Supply > Total primary energy supply,esto__07__Total_primary_energy_supply,Energy balance (PJ),Bio jet kerosene,charts/esto__07__Total_primary_energy_supply__Energy_balance__PJ__Bio_jet_kerosene.html,sec-Other_transformation_and_transfers__Supply__Total_primary_energy_supply,Total primary energy supply,direct
chart::charts/esto__07__Total_primary_energy_supply__Energy_balance__PJ__Biodiesel.html,Other transformation and transfers > Supply > Total primary energy supply,esto__07__Total_primary_energy_supply,Energy balance (PJ),Biodiesel,charts/esto__07__Total_primary_energy_supply__Energy_balance__PJ__Biodiesel.html,sec-Other_transformation_and_transfers__Supply__Total_primary_energy_supply,Total primary energy supply,direct
chart::charts/esto__07__Total_primary_energy_supply__Energy_balance__PJ__Biogas.html,Other transformation and transfers > Supply > Total primary energy supply,esto__07__Total_primary_energy_supply,Energy balance (PJ),Biogas,charts/esto__07__Total_primary_energy_supply__Energy_balance__PJ__Biogas.html,sec-Other_transformation_and_transfers__Supply__Total_primary_energy_supply,Total primary energy supply,direct
chart::charts/esto__07__Total_primary_energy_supply__Energy_balance__PJ__Biogasoline.html,Other transformation and transfers > Supply > Total primary energy supply,esto__07__Total_primary_energy_supply,Energy balance (PJ),Biogasoline,charts/esto__07__Total_primary_energy_supply__Energy_balance__PJ__Biogasoline.html,sec-Other_transformation_and_transfers__Supply__Total_primary_energy_supply,Total primary energy supply,direct
chart::charts/esto__07__Total_primary_energy_supply__Energy_balance__PJ__Bitumen.html,Other transformation and transfers > Supply > Total primary energy supply,esto__07__Total_primary_energy_supply,Energy balance (PJ),Bitumen,charts/esto__07__Total_primary_energy_supply__Energy_balance__PJ__Bitumen.html,sec-Other_transformation_and_transfers__Supply__Total_primary_energy_supply,Total primary energy supply,direct
chart::charts/esto__07__Total_primary_energy_supply__Energy_balance__PJ__Black_liqour.html,Other transformation and transfers > Supply > Total primary energy supply,esto__07__Total_primary_energy_supply,Energy balance (PJ),Black liqour,charts/esto__07__Total_primary_energy_supply__Energy_balance__PJ__Black_liqour.html,sec-Other_transformation_and_transfers__Supply__Total_primary_energy_supply,Total primary energy supply,direct
chart::charts/esto__07__Total_primary_energy_supply__Energy_balance__PJ__Blast_furnace_gas.html,Other transformation and transfers > Supply > Total primary energy supply,esto__07__Total_primary_energy_supply,Energy balance (PJ),Blast furnace gas,charts/esto__07__Total_primary_energy_supply__Energy_balance__PJ__Blast_furnace_gas.html,sec-Other_transformation_and_transfers__Supply__Total_primary_energy_supply,Total primary energy supply,direct
chart::charts/esto__07__Total_primary_energy_supply__Energy_balance__PJ__Charcoal.html,Other transformation and transfers > Supply > Total primary energy supply,esto__07__Total_primary_energy_supply,Energy balance (PJ),Charcoal,charts/esto__07__Total_primary_energy_supply__Energy_balance__PJ__Charcoal.html,sec-Other_transformation_and_transfers__Supply__Total_primary_energy_supply,Total primary energy supply,direct
chart::charts/esto__07__Total_primary_energy_supply__Energy_balance__PJ__Coal_nonspecified.html,Other transformation and transfers > Supply > Total primary energy supply,esto__07__Total_primary_energy_supply,Energy balance (PJ),Coal nonspecified,charts/esto__07__Total_primary_energy_supply__Energy_balance__PJ__Coal_nonspecified.html,sec-Other_transformation_and_transfers__Supply__Total_primary_energy_supply,Total primary energy supply,direct
chart::charts/esto__07__Total_primary_energy_supply__Energy_balance__PJ__Coal_tar.html,Other transformation and transfers > Supply > Total primary energy supply,esto__07__Total_primary_energy_supply,Energy balance (PJ),Coal tar,charts/esto__07__Total_primary_energy_supply__Energy_balance__PJ__Coal_tar.html,sec-Other_transformation_and_transfers__Supply__Total_primary_energy_supply,Total primary energy supply,direct
chart::charts/esto__07__Total_primary_energy_supply__Energy_balance__PJ__Coke_oven_coke.html,Other transformation and transfers > Supply > Total primary energy supply,esto__07__Total_primary_energy_supply,Energy balance (PJ),Coke oven coke,charts/esto__07__Total_primary_energy_supply__Energy_balance__PJ__Coke_oven_coke.html,sec-Other_transformation_and_transfers__Supply__Total_primary_energy_supply,Total primary energy supply,direct
chart::charts/esto__07__Total_primary_energy_supply__Energy_balance__PJ__Coke_oven_gas.html,Other transformation and transfers > Supply > Total primary energy supply,esto__07__Total_primary_energy_supply,Energy balance (PJ),Coke oven gas,charts/esto__07__Total_primary_energy_supply__Energy_balance__PJ__Coke_oven_gas.html,sec-Other_transformation_and_transfers__Supply__Total_primary_energy_supply,Total primary energy supply,direct
chart::charts/esto__07__Total_primary_energy_supply__Energy_balance__PJ__Coking_coal.html,Other transformation and transfers > Supply > Total primary energy supply,esto__07__Total_primary_energy_supply,Energy balance (PJ),Coking coal,charts/esto__07__Total_primary_energy_supply__Energy_balance__PJ__Coking_coal.html,sec-Other_transformation_and_transfers__Supply__Total_primary_energy_supply,Total primary energy supply,direct
chart::charts/esto__07__Total_primary_energy_supply__Energy_balance__PJ__Crude_oil.html,Other transformation and transfers > Supply > Total primary energy supply,esto__07__Total_primary_energy_supply,Energy balance (PJ),Crude oil,charts/esto__07__Total_primary_energy_supply__Energy_balance__PJ__Crude_oil.html,sec-Other_transformation_and_transfers__Supply__Total_primary_energy_supply,Total primary energy supply,direct
chart::charts/esto__07__Total_primary_energy_supply__Energy_balance__PJ__E-fuel.html,Other transformation and transfers > Supply > Total primary energy supply,esto__07__Total_primary_energy_supply,Energy balance (PJ),E-fuel,charts/esto__07__Total_primary_energy_supply__Energy_balance__PJ__E-fuel.html,sec-Other_transformation_and_transfers__Supply__Total_primary_energy_supply,Total primary energy supply,direct
chart::charts/esto__07__Total_primary_energy_supply__Energy_balance__PJ__Electricity.html,Other transformation and transfers > Supply > Total primary energy supply,esto__07__Total_primary_energy_supply,Energy balance (PJ),Electricity,charts/esto__07__Total_primary_energy_supply__Energy_balance__PJ__Electricity.html,sec-Other_transformation_and_transfers__Supply__Total_primary_energy_supply,Total primary energy supply,direct
chart::charts/esto__07__Total_primary_energy_supply__Energy_balance__PJ__Ethane.html,Other transformation and transfers > Supply > Total primary energy supply,esto__07__Total_primary_energy_supply,Energy balance (PJ),Ethane,charts/esto__07__Total_primary_energy_supply__Energy_balance__PJ__Ethane.html,sec-Other_transformation_and_transfers__Supply__Total_primary_energy_supply,Total primary energy supply,direct
chart::charts/esto__07__Total_primary_energy_supply__Energy_balance__PJ__Fuel_oil.html,Other transformation and transfers > Supply > Total primary energy supply,esto__07__Total_primary_energy_supply,Energy balance (PJ),Fuel oil,charts/esto__07__Total_primary_energy_supply__Energy_balance__PJ__Fuel_oil.html,sec-Other_transformation_and_transfers__Supply__Total_primary_energy_supply,Total primary energy supply,direct
chart::charts/esto__07__Total_primary_energy_supply__Energy_balance__PJ__Gas_coke.html,Other transformation and transfers > Supply > Total primary energy supply,esto__07__Total_primary_energy_supply,Energy balance (PJ),Gas coke,charts/esto__07__Total_primary_energy_supply__Energy_balance__PJ__Gas_coke.html,sec-Other_transformation_and_transfers__Supply__Total_primary_energy_supply,Total primary energy supply,direct
chart::charts/esto__07__Total_primary_energy_supply__Energy_balance__PJ__Gas_diesel_oil.html,Other transformation and transfers > Supply > Total primary energy supply,esto__07__Total_primary_energy_supply,Energy balance (PJ),Gas/diesel oil,charts/esto__07__Total_primary_energy_supply__Energy_balance__PJ__Gas_diesel_oil.html,sec-Other_transformation_and_transfers__Supply__Total_primary_energy_supply,Total primary energy supply,direct
chart::charts/esto__07__Total_primary_energy_supply__Energy_balance__PJ__Gasoline_type_jet_fuel.html,Other transformation and transfers > Supply > Total primary energy supply,esto__07__Total_primary_energy_supply,Energy balance (PJ),Gasoline type jet fuel,charts/esto__07__Total_primary_energy_supply__Energy_balance__PJ__Gasoline_type_jet_fuel.html,sec-Other_transformation_and_transfers__Supply__Total_primary_energy_supply,Total primary energy supply,direct
chart::charts/esto__07__Total_primary_energy_supply__Energy_balance__PJ__Geothermal.html,Other transformation and transfers > Supply > Total primary energy supply,esto__07__Total_primary_energy_supply,Energy balance (PJ),Geothermal,charts/esto__07__Total_primary_energy_supply__Energy_balance__PJ__Geothermal.html,sec-Other_transformation_and_transfers__Supply__Total_primary_energy_supply,Total primary energy supply,direct
chart::charts/esto__07__Total_primary_energy_supply__Energy_balance__PJ__Heat.html,Other transformation and transfers > Supply > Total primary energy supply,esto__07__Total_primary_energy_supply,Energy balance (PJ),Heat,charts/esto__07__Total_primary_energy_supply__Energy_balance__PJ__Heat.html,sec-Other_transformation_and_transfers__Supply__Total_primary_energy_supply,Total primary energy supply,direct
chart::charts/esto__07__Total_primary_energy_supply__Energy_balance__PJ__Hydro.html,Other transformation and transfers > Supply > Total primary energy supply,esto__07__Total_primary_energy_supply,Energy balance (PJ),Hydro,charts/esto__07__Total_primary_energy_supply__Energy_balance__PJ__Hydro.html,sec-Other_transformation_and_transfers__Supply__Total_primary_energy_supply,Total primary energy supply,direct
chart::charts/esto__07__Total_primary_energy_supply__Energy_balance__PJ__Hydrogen.html,Other transformation and transfers > Supply > Total primary energy supply,esto__07__Total_primary_energy_supply,Energy balance (PJ),Hydrogen,charts/esto__07__Total_primary_energy_supply__Energy_balance__PJ__Hydrogen.html,sec-Other_transformation_and_transfers__Supply__Total_primary_energy_supply,Total primary energy supply,direct
chart::charts/esto__07__Total_primary_energy_supply__Energy_balance__PJ__Industrial_waste.html,Other transformation and transfers > Supply > Total primary energy supply,esto__07__Total_primary_energy_supply,Energy balance (PJ),Industrial waste,charts/esto__07__Total_primary_energy_supply__Energy_balance__PJ__Industrial_waste.html,sec-Other_transformation_and_transfers__Supply__Total_primary_energy_supply,Total primary energy supply,direct
chart::charts/esto__07__Total_primary_energy_supply__Energy_balance__PJ__Kerosene.html,Other transformation and transfers > Supply > Total primary energy supply,esto__07__Total_primary_energy_supply,Energy balance (PJ),Kerosene,charts/esto__07__Total_primary_energy_supply__Energy_balance__PJ__Kerosene.html,sec-Other_transformation_and_transfers__Supply__Total_primary_energy_supply,Total primary energy supply,direct
chart::charts/esto__07__Total_primary_energy_supply__Energy_balance__PJ__Kerosene_type_jet_fuel.html,Other transformation and transfers > Supply > Total primary energy supply,esto__07__Total_primary_energy_supply,Energy balance (PJ),Kerosene type jet fuel,charts/esto__07__Total_primary_energy_supply__Energy_balance__PJ__Kerosene_type_jet_fuel.html,sec-Other_transformation_and_transfers__Supply__Total_primary_energy_supply,Total primary energy supply,direct
chart::charts/esto__07__Total_primary_energy_supply__Energy_balance__PJ__LNG.html,Other transformation and transfers > Supply > Total primary energy supply,esto__07__Total_primary_energy_supply,Energy balance (PJ),LNG,charts/esto__07__Total_primary_energy_supply__Energy_balance__PJ__LNG.html,sec-Other_transformation_and_transfers__Supply__Total_primary_energy_supply,Total primary energy supply,direct
chart::charts/esto__07__Total_primary_energy_supply__Energy_balance__PJ__LPG.html,Other transformation and transfers > Supply > Total primary energy supply,esto__07__Total_primary_energy_supply,Energy balance (PJ),LPG,charts/esto__07__Total_primary_energy_supply__Energy_balance__PJ__LPG.html,sec-Other_transformation_and_transfers__Supply__Total_primary_energy_supply,Total primary energy supply,direct
chart::charts/esto__07__Total_primary_energy_supply__Energy_balance__PJ__Lignite.html,Other transformation and transfers > Supply > Total primary energy supply,esto__07__Total_primary_energy_supply,Energy balance (PJ),Lignite,charts/esto__07__Total_primary_energy_supply__Energy_balance__PJ__Lignite.html,sec-Other_transformation_and_transfers__Supply__Total_primary_energy_supply,Total primary energy supply,direct
chart::charts/esto__07__Total_primary_energy_supply__Energy_balance__PJ__Lubricants.html,Other transformation and transfers > Supply > Total primary energy supply,esto__07__Total_primary_energy_supply,Energy balance (PJ),Lubricants,charts/esto__07__Total_primary_energy_supply__Energy_balance__PJ__Lubricants.html,sec-Other_transformation_and_transfers__Supply__Total_primary_energy_supply,Total primary energy supply,direct
chart::charts/esto__07__Total_primary_energy_supply__Energy_balance__PJ__Motor_gasoline.html,Other transformation and transfers > Supply > Total primary energy supply,esto__07__Total_primary_energy_supply,Energy balance (PJ),Motor gasoline,charts/esto__07__Total_primary_energy_supply__Energy_balance__PJ__Motor_gasoline.html,sec-Other_transformation_and_transfers__Supply__Total_primary_energy_supply,Total primary energy supply,direct
chart::charts/esto__07__Total_primary_energy_supply__Energy_balance__PJ__Municipal_solid_waste__non-renewable.html,Other transformation and transfers > Supply > Total primary energy supply,esto__07__Total_primary_energy_supply,Energy balance (PJ),Municipal solid waste (non-renewable),charts/esto__07__Total_primary_energy_supply__Energy_balance__PJ__Municipal_solid_waste__non-renewable.html,sec-Other_transformation_and_transfers__Supply__Total_primary_energy_supply,Total primary energy supply,direct
chart::charts/esto__07__Total_primary_energy_supply__Energy_balance__PJ__Municipal_solid_waste__renewable.html,Other transformation and transfers > Supply > Total primary energy supply,esto__07__Total_primary_energy_supply,Energy balance (PJ),Municipal solid waste (renewable),charts/esto__07__Total_primary_energy_supply__Energy_balance__PJ__Municipal_solid_waste__renewable.html,sec-Other_transformation_and_transfers__Supply__Total_primary_energy_supply,Total primary energy supply,direct
chart::charts/esto__07__Total_primary_energy_supply__Energy_balance__PJ__Naphtha.html,Other transformation and transfers > Supply > Total primary energy supply,esto__07__Total_primary_energy_supply,Energy balance (PJ),Naphtha,charts/esto__07__Total_primary_energy_supply__Energy_balance__PJ__Naphtha.html,sec-Other_transformation_and_transfers__Supply__Total_primary_energy_supply,Total primary energy supply,direct
chart::charts/esto__07__Total_primary_energy_supply__Energy_balance__PJ__Natural_gas.html,Other transformation and transfers > Supply > Total primary energy supply,esto__07__Total_primary_energy_supply,Energy balance (PJ),Natural gas,charts/esto__07__Total_primary_energy_supply__Energy_balance__PJ__Natural_gas.html,sec-Other_transformation_and_transfers__Supply__Total_primary_energy_supply,Total primary energy supply,direct
chart::charts/esto__07__Total_primary_energy_supply__Energy_balance__PJ__Natural_gas_liquids.html,Other transformation and transfers > Supply > Total primary energy supply,esto__07__Total_primary_energy_supply,Energy balance (PJ),Natural gas liquids,charts/esto__07__Total_primary_energy_supply__Energy_balance__PJ__Natural_gas_liquids.html,sec-Other_transformation_and_transfers__Supply__Total_primary_energy_supply,Total primary energy supply,direct
chart::charts/esto__07__Total_primary_energy_supply__Energy_balance__PJ__Nuclear.html,Other transformation and transfers > Supply > Total primary energy supply,esto__07__Total_primary_energy_supply,Energy balance (PJ),Nuclear,charts/esto__07__Total_primary_energy_supply__Energy_balance__PJ__Nuclear.html,sec-Other_transformation_and_transfers__Supply__Total_primary_energy_supply,Total primary energy supply,direct
chart::charts/esto__07__Total_primary_energy_supply__Energy_balance__PJ__Other_biomass.html,Other transformation and transfers > Supply > Total primary energy supply,esto__07__Total_primary_energy_supply,Energy balance (PJ),Other biomass,charts/esto__07__Total_primary_energy_supply__Energy_balance__PJ__Other_biomass.html,sec-Other_transformation_and_transfers__Supply__Total_primary_energy_supply,Total primary energy supply,direct
chart::charts/esto__07__Total_primary_energy_supply__Energy_balance__PJ__Other_bituminous_coal.html,Other transformation and transfers > Supply > Total primary energy supply,esto__07__Total_primary_energy_supply,Energy balance (PJ),Other bituminous coal,charts/esto__07__Total_primary_energy_supply__Energy_balance__PJ__Other_bituminous_coal.html,sec-Other_transformation_and_transfers__Supply__Total_primary_energy_supply,Total primary energy supply,direct
chart::charts/esto__07__Total_primary_energy_supply__Energy_balance__PJ__Other_hydrocarbons.html,Other transformation and transfers > Supply > Total primary energy supply,esto__07__Total_primary_energy_supply,Energy balance (PJ),Other hydrocarbons,charts/esto__07__Total_primary_energy_supply__Energy_balance__PJ__Other_hydrocarbons.html,sec-Other_transformation_and_transfers__Supply__Total_primary_energy_supply,Total primary energy supply,direct
chart::charts/esto__07__Total_primary_energy_supply__Energy_balance__PJ__Other_liquid_biofuels.html,Other transformation and transfers > Supply > Total primary energy supply,esto__07__Total_primary_energy_supply,Energy balance (PJ),Other liquid biofuels,charts/esto__07__Total_primary_energy_supply__Energy_balance__PJ__Other_liquid_biofuels.html,sec-Other_transformation_and_transfers__Supply__Total_primary_energy_supply,Total primary energy supply,direct
chart::charts/esto__07__Total_primary_energy_supply__Energy_balance__PJ__Other_products.html,Other transformation and transfers > Supply > Total primary energy supply,esto__07__Total_primary_energy_supply,Energy balance (PJ),Other products,charts/esto__07__Total_primary_energy_supply__Energy_balance__PJ__Other_products.html,sec-Other_transformation_and_transfers__Supply__Total_primary_energy_supply,Total primary energy supply,direct
chart::charts/esto__07__Total_primary_energy_supply__Energy_balance__PJ__Other_recovered_gases.html,Other transformation and transfers > Supply > Total primary energy supply,esto__07__Total_primary_energy_supply,Energy balance (PJ),Other recovered gases,charts/esto__07__Total_primary_energy_supply__Energy_balance__PJ__Other_recovered_gases.html,sec-Other_transformation_and_transfers__Supply__Total_primary_energy_supply,Total primary energy supply,direct
chart::charts/esto__07__Total_primary_energy_supply__Energy_balance__PJ__Other_sources.html,Other transformation and transfers > Supply > Total primary energy supply,esto__07__Total_primary_energy_supply,Energy balance (PJ),Other sources,charts/esto__07__Total_primary_energy_supply__Energy_balance__PJ__Other_sources.html,sec-Other_transformation_and_transfers__Supply__Total_primary_energy_supply,Total primary energy supply,direct
chart::charts/esto__07__Total_primary_energy_supply__Energy_balance__PJ__Others.html,Other transformation and transfers > Supply > Total primary energy supply,esto__07__Total_primary_energy_supply,Energy balance (PJ),Others,charts/esto__07__Total_primary_energy_supply__Energy_balance__PJ__Others.html,sec-Other_transformation_and_transfers__Supply__Total_primary_energy_supply,Total primary energy supply,direct
chart::charts/esto__07__Total_primary_energy_supply__Energy_balance__PJ__Paraffin_waxes.html,Other transformation and transfers > Supply > Total primary energy supply,esto__07__Total_primary_energy_supply,Energy balance (PJ),Paraffin waxes,charts/esto__07__Total_primary_energy_supply__Energy_balance__PJ__Paraffin_waxes.html,sec-Other_transformation_and_transfers__Supply__Total_primary_energy_supply,Total primary energy supply,direct
chart::charts/esto__07__Total_primary_energy_supply__Energy_balance__PJ__Patent_fuel.html,Other transformation and transfers > Supply > Total primary energy supply,esto__07__Total_primary_energy_supply,Energy balance (PJ),Patent fuel,charts/esto__07__Total_primary_energy_supply__Energy_balance__PJ__Patent_fuel.html,sec-Other_transformation_and_transfers__Supply__Total_primary_energy_supply,Total primary energy supply,direct
chart::charts/esto__07__Total_primary_energy_supply__Energy_balance__PJ__PetProd_nonspecified.html,Other transformation and transfers > Supply > Total primary energy supply,esto__07__Total_primary_energy_supply,Energy balance (PJ),PetProd nonspecified,charts/esto__07__Total_primary_energy_supply__Energy_balance__PJ__PetProd_nonspecified.html,sec-Other_transformation_and_transfers__Supply__Total_primary_energy_supply,Total primary energy supply,direct
chart::charts/esto__07__Total_primary_energy_supply__Energy_balance__PJ__Petroleum_coke.html,Other transformation and transfers > Supply > Total primary energy supply,esto__07__Total_primary_energy_supply,Energy balance (PJ),Petroleum coke,charts/esto__07__Total_primary_energy_supply__Energy_balance__PJ__Petroleum_coke.html,sec-Other_transformation_and_transfers__Supply__Total_primary_energy_supply,Total primary energy supply,direct
chart::charts/esto__07__Total_primary_energy_supply__Energy_balance__PJ__Refinery_feedstocks.html,Other transformation and transfers > Supply > Total primary energy supply,esto__07__Total_primary_energy_supply,Energy balance (PJ),Refinery feedstocks,charts/esto__07__Total_primary_energy_supply__Energy_balance__PJ__Refinery_feedstocks.html,sec-Other_transformation_and_transfers__Supply__Total_primary_energy_supply,Total primary energy supply,direct
chart::charts/esto__07__Total_primary_energy_supply__Energy_balance__PJ__Refinery_gas__not_liquefied.html,Other transformation and transfers > Supply > Total primary energy supply,esto__07__Total_primary_energy_supply,Energy balance (PJ),Refinery gas (not liquefied),charts/esto__07__Total_primary_energy_supply__Energy_balance__PJ__Refinery_gas__not_liquefied.html,sec-Other_transformation_and_transfers__Supply__Total_primary_energy_supply,Total primary energy supply,direct
chart::charts/esto__07__Total_primary_energy_supply__Energy_balance__PJ__Solar_nonspecified.html,Other transformation and transfers > Supply > Total primary energy supply,esto__07__Total_primary_energy_supply,Energy balance (PJ),Solar nonspecified,charts/esto__07__Total_primary_energy_supply__Energy_balance__PJ__Solar_nonspecified.html,sec-Other_transformation_and_transfers__Supply__Total_primary_energy_supply,Total primary energy supply,direct
chart::charts/esto__07__Total_primary_energy_supply__Energy_balance__PJ__Solid_biomass.html,Other transformation and transfers > Supply > Total primary energy supply,esto__07__Total_primary_energy_supply,Energy balance (PJ),Solid biomass,charts/esto__07__Total_primary_energy_supply__Energy_balance__PJ__Solid_biomass.html,sec-Other_transformation_and_transfers__Supply__Total_primary_energy_supply,Total primary energy supply,direct
chart::charts/esto__07__Total_primary_energy_supply__Energy_balance__PJ__White_spirit_SBP.html,Other transformation and transfers > Supply > Total primary energy supply,esto__07__Total_primary_energy_supply,Energy balance (PJ),White spirit SBP,charts/esto__07__Total_primary_energy_supply__Energy_balance__PJ__White_spirit_SBP.html,sec-Other_transformation_and_transfers__Supply__Total_primary_energy_supply,Total primary energy supply,direct
chart::charts/esto__07__Total_primary_energy_supply__Energy_balance__PJ__Wind.html,Other transformation and transfers > Supply > Total primary energy supply,esto__07__Total_primary_energy_supply,Energy balance (PJ),Wind,charts/esto__07__Total_primary_energy_supply__Energy_balance__PJ__Wind.html,sec-Other_transformation_and_transfers__Supply__Total_primary_energy_supply,Total primary energy supply,direct
chart::charts/esto__07__Total_primary_energy_supply__Energy_balance__PJ__of_which__Photovoltaics.html,Other transformation and transfers > Supply > Total primary energy supply,esto__07__Total_primary_energy_supply,Energy balance (PJ),of which: Photovoltaics,charts/esto__07__Total_primary_energy_supply__Energy_balance__PJ__of_which__Photovoltaics.html,sec-Other_transformation_and_transfers__Supply__Total_primary_energy_supply,Total primary energy supply,direct
chart::charts/esto__09_08_02__Blast_furnaces__Outputs__PJ__02_04_Blast_furnace_gas.html,Other transformation and transfers > Transfers > Coal transformation > Blast furnaces,esto__09_08_02__Blast_furnaces,Outputs (PJ),02.04 Blast furnace gas,charts/esto__09_08_02__Blast_furnaces__Outputs__PJ__02_04_Blast_furnace_gas.html,sec-Other_transformation_and_transfers__Transfers__Coal_transformation__Blast_furnaces,Blast furnaces,direct
chart::charts/esto__09_06_02__Liquefaction_regasification_plants__Outputs__PJ__08_02_LNG.html,Other transformation and transfers > Transfers > Gas processing plants > Liquefaction/regasification plants,esto__09_06_02__Liquefaction_regasification_plants,Outputs (PJ),08.02 LNG,charts/esto__09_06_02__Liquefaction_regasification_plants__Outputs__PJ__08_02_LNG.html,sec-Other_transformation_and_transfers__Transfers__Gas_processing_plants__Liquefaction_regasification_plants,Liquefaction/regasification plants,direct
chart::charts/esto__09_13_03__SMR_w_CCS__Inputs__incl__losses___own-use___PJ__08_01_Natural_gas.html,Other transformation and transfers > Transfers > Hydrogen transformation > SMR w CCS,esto__09_13_03__SMR_w_CCS,Inputs (incl. losses & own-use) (PJ),08.01 Natural gas,charts/esto__09_13_03__SMR_w_CCS__Inputs__incl__losses___own-use___PJ__08_01_Natural_gas.html,sec-Other_transformation_and_transfers__Transfers__Hydrogen_transformation__SMR_w_CCS,SMR w CCS,direct
chart::charts/esto__09_12__Non-specified_transformation__Outputs__PJ__06_05_Other_hydrocarbons.html,Other transformation and transfers > Transfers > Non-specified transformation,esto__09_12__Non-specified_transformation,Outputs (PJ),06.05 Other hydrocarbons,charts/esto__09_12__Non-specified_transformation__Outputs__PJ__06_05_Other_hydrocarbons.html,sec-Other_transformation_and_transfers__Transfers__Non-specified_transformation,Non-specified transformation,direct
chart::charts/esto__16_03__Agriculture__Energy_balance__PJ__Biodiesel.html,Others > Agriculture and fishing,esto__16_03__Agriculture,Energy balance (PJ),Biodiesel,charts/esto__16_03__Agriculture__Energy_balance__PJ__Biodiesel.html,sec-Others__Agriculture_and_fishing,Agriculture and fishing,direct
chart::charts/esto__16_03__Agriculture__Energy_balance__PJ__Biogas.html,Others > Agriculture and fishing,esto__16_03__Agriculture,Energy balance (PJ),Biogas,charts/esto__16_03__Agriculture__Energy_balance__PJ__Biogas.html,sec-Others__Agriculture_and_fishing,Agriculture and fishing,direct
chart::charts/esto__16_03__Agriculture__Energy_balance__PJ__Electricity.html,Others > Agriculture and fishing,esto__16_03__Agriculture,Energy balance (PJ),Electricity,charts/esto__16_03__Agriculture__Energy_balance__PJ__Electricity.html,sec-Others__Agriculture_and_fishing,Agriculture and fishing,direct
chart::charts/esto__16_03__Agriculture__Energy_balance__PJ__Fuel_oil.html,Others > Agriculture and fishing,esto__16_03__Agriculture,Energy balance (PJ),Fuel oil,charts/esto__16_03__Agriculture__Energy_balance__PJ__Fuel_oil.html,sec-Others__Agriculture_and_fishing,Agriculture and fishing,direct
chart::charts/esto__16_03__Agriculture__Energy_balance__PJ__Gas_diesel_oil.html,Others > Agriculture and fishing,esto__16_03__Agriculture,Energy balance (PJ),Gas/diesel oil,charts/esto__16_03__Agriculture__Energy_balance__PJ__Gas_diesel_oil.html,sec-Others__Agriculture_and_fishing,Agriculture and fishing,direct
chart::charts/esto__16_03__Agriculture__Energy_balance__PJ__LPG.html,Others > Agriculture and fishing,esto__16_03__Agriculture,Energy balance (PJ),LPG,charts/esto__16_03__Agriculture__Energy_balance__PJ__LPG.html,sec-Others__Agriculture_and_fishing,Agriculture and fishing,direct
chart::charts/esto__16_03__Agriculture__Energy_balance__PJ__Motor_gasoline.html,Others > Agriculture and fishing,esto__16_03__Agriculture,Energy balance (PJ),Motor gasoline,charts/esto__16_03__Agriculture__Energy_balance__PJ__Motor_gasoline.html,sec-Others__Agriculture_and_fishing,Agriculture and fishing,direct
chart::charts/esto__16_03__Agriculture__Energy_balance__PJ__Natural_gas.html,Others > Agriculture and fishing,esto__16_03__Agriculture,Energy balance (PJ),Natural gas,charts/esto__16_03__Agriculture__Energy_balance__PJ__Natural_gas.html,sec-Others__Agriculture_and_fishing,Agriculture and fishing,direct
chart::charts/esto__16_03__Agriculture__Energy_balance__PJ__Other_biomass.html,Others > Agriculture and fishing,esto__16_03__Agriculture,Energy balance (PJ),Other biomass,charts/esto__16_03__Agriculture__Energy_balance__PJ__Other_biomass.html,sec-Others__Agriculture_and_fishing,Agriculture and fishing,direct
chart::charts/esto__16_05__Non-specified_others__Energy_balance__PJ__Electricity.html,Others > Non-specified others,esto__16_05__Non-specified_others,Energy balance (PJ),Electricity,charts/esto__16_05__Non-specified_others__Energy_balance__PJ__Electricity.html,sec-Others__Non-specified_others,Non-specified others,direct
chart::charts/aggregate__Power__Outputs__PJ__Total.html,Power,Power,Outputs (PJ),Total,charts/aggregate__Power__Outputs__PJ__Total.html,sec-Power,Power,aggregate
chart::charts/aggregate__Transport_sector__Energy_balance__PJ__Total.html,Transport,Transport,Energy balance (PJ),Total,charts/aggregate__Transport_sector__Energy_balance__PJ__Total.html,sec-Transport_sector,Transport sector,aggregate
chart::charts/esto__15_05__Pipeline_transport__Energy_balance__PJ__Natural_gas.html,Transport > Pipeline transport,esto__15_05__Pipeline_transport,Energy balance (PJ),Natural gas,charts/esto__15_05__Pipeline_transport__Energy_balance__PJ__Natural_gas.html,sec-Transport__Pipeline_transport,Pipeline transport,direct
chart::charts/esto__15_03__Rail__Energy_balance__PJ__Biodiesel.html,Transport > Rail,esto__15_03__Rail,Energy balance (PJ),Biodiesel,charts/esto__15_03__Rail__Energy_balance__PJ__Biodiesel.html,sec-Transport__Rail,Rail,direct
chart::charts/esto__15_03__Rail__Energy_balance__PJ__Electricity.html,Transport > Rail,esto__15_03__Rail,Energy balance (PJ),Electricity,charts/esto__15_03__Rail__Energy_balance__PJ__Electricity.html,sec-Transport__Rail,Rail,direct
chart::charts/esto__15_03__Rail__Energy_balance__PJ__Gas_diesel_oil.html,Transport > Rail,esto__15_03__Rail,Energy balance (PJ),Gas/diesel oil,charts/esto__15_03__Rail__Energy_balance__PJ__Gas_diesel_oil.html,sec-Transport__Rail,Rail,direct
chart::charts/esto__15_02__Road__Energy_balance__PJ__Biodiesel.html,Transport > Road,esto__15_02__Road,Energy balance (PJ),Biodiesel,charts/esto__15_02__Road__Energy_balance__PJ__Biodiesel.html,sec-Transport__Road,Road,direct
chart::charts/esto__15_02__Road__Energy_balance__PJ__Biogasoline.html,Transport > Road,esto__15_02__Road,Energy balance (PJ),Biogasoline,charts/esto__15_02__Road__Energy_balance__PJ__Biogasoline.html,sec-Transport__Road,Road,direct
chart::charts/esto__15_02__Road__Energy_balance__PJ__Electricity.html,Transport > Road,esto__15_02__Road,Energy balance (PJ),Electricity,charts/esto__15_02__Road__Energy_balance__PJ__Electricity.html,sec-Transport__Road,Road,direct
chart::charts/esto__15_02__Road__Energy_balance__PJ__Gas_diesel_oil.html,Transport > Road,esto__15_02__Road,Energy balance (PJ),Gas/diesel oil,charts/esto__15_02__Road__Energy_balance__PJ__Gas_diesel_oil.html,sec-Transport__Road,Road,direct
chart::charts/esto__15_02__Road__Energy_balance__PJ__Hydrogen.html,Transport > Road,esto__15_02__Road,Energy balance (PJ),Hydrogen,charts/esto__15_02__Road__Energy_balance__PJ__Hydrogen.html,sec-Transport__Road,Road,direct
chart::charts/esto__15_02__Road__Energy_balance__PJ__LPG.html,Transport > Road,esto__15_02__Road,Energy balance (PJ),LPG,charts/esto__15_02__Road__Energy_balance__PJ__LPG.html,sec-Transport__Road,Road,direct
chart::charts/esto__15_02__Road__Energy_balance__PJ__Motor_gasoline.html,Transport > Road,esto__15_02__Road,Energy balance (PJ),Motor gasoline,charts/esto__15_02__Road__Energy_balance__PJ__Motor_gasoline.html,sec-Transport__Road,Road,direct
