economy,scenario,region,sheet_name,sector_code_9th,sector_name,fuel_label,year,leap_value,leap_variable,leap_units,measure,leap_scale_note,ninth_fuel_code,esto_flow,esto_product,source_sheet,source_workbook,leap_sector,leap_fuel,leap_sector_name,leap_fuel_name
20_USA,Reference,,esto__Transportation_equipment,14_03_05_transportation_equipment,Transportation equipment,Bagasse,2022,0.0007082888362995707,Energy Balance,Petajoule,Energy balance (PJ),,15_02_bagasse,14.03.05 Transportation equipment,15.02 Bagasse,EBal|2022,/mnt/c/Users/Work/github/leap_utilities/data/leap balances exports/20_USA/full model output all years 492026 REF.xlsx,14_03_05_transportation_equipment,15_02_bagasse,Transportation equipment,Bagasse
20_USA,Reference,,esto__Transportation_equipment,14_03_05_transportation_equipment,Transportation equipment,Bagasse,2023,0.0007146257459800243,Energy Balance,Petajoule,Energy balance (PJ),,15_02_bagasse,14.03.05 Transportation equipment,15.02 Bagasse,EBal|2023,/mnt/c/Users/Work/github/leap_utilities/data/leap balances exports/20_USA/full model output all years 492026 REF.xlsx,14_03_05_transportation_equipment,15_02_bagasse,Transportation equipment,Bagasse
20_USA,Target,,esto__Transportation_equipment,14_03_05_transportation_equipment,Transportation equipment,Bagasse,2022,0.0007082888362995707,Energy Balance,Petajoule,Energy balance (PJ),,15_02_bagasse,14.03.05 Transportation equipment,15.02 Bagasse,EBal|2022,/mnt/c/Users/Work/github/leap_utilities/data/leap balances exports/20_USA/full model output all years 492026 TGT.xlsx,14_03_05_transportation_equipment,15_02_bagasse,Transportation equipment,Bagasse
20_USA,Target,,esto__Transportation_equipment,14_03_05_transportation_equipment,Transportation equipment,Bagasse,2023,0.0007146257461788552,Energy Balance,Petajoule,Energy balance (PJ),,15_02_bagasse,14.03.05 Transportation equipment,15.02 Bagasse,EBal|2023,/mnt/c/Users/Work/github/leap_utilities/data/leap balances exports/20_USA/full model output all years 492026 TGT.xlsx,14_03_05_transportation_equipment,15_02_bagasse,Transportation equipment,Bagasse
20_USA,Reference,,esto__Transportation_equipment,14_03_05_transportation_equipment,Transportation equipment,Bio jet kerosene,2022,0.0007082888362995707,Energy Balance,Petajoule,Energy balance (PJ),,16_07_bio_jet_kerosene,14.03.05 Transportation equipment,16.07 Bio jet kerosene,EBal|2022,/mnt/c/Users/Work/github/leap_utilities/data/leap balances exports/20_USA/full model output all years 492026 REF.xlsx,14_03_05_transportation_equipment,16_07_bio_jet_kerosene,Transportation equipment,Bio jet kerosene
20_USA,Reference,,esto__Transportation_equipment,14_03_05_transportation_equipment,Transportation equipment,Bio jet kerosene,2023,0.0007146257459800243,Energy Balance,Petajoule,Energy balance (PJ),,16_07_bio_jet_kerosene,14.03.05 Transportation equipment,16.07 Bio jet kerosene,EBal|2023,/mnt/c/Users/Work/github/leap_utilities/data/leap balances exports/20_USA/full model output all years 492026 REF.xlsx,14_03_05_transportation_equipment,16_07_bio_jet_kerosene,Transportation equipment,Bio jet kerosene
20_USA,Target,,esto__Transportation_equipment,14_03_05_transportation_equipment,Transportation equipment,Bio jet kerosene,2022,0.0007082888362995707,Energy Balance,Petajoule,Energy balance (PJ),,16_07_bio_jet_kerosene,14.03.05 Transportation equipment,16.07 Bio jet kerosene,EBal|2022,/mnt/c/Users/Work/github/leap_utilities/data/leap balances exports/20_USA/full model output all years 492026 TGT.xlsx,14_03_05_transportation_equipment,16_07_bio_jet_kerosene,Transportation equipment,Bio jet kerosene
20_USA,Target,,esto__Transportation_equipment,14_03_05_transportation_equipment,Transportation equipment,Bio jet kerosene,2023,0.0007146257461788552,Energy Balance,Petajoule,Energy balance (PJ),,16_07_bio_jet_kerosene,14.03.05 Transportation equipment,16.07 Bio jet kerosene,EBal|2023,/mnt/c/Users/Work/github/leap_utilities/data/leap balances exports/20_USA/full model output all years 492026 TGT.xlsx,14_03_05_transportation_equipment,16_07_bio_jet_kerosene,Transportation equipment,Bio jet kerosene
20_USA,Reference,,esto__Transportation_equipment,14_03_05_transportation_equipment,Transportation equipment,Biodiesel,2022,0.0007082888362995707,Energy Balance,Petajoule,Energy balance (PJ),,16_06_biodiesel,14.03.05 Transportation equipment,16.06 Biodiesel,EBal|2022,/mnt/c/Users/Work/github/leap_utilities/data/leap balances exports/20_USA/full model output all years 492026 REF.xlsx,14_03_05_transportation_equipment,16_06_biodiesel,Transportation equipment,Biodiesel
20_USA,Reference,,esto__Transportation_equipment,14_03_05_transportation_equipment,Transportation equipment,Biodiesel,2023,0.0007146257459800243,Energy Balance,Petajoule,Energy balance (PJ),,16_06_biodiesel,14.03.05 Transportation equipment,16.06 Biodiesel,EBal|2023,/mnt/c/Users/Work/github/leap_utilities/data/leap balances exports/20_USA/full model output all years 492026 REF.xlsx,14_03_05_transportation_equipment,16_06_biodiesel,Transportation equipment,Biodiesel
20_USA,Target,,esto__Transportation_equipment,14_03_05_transportation_equipment,Transportation equipment,Biodiesel,2022,0.0007082888362995707,Energy Balance,Petajoule,Energy balance (PJ),,16_06_biodiesel,14.03.05 Transportation equipment,16.06 Biodiesel,EBal|2022,/mnt/c/Users/Work/github/leap_utilities/data/leap balances exports/20_USA/full model output all years 492026 TGT.xlsx,14_03_05_transportation_equipment,16_06_biodiesel,Transportation equipment,Biodiesel
20_USA,Target,,esto__Transportation_equipment,14_03_05_transportation_equipment,Transportation equipment,Biodiesel,2023,0.0007146257461788552,Energy Balance,Petajoule,Energy balance (PJ),,16_06_biodiesel,14.03.05 Transportation equipment,16.06 Biodiesel,EBal|2023,/mnt/c/Users/Work/github/leap_utilities/data/leap balances exports/20_USA/full model output all years 492026 TGT.xlsx,14_03_05_transportation_equipment,16_06_biodiesel,Transportation equipment,Biodiesel
20_USA,Reference,,esto__Transportation_equipment,14_03_05_transportation_equipment,Transportation equipment,Biogas,2022,0.0007082888362995707,Energy Balance,Petajoule,Energy balance (PJ),,16_01_biogas,14.03.05 Transportation equipment,16.01 Biogas,EBal|2022,/mnt/c/Users/Work/github/leap_utilities/data/leap balances exports/20_USA/full model output all years 492026 REF.xlsx,14_03_05_transportation_equipment,16_01_biogas,Transportation equipment,Biogas
20_USA,Reference,,esto__Transportation_equipment,14_03_05_transportation_equipment,Transportation equipment,Biogas,2023,0.0007146257459800243,Energy Balance,Petajoule,Energy balance (PJ),,16_01_biogas,14.03.05 Transportation equipment,16.01 Biogas,EBal|2023,/mnt/c/Users/Work/github/leap_utilities/data/leap balances exports/20_USA/full model output all years 492026 REF.xlsx,14_03_05_transportation_equipment,16_01_biogas,Transportation equipment,Biogas
20_USA,Target,,esto__Transportation_equipment,14_03_05_transportation_equipment,Transportation equipment,Biogas,2022,0.0007082888362995707,Energy Balance,Petajoule,Energy balance (PJ),,16_01_biogas,14.03.05 Transportation equipment,16.01 Biogas,EBal|2022,/mnt/c/Users/Work/github/leap_utilities/data/leap balances exports/20_USA/full model output all years 492026 TGT.xlsx,14_03_05_transportation_equipment,16_01_biogas,Transportation equipment,Biogas
20_USA,Target,,esto__Transportation_equipment,14_03_05_transportation_equipment,Transportation equipment,Biogas,2023,0.0007146257461788552,Energy Balance,Petajoule,Energy balance (PJ),,16_01_biogas,14.03.05 Transportation equipment,16.01 Biogas,EBal|2023,/mnt/c/Users/Work/github/leap_utilities/data/leap balances exports/20_USA/full model output all years 492026 TGT.xlsx,14_03_05_transportation_equipment,16_01_biogas,Transportation equipment,Biogas
20_USA,Reference,,esto__Transportation_equipment,14_03_05_transportation_equipment,Transportation equipment,Biogasoline,2022,0.0007082888362995707,Energy Balance,Petajoule,Energy balance (PJ),,16_05_biogasoline,14.03.05 Transportation equipment,16.05 Biogasoline,EBal|2022,/mnt/c/Users/Work/github/leap_utilities/data/leap balances exports/20_USA/full model output all years 492026 REF.xlsx,14_03_05_transportation_equipment,16_05_biogasoline,Transportation equipment,Biogasoline
20_USA,Reference,,esto__Transportation_equipment,14_03_05_transportation_equipment,Transportation equipment,Biogasoline,2023,0.0007146257459800243,Energy Balance,Petajoule,Energy balance (PJ),,16_05_biogasoline,14.03.05 Transportation equipment,16.05 Biogasoline,EBal|2023,/mnt/c/Users/Work/github/leap_utilities/data/leap balances exports/20_USA/full model output all years 492026 REF.xlsx,14_03_05_transportation_equipment,16_05_biogasoline,Transportation equipment,Biogasoline
20_USA,Target,,esto__Transportation_equipment,14_03_05_transportation_equipment,Transportation equipment,Biogasoline,2022,0.0007082888362995707,Energy Balance,Petajoule,Energy balance (PJ),,16_05_biogasoline,14.03.05 Transportation equipment,16.05 Biogasoline,EBal|2022,/mnt/c/Users/Work/github/leap_utilities/data/leap balances exports/20_USA/full model output all years 492026 TGT.xlsx,14_03_05_transportation_equipment,16_05_biogasoline,Transportation equipment,Biogasoline
20_USA,Target,,esto__Transportation_equipment,14_03_05_transportation_equipment,Transportation equipment,Biogasoline,2023,0.0007146257461788552,Energy Balance,Petajoule,Energy balance (PJ),,16_05_biogasoline,14.03.05 Transportation equipment,16.05 Biogasoline,EBal|2023,/mnt/c/Users/Work/github/leap_utilities/data/leap balances exports/20_USA/full model output all years 492026 TGT.xlsx,14_03_05_transportation_equipment,16_05_biogasoline,Transportation equipment,Biogasoline
20_USA,Reference,,esto__Transportation_equipment,14_03_05_transportation_equipment,Transportation equipment,Black liqour,2022,0.0007082888362995707,Energy Balance,Petajoule,Energy balance (PJ),,15_04_black_liquor,14.03.05 Transportation equipment,15.04 Black liqour,EBal|2022,/mnt/c/Users/Work/github/leap_utilities/data/leap balances exports/20_USA/full model output all years 492026 REF.xlsx,14_03_05_transportation_equipment,15_04_black_liquor,Transportation equipment,Black liqour
20_USA,Reference,,esto__Transportation_equipment,14_03_05_transportation_equipment,Transportation equipment,Black liqour,2023,0.0007146257459800243,Energy Balance,Petajoule,Energy balance (PJ),,15_04_black_liquor,14.03.05 Transportation equipment,15.04 Black liqour,EBal|2023,/mnt/c/Users/Work/github/leap_utilities/data/leap balances exports/20_USA/full model output all years 492026 REF.xlsx,14_03_05_transportation_equipment,15_04_black_liquor,Transportation equipment,Black liqour
20_USA,Target,,esto__Transportation_equipment,14_03_05_transportation_equipment,Transportation equipment,Black liqour,2022,0.0007082888362995707,Energy Balance,Petajoule,Energy balance (PJ),,15_04_black_liquor,14.03.05 Transportation equipment,15.04 Black liqour,EBal|2022,/mnt/c/Users/Work/github/leap_utilities/data/leap balances exports/20_USA/full model output all years 492026 TGT.xlsx,14_03_05_transportation_equipment,15_04_black_liquor,Transportation equipment,Black liqour
20_USA,Target,,esto__Transportation_equipment,14_03_05_transportation_equipment,Transportation equipment,Black liqour,2023,0.0007146257461788552,Energy Balance,Petajoule,Energy balance (PJ),,15_04_black_liquor,14.03.05 Transportation equipment,15.04 Black liqour,EBal|2023,/mnt/c/Users/Work/github/leap_utilities/data/leap balances exports/20_USA/full model output all years 492026 TGT.xlsx,14_03_05_transportation_equipment,15_04_black_liquor,Transportation equipment,Black liqour
20_USA,Reference,,esto__Transportation_equipment,14_03_05_transportation_equipment,Transportation equipment,Charcoal,2022,0.0007082888362995707,Energy Balance,Petajoule,Energy balance (PJ),,15_03_charcoal,14.03.05 Transportation equipment,15.03 Charcoal,EBal|2022,/mnt/c/Users/Work/github/leap_utilities/data/leap balances exports/20_USA/full model output all years 492026 REF.xlsx,14_03_05_transportation_equipment,15_03_charcoal,Transportation equipment,Charcoal
20_USA,Reference,,esto__Transportation_equipment,14_03_05_transportation_equipment,Transportation equipment,Charcoal,2023,0.0007146257459800243,Energy Balance,Petajoule,Energy balance (PJ),,15_03_charcoal,14.03.05 Transportation equipment,15.03 Charcoal,EBal|2023,/mnt/c/Users/Work/github/leap_utilities/data/leap balances exports/20_USA/full model output all years 492026 REF.xlsx,14_03_05_transportation_equipment,15_03_charcoal,Transportation equipment,Charcoal
20_USA,Target,,esto__Transportation_equipment,14_03_05_transportation_equipment,Transportation equipment,Charcoal,2022,0.0007082888362995707,Energy Balance,Petajoule,Energy balance (PJ),,15_03_charcoal,14.03.05 Transportation equipment,15.03 Charcoal,EBal|2022,/mnt/c/Users/Work/github/leap_utilities/data/leap balances exports/20_USA/full model output all years 492026 TGT.xlsx,14_03_05_transportation_equipment,15_03_charcoal,Transportation equipment,Charcoal
20_USA,Target,,esto__Transportation_equipment,14_03_05_transportation_equipment,Transportation equipment,Charcoal,2023,0.0007146257461788552,Energy Balance,Petajoule,Energy balance (PJ),,15_03_charcoal,14.03.05 Transportation equipment,15.03 Charcoal,EBal|2023,/mnt/c/Users/Work/github/leap_utilities/data/leap balances exports/20_USA/full model output all years 492026 TGT.xlsx,14_03_05_transportation_equipment,15_03_charcoal,Transportation equipment,Charcoal
20_USA,Reference,,esto__Transportation_equipment,14_03_05_transportation_equipment,Transportation equipment,Electricity,2022,174.3636618667301,Energy Balance,Petajoule,Energy balance (PJ),,17_electricity,14.03.05 Transportation equipment,17 Electricity,EBal|2022,/mnt/c/Users/Work/github/leap_utilities/data/leap balances exports/20_USA/full model output all years 492026 REF.xlsx,14_03_05_transportation_equipment,17_electricity,Transportation equipment,Electricity
20_USA,Reference,,esto__Transportation_equipment,14_03_05_transportation_equipment,Transportation equipment,Electricity,2023,175.9236462719233,Energy Balance,Petajoule,Energy balance (PJ),,17_electricity,14.03.05 Transportation equipment,17 Electricity,EBal|2023,/mnt/c/Users/Work/github/leap_utilities/data/leap balances exports/20_USA/full model output all years 492026 REF.xlsx,14_03_05_transportation_equipment,17_electricity,Transportation equipment,Electricity
20_USA,Reference,,esto__Transportation_equipment,14_03_05_transportation_equipment,Transportation equipment,Electricity,2024,180.4920156177282,Energy Balance,Petajoule,Energy balance (PJ),,17_electricity,14.03.05 Transportation equipment,17 Electricity,EBal|2024,/mnt/c/Users/Work/github/leap_utilities/data/leap balances exports/20_USA/full model output all years 492026 REF.xlsx,14_03_05_transportation_equipment,17_electricity,Transportation equipment,Electricity
20_USA,Reference,,esto__Transportation_equipment,14_03_05_transportation_equipment,Transportation equipment,Electricity,2025,184.2178274270473,Energy Balance,Petajoule,Energy balance (PJ),,17_electricity,14.03.05 Transportation equipment,17 Electricity,EBal|2025,/mnt/c/Users/Work/github/leap_utilities/data/leap balances exports/20_USA/full model output all years 492026 REF.xlsx,14_03_05_transportation_equipment,17_electricity,Transportation equipment,Electricity
20_USA,Reference,,esto__Transportation_equipment,14_03_05_transportation_equipment,Transportation equipment,Electricity,2026,187.89768723605775,Energy Balance,Petajoule,Energy balance (PJ),,17_electricity,14.03.05 Transportation equipment,17 Electricity,EBal|2026,/mnt/c/Users/Work/github/leap_utilities/data/leap balances exports/20_USA/full model output all years 492026 REF.xlsx,14_03_05_transportation_equipment,17_electricity,Transportation equipment,Electricity
20_USA,Reference,,esto__Transportation_equipment,14_03_05_transportation_equipment,Transportation equipment,Electricity,2027,191.5311393065309,Energy Balance,Petajoule,Energy balance (PJ),,17_electricity,14.03.05 Transportation equipment,17 Electricity,EBal|2027,/mnt/c/Users/Work/github/leap_utilities/data/leap balances exports/20_USA/full model output all years 492026 REF.xlsx,14_03_05_transportation_equipment,17_electricity,Transportation equipment,Electricity
20_USA,Reference,,esto__Transportation_equipment,14_03_05_transportation_equipment,Transportation equipment,Electricity,2028,195.11774177791338,Energy Balance,Petajoule,Energy balance (PJ),,17_electricity,14.03.05 Transportation equipment,17 Electricity,EBal|2028,/mnt/c/Users/Work/github/leap_utilities/data/leap balances exports/20_USA/full model output all years 492026 REF.xlsx,14_03_05_transportation_equipment,17_electricity,Transportation equipment,Electricity
20_USA,Reference,,esto__Transportation_equipment,14_03_05_transportation_equipment,Transportation equipment,Electricity,2029,198.65706698093877,Energy Balance,Petajoule,Energy balance (PJ),,17_electricity,14.03.05 Transportation equipment,17 Electricity,EBal|2029,/mnt/c/Users/Work/github/leap_utilities/data/leap balances exports/20_USA/full model output all years 492026 REF.xlsx,14_03_05_transportation_equipment,17_electricity,Transportation equipment,Electricity
20_USA,Reference,,esto__Transportation_equipment,14_03_05_transportation_equipment,Transportation equipment,Electricity,2030,202.14870041593636,Energy Balance,Petajoule,Energy balance (PJ),,17_electricity,14.03.05 Transportation equipment,17 Electricity,EBal|2030,/mnt/c/Users/Work/github/leap_utilities/data/leap balances exports/20_USA/full model output all years 492026 REF.xlsx,14_03_05_transportation_equipment,17_electricity,Transportation equipment,Electricity
20_USA,Reference,,esto__Transportation_equipment,14_03_05_transportation_equipment,Transportation equipment,Electricity,2031,205.59224149406182,Energy Balance,Petajoule,Energy balance (PJ),,17_electricity,14.03.05 Transportation equipment,17 Electricity,EBal|2031,/mnt/c/Users/Work/github/leap_utilities/data/leap balances exports/20_USA/full model output all years 492026 REF.xlsx,14_03_05_transportation_equipment,17_electricity,Transportation equipment,Electricity
20_USA,Reference,,esto__Transportation_equipment,14_03_05_transportation_equipment,Transportation equipment,Electricity,2032,208.98730250982024,Energy Balance,Petajoule,Energy balance (PJ),,17_electricity,14.03.05 Transportation equipment,17 Electricity,EBal|2032,/mnt/c/Users/Work/github/leap_utilities/data/leap balances exports/20_USA/full model output all years 492026 REF.xlsx,14_03_05_transportation_equipment,17_electricity,Transportation equipment,Electricity
20_USA,Reference,,esto__Transportation_equipment,14_03_05_transportation_equipment,Transportation equipment,Electricity,2033,212.3335091873723,Energy Balance,Petajoule,Energy balance (PJ),,17_electricity,14.03.05 Transportation equipment,17 Electricity,EBal|2033,/mnt/c/Users/Work/github/leap_utilities/data/leap balances exports/20_USA/full model output all years 492026 REF.xlsx,14_03_05_transportation_equipment,17_electricity,Transportation equipment,Electricity
20_USA,Reference,,esto__Transportation_equipment,14_03_05_transportation_equipment,Transportation equipment,Electricity,2034,215.63049999983622,Energy Balance,Petajoule,Energy balance (PJ),,17_electricity,14.03.05 Transportation equipment,17 Electricity,EBal|2034,/mnt/c/Users/Work/github/leap_utilities/data/leap balances exports/20_USA/full model output all years 492026 REF.xlsx,14_03_05_transportation_equipment,17_electricity,Transportation equipment,Electricity
20_USA,Reference,,esto__Transportation_equipment,14_03_05_transportation_equipment,Transportation equipment,Electricity,2035,218.87792610927832,Energy Balance,Petajoule,Energy balance (PJ),,17_electricity,14.03.05 Transportation equipment,17 Electricity,EBal|2035,/mnt/c/Users/Work/github/leap_utilities/data/leap balances exports/20_USA/full model output all years 492026 REF.xlsx,14_03_05_transportation_equipment,17_electricity,Transportation equipment,Electricity
20_USA,Reference,,esto__Transportation_equipment,14_03_05_transportation_equipment,Transportation equipment,Electricity,2036,222.07545141127756,Energy Balance,Petajoule,Energy balance (PJ),,17_electricity,14.03.05 Transportation equipment,17 Electricity,EBal|2036,/mnt/c/Users/Work/github/leap_utilities/data/leap balances exports/20_USA/full model output all years 492026 REF.xlsx,14_03_05_transportation_equipment,17_electricity,Transportation equipment,Electricity
20_USA,Reference,,esto__Transportation_equipment,14_03_05_transportation_equipment,Transportation equipment,Electricity,2037,225.22275195654018,Energy Balance,Petajoule,Energy balance (PJ),,17_electricity,14.03.05 Transportation equipment,17 Electricity,EBal|2037,/mnt/c/Users/Work/github/leap_utilities/data/leap balances exports/20_USA/full model output all years 492026 REF.xlsx,14_03_05_transportation_equipment,17_electricity,Transportation equipment,Electricity
20_USA,Reference,,esto__Transportation_equipment,14_03_05_transportation_equipment,Transportation equipment,Electricity,2038,228.3195160857866,Energy Balance,Petajoule,Energy balance (PJ),,17_electricity,14.03.05 Transportation equipment,17 Electricity,EBal|2038,/mnt/c/Users/Work/github/leap_utilities/data/leap balances exports/20_USA/full model output all years 492026 REF.xlsx,14_03_05_transportation_equipment,17_electricity,Transportation equipment,Electricity
20_USA,Reference,,esto__Transportation_equipment,14_03_05_transportation_equipment,Transportation equipment,Electricity,2039,231.36544434930516,Energy Balance,Petajoule,Energy balance (PJ),,17_electricity,14.03.05 Transportation equipment,17 Electricity,EBal|2039,/mnt/c/Users/Work/github/leap_utilities/data/leap balances exports/20_USA/full model output all years 492026 REF.xlsx,14_03_05_transportation_equipment,17_electricity,Transportation equipment,Electricity
20_USA,Reference,,esto__Transportation_equipment,14_03_05_transportation_equipment,Transportation equipment,Electricity,2040,234.36024887957217,Energy Balance,Petajoule,Energy balance (PJ),,17_electricity,14.03.05 Transportation equipment,17 Electricity,EBal|2040,/mnt/c/Users/Work/github/leap_utilities/data/leap balances exports/20_USA/full model output all years 492026 REF.xlsx,14_03_05_transportation_equipment,17_electricity,Transportation equipment,Electricity
20_USA,Reference,,esto__Transportation_equipment,14_03_05_transportation_equipment,Transportation equipment,Electricity,2041,237.30365360791075,Energy Balance,Petajoule,Energy balance (PJ),,17_electricity,14.03.05 Transportation equipment,17 Electricity,EBal|2041,/mnt/c/Users/Work/github/leap_utilities/data/leap balances exports/20_USA/full model output all years 492026 REF.xlsx,14_03_05_transportation_equipment,17_electricity,Transportation equipment,Electricity
20_USA,Reference,,esto__Transportation_equipment,14_03_05_transportation_equipment,Transportation equipment,Electricity,2042,240.1953940832494,Energy Balance,Petajoule,Energy balance (PJ),,17_electricity,14.03.05 Transportation equipment,17 Electricity,EBal|2042,/mnt/c/Users/Work/github/leap_utilities/data/leap balances exports/20_USA/full model output all years 492026 REF.xlsx,14_03_05_transportation_equipment,17_electricity,Transportation equipment,Electricity
20_USA,Reference,,esto__Transportation_equipment,14_03_05_transportation_equipment,Transportation equipment,Electricity,2043,243.0352170153691,Energy Balance,Petajoule,Energy balance (PJ),,17_electricity,14.03.05 Transportation equipment,17 Electricity,EBal|2043,/mnt/c/Users/Work/github/leap_utilities/data/leap balances exports/20_USA/full model output all years 492026 REF.xlsx,14_03_05_transportation_equipment,17_electricity,Transportation equipment,Electricity
20_USA,Reference,,esto__Transportation_equipment,14_03_05_transportation_equipment,Transportation equipment,Electricity,2044,245.8228806218511,Energy Balance,Petajoule,Energy balance (PJ),,17_electricity,14.03.05 Transportation equipment,17 Electricity,EBal|2044,/mnt/c/Users/Work/github/leap_utilities/data/leap balances exports/20_USA/full model output all years 492026 REF.xlsx,14_03_05_transportation_equipment,17_electricity,Transportation equipment,Electricity
20_USA,Reference,,esto__Transportation_equipment,14_03_05_transportation_equipment,Transportation equipment,Electricity,2045,248.55815375316504,Energy Balance,Petajoule,Energy balance (PJ),,17_electricity,14.03.05 Transportation equipment,17 Electricity,EBal|2045,/mnt/c/Users/Work/github/leap_utilities/data/leap balances exports/20_USA/full model output all years 492026 REF.xlsx,14_03_05_transportation_equipment,17_electricity,Transportation equipment,Electricity
20_USA,Reference,,esto__Transportation_equipment,14_03_05_transportation_equipment,Transportation equipment,Electricity,2046,251.24081639839213,Energy Balance,Petajoule,Energy balance (PJ),,17_electricity,14.03.05 Transportation equipment,17 Electricity,EBal|2046,/mnt/c/Users/Work/github/leap_utilities/data/leap balances exports/20_USA/full model output all years 492026 REF.xlsx,14_03_05_transportation_equipment,17_electricity,Transportation equipment,Electricity
20_USA,Reference,,esto__Transportation_equipment,14_03_05_transportation_equipment,Transportation equipment,Electricity,2047,253.87065927172344,Energy Balance,Petajoule,Energy balance (PJ),,17_electricity,14.03.05 Transportation equipment,17 Electricity,EBal|2047,/mnt/c/Users/Work/github/leap_utilities/data/leap balances exports/20_USA/full model output all years 492026 REF.xlsx,14_03_05_transportation_equipment,17_electricity,Transportation equipment,Electricity
20_USA,Reference,,esto__Transportation_equipment,14_03_05_transportation_equipment,Transportation equipment,Electricity,2048,256.44748352466803,Energy Balance,Petajoule,Energy balance (PJ),,17_electricity,14.03.05 Transportation equipment,17 Electricity,EBal|2048,/mnt/c/Users/Work/github/leap_utilities/data/leap balances exports/20_USA/full model output all years 492026 REF.xlsx,14_03_05_transportation_equipment,17_electricity,Transportation equipment,Electricity
20_USA,Reference,,esto__Transportation_equipment,14_03_05_transportation_equipment,Transportation equipment,Electricity,2049,258.9711007219097,Energy Balance,Petajoule,Energy balance (PJ),,17_electricity,14.03.05 Transportation equipment,17 Electricity,EBal|2049,/mnt/c/Users/Work/github/leap_utilities/data/leap balances exports/20_USA/full model output all years 492026 REF.xlsx,14_03_05_transportation_equipment,17_electricity,Transportation equipment,Electricity
20_USA,Reference,,esto__Transportation_equipment,14_03_05_transportation_equipment,Transportation equipment,Electricity,2050,261.4413328273011,Energy Balance,Petajoule,Energy balance (PJ),,17_electricity,14.03.05 Transportation equipment,17 Electricity,EBal|2050,/mnt/c/Users/Work/github/leap_utilities/data/leap balances exports/20_USA/full model output all years 492026 REF.xlsx,14_03_05_transportation_equipment,17_electricity,Transportation equipment,Electricity
20_USA,Reference,,esto__Transportation_equipment,14_03_05_transportation_equipment,Transportation equipment,Electricity,2051,263.85801161776885,Energy Balance,Petajoule,Energy balance (PJ),,17_electricity,14.03.05 Transportation equipment,17 Electricity,EBal|2051,/mnt/c/Users/Work/github/leap_utilities/data/leap balances exports/20_USA/full model output all years 492026 REF.xlsx,14_03_05_transportation_equipment,17_electricity,Transportation equipment,Electricity
20_USA,Reference,,esto__Transportation_equipment,14_03_05_transportation_equipment,Transportation equipment,Electricity,2052,266.2209791451091,Energy Balance,Petajoule,Energy balance (PJ),,17_electricity,14.03.05 Transportation equipment,17 Electricity,EBal|2052,/mnt/c/Users/Work/github/leap_utilities/data/leap balances exports/20_USA/full model output all years 492026 REF.xlsx,14_03_05_transportation_equipment,17_electricity,Transportation equipment,Electricity
20_USA,Reference,,esto__Transportation_equipment,14_03_05_transportation_equipment,Transportation equipment,Electricity,2053,268.530087001373,Energy Balance,Petajoule,Energy balance (PJ),,17_electricity,14.03.05 Transportation equipment,17 Electricity,EBal|2053,/mnt/c/Users/Work/github/leap_utilities/data/leap balances exports/20_USA/full model output all years 492026 REF.xlsx,14_03_05_transportation_equipment,17_electricity,Transportation equipment,Electricity
20_USA,Reference,,esto__Transportation_equipment,14_03_05_transportation_equipment,Transportation equipment,Electricity,2054,270.7851965587306,Energy Balance,Petajoule,Energy balance (PJ),,17_electricity,14.03.05 Transportation equipment,17 Electricity,EBal|2054,/mnt/c/Users/Work/github/leap_utilities/data/leap balances exports/20_USA/full model output all years 492026 REF.xlsx,14_03_05_transportation_equipment,17_electricity,Transportation equipment,Electricity
20_USA,Reference,,esto__Transportation_equipment,14_03_05_transportation_equipment,Transportation equipment,Electricity,2055,272.98617874860906,Energy Balance,Petajoule,Energy balance (PJ),,17_electricity,14.03.05 Transportation equipment,17 Electricity,EBal|2055,/mnt/c/Users/Work/github/leap_utilities/data/leap balances exports/20_USA/full model output all years 492026 REF.xlsx,14_03_05_transportation_equipment,17_electricity,Transportation equipment,Electricity
20_USA,Reference,,esto__Transportation_equipment,14_03_05_transportation_equipment,Transportation equipment,Electricity,2056,275.13291369797525,Energy Balance,Petajoule,Energy balance (PJ),,17_electricity,14.03.05 Transportation equipment,17 Electricity,EBal|2056,/mnt/c/Users/Work/github/leap_utilities/data/leap balances exports/20_USA/full model output all years 492026 REF.xlsx,14_03_05_transportation_equipment,17_electricity,Transportation equipment,Electricity
20_USA,Reference,,esto__Transportation_equipment,14_03_05_transportation_equipment,Transportation equipment,Electricity,2057,277.22529078987213,Energy Balance,Petajoule,Energy balance (PJ),,17_electricity,14.03.05 Transportation equipment,17 Electricity,EBal|2057,/mnt/c/Users/Work/github/leap_utilities/data/leap balances exports/20_USA/full model output all years 492026 REF.xlsx,14_03_05_transportation_equipment,17_electricity,Transportation equipment,Electricity
20_USA,Reference,,esto__Transportation_equipment,14_03_05_transportation_equipment,Transportation equipment,Electricity,2058,279.2632086261874,Energy Balance,Petajoule,Energy balance (PJ),,17_electricity,14.03.05 Transportation equipment,17 Electricity,EBal|2058,/mnt/c/Users/Work/github/leap_utilities/data/leap balances exports/20_USA/full model output all years 492026 REF.xlsx,14_03_05_transportation_equipment,17_electricity,Transportation equipment,Electricity
20_USA,Reference,,esto__Transportation_equipment,14_03_05_transportation_equipment,Transportation equipment,Electricity,2059,281.03472548672966,Energy Balance,Petajoule,Energy balance (PJ),,17_electricity,14.03.05 Transportation equipment,17 Electricity,EBal|2059,/mnt/c/Users/Work/github/leap_utilities/data/leap balances exports/20_USA/full model output all years 492026 REF.xlsx,14_03_05_transportation_equipment,17_electricity,Transportation equipment,Electricity
20_USA,Reference,,esto__Transportation_equipment,14_03_05_transportation_equipment,Transportation equipment,Electricity,2060,282.9620030923105,Energy Balance,Petajoule,Energy balance (PJ),,17_electricity,14.03.05 Transportation equipment,17 Electricity,EBal|2060,/mnt/c/Users/Work/github/leap_utilities/data/leap balances exports/20_USA/full model output all years 492026 REF.xlsx,14_03_05_transportation_equipment,17_electricity,Transportation equipment,Electricity
20_USA,Target,,esto__Transportation_equipment,14_03_05_transportation_equipment,Transportation equipment,Electricity,2022,174.3636618667301,Energy Balance,Petajoule,Energy balance (PJ),,17_electricity,14.03.05 Transportation equipment,17 Electricity,EBal|2022,/mnt/c/Users/Work/github/leap_utilities/data/leap balances exports/20_USA/full model output all years 492026 TGT.xlsx,14_03_05_transportation_equipment,17_electricity,Transportation equipment,Electricity
20_USA,Target,,esto__Transportation_equipment,14_03_05_transportation_equipment,Transportation equipment,Electricity,2023,175.9236463205926,Energy Balance,Petajoule,Energy balance (PJ),,17_electricity,14.03.05 Transportation equipment,17 Electricity,EBal|2023,/mnt/c/Users/Work/github/leap_utilities/data/leap balances exports/20_USA/full model output all years 492026 TGT.xlsx,14_03_05_transportation_equipment,17_electricity,Transportation equipment,Electricity
20_USA,Target,,esto__Transportation_equipment,14_03_05_transportation_equipment,Transportation equipment,Electricity,2024,180.4920156177282,Energy Balance,Petajoule,Energy balance (PJ),,17_electricity,14.03.05 Transportation equipment,17 Electricity,EBal|2024,/mnt/c/Users/Work/github/leap_utilities/data/leap balances exports/20_USA/full model output all years 492026 TGT.xlsx,14_03_05_transportation_equipment,17_electricity,Transportation equipment,Electricity
20_USA,Target,,esto__Transportation_equipment,14_03_05_transportation_equipment,Transportation equipment,Electricity,2025,184.21782737777855,Energy Balance,Petajoule,Energy balance (PJ),,17_electricity,14.03.05 Transportation equipment,17 Electricity,EBal|2025,/mnt/c/Users/Work/github/leap_utilities/data/leap balances exports/20_USA/full model output all years 492026 TGT.xlsx,14_03_05_transportation_equipment,17_electricity,Transportation equipment,Electricity
20_USA,Target,,esto__Transportation_equipment,14_03_05_transportation_equipment,Transportation equipment,Electricity,2026,187.8976871865524,Energy Balance,Petajoule,Energy balance (PJ),,17_electricity,14.03.05 Transportation equipment,17 Electricity,EBal|2026,/mnt/c/Users/Work/github/leap_utilities/data/leap balances exports/20_USA/full model output all years 492026 TGT.xlsx,14_03_05_transportation_equipment,17_electricity,Transportation equipment,Electricity
20_USA,Target,,esto__Transportation_equipment,14_03_05_transportation_equipment,Transportation equipment,Electricity,2027,191.5311393065309,Energy Balance,Petajoule,Energy balance (PJ),,17_electricity,14.03.05 Transportation equipment,17 Electricity,EBal|2027,/mnt/c/Users/Work/github/leap_utilities/data/leap balances exports/20_USA/full model output all years 492026 TGT.xlsx,14_03_05_transportation_equipment,17_electricity,Transportation equipment,Electricity
20_USA,Target,,esto__Transportation_equipment,14_03_05_transportation_equipment,Transportation equipment,Electricity,2028,195.11774177791338,Energy Balance,Petajoule,Energy balance (PJ),,17_electricity,14.03.05 Transportation equipment,17 Electricity,EBal|2028,/mnt/c/Users/Work/github/leap_utilities/data/leap balances exports/20_USA/full model output all years 492026 TGT.xlsx,14_03_05_transportation_equipment,17_electricity,Transportation equipment,Electricity
20_USA,Target,,esto__Transportation_equipment,14_03_05_transportation_equipment,Transportation equipment,Electricity,2029,198.65706698093877,Energy Balance,Petajoule,Energy balance (PJ),,17_electricity,14.03.05 Transportation equipment,17 Electricity,EBal|2029,/mnt/c/Users/Work/github/leap_utilities/data/leap balances exports/20_USA/full model output all years 492026 TGT.xlsx,14_03_05_transportation_equipment,17_electricity,Transportation equipment,Electricity
20_USA,Target,,esto__Transportation_equipment,14_03_05_transportation_equipment,Transportation equipment,Electricity,2030,202.14870041593636,Energy Balance,Petajoule,Energy balance (PJ),,17_electricity,14.03.05 Transportation equipment,17 Electricity,EBal|2030,/mnt/c/Users/Work/github/leap_utilities/data/leap balances exports/20_USA/full model output all years 492026 TGT.xlsx,14_03_05_transportation_equipment,17_electricity,Transportation equipment,Electricity
20_USA,Target,,esto__Transportation_equipment,14_03_05_transportation_equipment,Transportation equipment,Electricity,2031,205.59224149406182,Energy Balance,Petajoule,Energy balance (PJ),,17_electricity,14.03.05 Transportation equipment,17 Electricity,EBal|2031,/mnt/c/Users/Work/github/leap_utilities/data/leap balances exports/20_USA/full model output all years 492026 TGT.xlsx,14_03_05_transportation_equipment,17_electricity,Transportation equipment,Electricity
20_USA,Target,,esto__Transportation_equipment,14_03_05_transportation_equipment,Transportation equipment,Electricity,2032,208.98730250982024,Energy Balance,Petajoule,Energy balance (PJ),,17_electricity,14.03.05 Transportation equipment,17 Electricity,EBal|2032,/mnt/c/Users/Work/github/leap_utilities/data/leap balances exports/20_USA/full model output all years 492026 TGT.xlsx,14_03_05_transportation_equipment,17_electricity,Transportation equipment,Electricity
20_USA,Target,,esto__Transportation_equipment,14_03_05_transportation_equipment,Transportation equipment,Electricity,2033,212.3335091873723,Energy Balance,Petajoule,Energy balance (PJ),,17_electricity,14.03.05 Transportation equipment,17 Electricity,EBal|2033,/mnt/c/Users/Work/github/leap_utilities/data/leap balances exports/20_USA/full model output all years 492026 TGT.xlsx,14_03_05_transportation_equipment,17_electricity,Transportation equipment,Electricity
20_USA,Target,,esto__Transportation_equipment,14_03_05_transportation_equipment,Transportation equipment,Electricity,2034,215.63049999983622,Energy Balance,Petajoule,Energy balance (PJ),,17_electricity,14.03.05 Transportation equipment,17 Electricity,EBal|2034,/mnt/c/Users/Work/github/leap_utilities/data/leap balances exports/20_USA/full model output all years 492026 TGT.xlsx,14_03_05_transportation_equipment,17_electricity,Transportation equipment,Electricity
20_USA,Target,,esto__Transportation_equipment,14_03_05_transportation_equipment,Transportation equipment,Electricity,2035,218.87792610927832,Energy Balance,Petajoule,Energy balance (PJ),,17_electricity,14.03.05 Transportation equipment,17 Electricity,EBal|2035,/mnt/c/Users/Work/github/leap_utilities/data/leap balances exports/20_USA/full model output all years 492026 TGT.xlsx,14_03_05_transportation_equipment,17_electricity,Transportation equipment,Electricity
20_USA,Target,,esto__Transportation_equipment,14_03_05_transportation_equipment,Transportation equipment,Electricity,2036,222.07545141127756,Energy Balance,Petajoule,Energy balance (PJ),,17_electricity,14.03.05 Transportation equipment,17 Electricity,EBal|2036,/mnt/c/Users/Work/github/leap_utilities/data/leap balances exports/20_USA/full model output all years 492026 TGT.xlsx,14_03_05_transportation_equipment,17_electricity,Transportation equipment,Electricity
20_USA,Target,,esto__Transportation_equipment,14_03_05_transportation_equipment,Transportation equipment,Electricity,2037,225.22275190333752,Energy Balance,Petajoule,Energy balance (PJ),,17_electricity,14.03.05 Transportation equipment,17 Electricity,EBal|2037,/mnt/c/Users/Work/github/leap_utilities/data/leap balances exports/20_USA/full model output all years 492026 TGT.xlsx,14_03_05_transportation_equipment,17_electricity,Transportation equipment,Electricity
20_USA,Target,,esto__Transportation_equipment,14_03_05_transportation_equipment,Transportation equipment,Electricity,2038,228.3195160857866,Energy Balance,Petajoule,Energy balance (PJ),,17_electricity,14.03.05 Transportation equipment,17 Electricity,EBal|2038,/mnt/c/Users/Work/github/leap_utilities/data/leap balances exports/20_USA/full model output all years 492026 TGT.xlsx,14_03_05_transportation_equipment,17_electricity,Transportation equipment,Electricity
20_USA,Target,,esto__Transportation_equipment,14_03_05_transportation_equipment,Transportation equipment,Electricity,2039,231.36544429541524,Energy Balance,Petajoule,Energy balance (PJ),,17_electricity,14.03.05 Transportation equipment,17 Electricity,EBal|2039,/mnt/c/Users/Work/github/leap_utilities/data/leap balances exports/20_USA/full model output all years 492026 TGT.xlsx,14_03_05_transportation_equipment,17_electricity,Transportation equipment,Electricity
20_USA,Target,,esto__Transportation_equipment,14_03_05_transportation_equipment,Transportation equipment,Electricity,2040,234.36024887957217,Energy Balance,Petajoule,Energy balance (PJ),,17_electricity,14.03.05 Transportation equipment,17 Electricity,EBal|2040,/mnt/c/Users/Work/github/leap_utilities/data/leap balances exports/20_USA/full model output all years 492026 TGT.xlsx,14_03_05_transportation_equipment,17_electricity,Transportation equipment,Electricity
20_USA,Target,,esto__Transportation_equipment,14_03_05_transportation_equipment,Transportation equipment,Electricity,2041,237.30365360791075,Energy Balance,Petajoule,Energy balance (PJ),,17_electricity,14.03.05 Transportation equipment,17 Electricity,EBal|2041,/mnt/c/Users/Work/github/leap_utilities/data/leap balances exports/20_USA/full model output all years 492026 TGT.xlsx,14_03_05_transportation_equipment,17_electricity,Transportation equipment,Electricity
20_USA,Target,,esto__Transportation_equipment,14_03_05_transportation_equipment,Transportation equipment,Electricity,2042,240.1953940832494,Energy Balance,Petajoule,Energy balance (PJ),,17_electricity,14.03.05 Transportation equipment,17 Electricity,EBal|2042,/mnt/c/Users/Work/github/leap_utilities/data/leap balances exports/20_USA/full model output all years 492026 TGT.xlsx,14_03_05_transportation_equipment,17_electricity,Transportation equipment,Electricity
20_USA,Target,,esto__Transportation_equipment,14_03_05_transportation_equipment,Transportation equipment,Electricity,2043,243.0352170153691,Energy Balance,Petajoule,Energy balance (PJ),,17_electricity,14.03.05 Transportation equipment,17 Electricity,EBal|2043,/mnt/c/Users/Work/github/leap_utilities/data/leap balances exports/20_USA/full model output all years 492026 TGT.xlsx,14_03_05_transportation_equipment,17_electricity,Transportation equipment,Electricity
20_USA,Target,,esto__Transportation_equipment,14_03_05_transportation_equipment,Transportation equipment,Electricity,2044,245.8228806218511,Energy Balance,Petajoule,Energy balance (PJ),,17_electricity,14.03.05 Transportation equipment,17 Electricity,EBal|2044,/mnt/c/Users/Work/github/leap_utilities/data/leap balances exports/20_USA/full model output all years 492026 TGT.xlsx,14_03_05_transportation_equipment,17_electricity,Transportation equipment,Electricity
20_USA,Target,,esto__Transportation_equipment,14_03_05_transportation_equipment,Transportation equipment,Electricity,2045,248.55815369714082,Energy Balance,Petajoule,Energy balance (PJ),,17_electricity,14.03.05 Transportation equipment,17 Electricity,EBal|2045,/mnt/c/Users/Work/github/leap_utilities/data/leap balances exports/20_USA/full model output all years 492026 TGT.xlsx,14_03_05_transportation_equipment,17_electricity,Transportation equipment,Electricity
20_USA,Target,,esto__Transportation_equipment,14_03_05_transportation_equipment,Transportation equipment,Electricity,2046,251.24081639839213,Energy Balance,Petajoule,Energy balance (PJ),,17_electricity,14.03.05 Transportation equipment,17 Electricity,EBal|2046,/mnt/c/Users/Work/github/leap_utilities/data/leap balances exports/20_USA/full model output all years 492026 TGT.xlsx,14_03_05_transportation_equipment,17_electricity,Transportation equipment,Electricity
20_USA,Target,,esto__Transportation_equipment,14_03_05_transportation_equipment,Transportation equipment,Electricity,2047,253.87065932802028,Energy Balance,Petajoule,Energy balance (PJ),,17_electricity,14.03.05 Transportation equipment,17 Electricity,EBal|2047,/mnt/c/Users/Work/github/leap_utilities/data/leap balances exports/20_USA/full model output all years 492026 TGT.xlsx,14_03_05_transportation_equipment,17_electricity,Transportation equipment,Electricity
20_USA,Target,,esto__Transportation_equipment,14_03_05_transportation_equipment,Transportation equipment,Electricity,2048,256.44748352466803,Energy Balance,Petajoule,Energy balance (PJ),,17_electricity,14.03.05 Transportation equipment,17 Electricity,EBal|2048,/mnt/c/Users/Work/github/leap_utilities/data/leap balances exports/20_USA/full model output all years 492026 TGT.xlsx,14_03_05_transportation_equipment,17_electricity,Transportation equipment,Electricity
20_USA,Target,,esto__Transportation_equipment,14_03_05_transportation_equipment,Transportation equipment,Electricity,2049,258.9711007219097,Energy Balance,Petajoule,Energy balance (PJ),,17_electricity,14.03.05 Transportation equipment,17 Electricity,EBal|2049,/mnt/c/Users/Work/github/leap_utilities/data/leap balances exports/20_USA/full model output all years 492026 TGT.xlsx,14_03_05_transportation_equipment,17_electricity,Transportation equipment,Electricity
20_USA,Target,,esto__Transportation_equipment,14_03_05_transportation_equipment,Transportation equipment,Electricity,2050,261.4413328273011,Energy Balance,Petajoule,Energy balance (PJ),,17_electricity,14.03.05 Transportation equipment,17 Electricity,EBal|2050,/mnt/c/Users/Work/github/leap_utilities/data/leap balances exports/20_USA/full model output all years 492026 TGT.xlsx,14_03_05_transportation_equipment,17_electricity,Transportation equipment,Electricity
20_USA,Target,,esto__Transportation_equipment,14_03_05_transportation_equipment,Transportation equipment,Electricity,2051,263.85801161776885,Energy Balance,Petajoule,Energy balance (PJ),,17_electricity,14.03.05 Transportation equipment,17 Electricity,EBal|2051,/mnt/c/Users/Work/github/leap_utilities/data/leap balances exports/20_USA/full model output all years 492026 TGT.xlsx,14_03_05_transportation_equipment,17_electricity,Transportation equipment,Electricity
20_USA,Target,,esto__Transportation_equipment,14_03_05_transportation_equipment,Transportation equipment,Electricity,2052,266.2209790878036,Energy Balance,Petajoule,Energy balance (PJ),,17_electricity,14.03.05 Transportation equipment,17 Electricity,EBal|2052,/mnt/c/Users/Work/github/leap_utilities/data/leap balances exports/20_USA/full model output all years 492026 TGT.xlsx,14_03_05_transportation_equipment,17_electricity,Transportation equipment,Electricity
20_USA,Target,,esto__Transportation_equipment,14_03_05_transportation_equipment,Transportation equipment,Electricity,2053,268.530087001373,Energy Balance,Petajoule,Energy balance (PJ),,17_electricity,14.03.05 Transportation equipment,17 Electricity,EBal|2053,/mnt/c/Users/Work/github/leap_utilities/data/leap balances exports/20_USA/full model output all years 492026 TGT.xlsx,14_03_05_transportation_equipment,17_electricity,Transportation equipment,Electricity
20_USA,Target,,esto__Transportation_equipment,14_03_05_transportation_equipment,Transportation equipment,Electricity,2054,270.7851966167765,Energy Balance,Petajoule,Energy balance (PJ),,17_electricity,14.03.05 Transportation equipment,17 Electricity,EBal|2054,/mnt/c/Users/Work/github/leap_utilities/data/leap balances exports/20_USA/full model output all years 492026 TGT.xlsx,14_03_05_transportation_equipment,17_electricity,Transportation equipment,Electricity
20_USA,Target,,esto__Transportation_equipment,14_03_05_transportation_equipment,Transportation equipment,Electricity,2055,272.9861786906374,Energy Balance,Petajoule,Energy balance (PJ),,17_electricity,14.03.05 Transportation equipment,17 Electricity,EBal|2055,/mnt/c/Users/Work/github/leap_utilities/data/leap balances exports/20_USA/full model output all years 492026 TGT.xlsx,14_03_05_transportation_equipment,17_electricity,Transportation equipment,Electricity
20_USA,Target,,esto__Transportation_equipment,14_03_05_transportation_equipment,Transportation equipment,Electricity,2056,275.13291369797525,Energy Balance,Petajoule,Energy balance (PJ),,17_electricity,14.03.05 Transportation equipment,17 Electricity,EBal|2056,/mnt/c/Users/Work/github/leap_utilities/data/leap balances exports/20_USA/full model output all years 492026 TGT.xlsx,14_03_05_transportation_equipment,17_electricity,Transportation equipment,Electricity
20_USA,Target,,esto__Transportation_equipment,14_03_05_transportation_equipment,Transportation equipment,Electricity,2057,277.22529078987213,Energy Balance,Petajoule,Energy balance (PJ),,17_electricity,14.03.05 Transportation equipment,17 Electricity,EBal|2057,/mnt/c/Users/Work/github/leap_utilities/data/leap balances exports/20_USA/full model output all years 492026 TGT.xlsx,14_03_05_transportation_equipment,17_electricity,Transportation equipment,Electricity
20_USA,Target,,esto__Transportation_equipment,14_03_05_transportation_equipment,Transportation equipment,Electricity,2058,279.2632086261874,Energy Balance,Petajoule,Energy balance (PJ),,17_electricity,14.03.05 Transportation equipment,17 Electricity,EBal|2058,/mnt/c/Users/Work/github/leap_utilities/data/leap balances exports/20_USA/full model output all years 492026 TGT.xlsx,14_03_05_transportation_equipment,17_electricity,Transportation equipment,Electricity
20_USA,Target,,esto__Transportation_equipment,14_03_05_transportation_equipment,Transportation equipment,Electricity,2059,281.03472548672966,Energy Balance,Petajoule,Energy balance (PJ),,17_electricity,14.03.05 Transportation equipment,17 Electricity,EBal|2059,/mnt/c/Users/Work/github/leap_utilities/data/leap balances exports/20_USA/full model output all years 492026 TGT.xlsx,14_03_05_transportation_equipment,17_electricity,Transportation equipment,Electricity
20_USA,Target,,esto__Transportation_equipment,14_03_05_transportation_equipment,Transportation equipment,Electricity,2060,282.9620030923105,Energy Balance,Petajoule,Energy balance (PJ),,17_electricity,14.03.05 Transportation equipment,17 Electricity,EBal|2060,/mnt/c/Users/Work/github/leap_utilities/data/leap balances exports/20_USA/full model output all years 492026 TGT.xlsx,14_03_05_transportation_equipment,17_electricity,Transportation equipment,Electricity
20_USA,Reference,,esto__Transportation_equipment,14_03_05_transportation_equipment,Transportation equipment,Fuel oil,2022,15.797678359387765,Energy Balance,Petajoule,Energy balance (PJ),,07_08_fuel_oil,14.03.05 Transportation equipment,07.08 Fuel oil,EBal|2022,/mnt/c/Users/Work/github/leap_utilities/data/leap balances exports/20_USA/full model output all years 492026 REF.xlsx,14_03_05_transportation_equipment,07_08_fuel_oil,Transportation equipment,Fuel oil
20_USA,Reference,,esto__Transportation_equipment,14_03_05_transportation_equipment,Transportation equipment,Fuel oil,2023,15.939014737445758,Energy Balance,Petajoule,Energy balance (PJ),,07_08_fuel_oil,14.03.05 Transportation equipment,07.08 Fuel oil,EBal|2023,/mnt/c/Users/Work/github/leap_utilities/data/leap balances exports/20_USA/full model output all years 492026 REF.xlsx,14_03_05_transportation_equipment,07_08_fuel_oil,Transportation equipment,Fuel oil
20_USA,Reference,,esto__Transportation_equipment,14_03_05_transportation_equipment,Transportation equipment,Fuel oil,2024,15.944946491569587,Energy Balance,Petajoule,Energy balance (PJ),,07_08_fuel_oil,14.03.05 Transportation equipment,07.08 Fuel oil,EBal|2024,/mnt/c/Users/Work/github/leap_utilities/data/leap balances exports/20_USA/full model output all years 492026 REF.xlsx,14_03_05_transportation_equipment,07_08_fuel_oil,Transportation equipment,Fuel oil
20_USA,Reference,,esto__Transportation_equipment,14_03_05_transportation_equipment,Transportation equipment,Fuel oil,2025,15.706454812328081,Energy Balance,Petajoule,Energy balance (PJ),,07_08_fuel_oil,14.03.05 Transportation equipment,07.08 Fuel oil,EBal|2025,/mnt/c/Users/Work/github/leap_utilities/data/leap balances exports/20_USA/full model output all years 492026 REF.xlsx,14_03_05_transportation_equipment,07_08_fuel_oil,Transportation equipment,Fuel oil
20_USA,Reference,,esto__Transportation_equipment,14_03_05_transportation_equipment,Transportation equipment,Fuel oil,2026,15.448209712972492,Energy Balance,Petajoule,Energy balance (PJ),,07_08_fuel_oil,14.03.05 Transportation equipment,07.08 Fuel oil,EBal|2026,/mnt/c/Users/Work/github/leap_utilities/data/leap balances exports/20_USA/full model output all years 492026 REF.xlsx,14_03_05_transportation_equipment,07_08_fuel_oil,Transportation equipment,Fuel oil
20_USA,Reference,,esto__Transportation_equipment,14_03_05_transportation_equipment,Transportation equipment,Fuel oil,2027,15.17087705052409,Energy Balance,Petajoule,Energy balance (PJ),,07_08_fuel_oil,14.03.05 Transportation equipment,07.08 Fuel oil,EBal|2027,/mnt/c/Users/Work/github/leap_utilities/data/leap balances exports/20_USA/full model output all years 492026 REF.xlsx,14_03_05_transportation_equipment,07_08_fuel_oil,Transportation equipment,Fuel oil
20_USA,Reference,,esto__Transportation_equipment,14_03_05_transportation_equipment,Transportation equipment,Fuel oil,2028,14.875112418297652,Energy Balance,Petajoule,Energy balance (PJ),,07_08_fuel_oil,14.03.05 Transportation equipment,07.08 Fuel oil,EBal|2028,/mnt/c/Users/Work/github/leap_utilities/data/leap balances exports/20_USA/full model output all years 492026 REF.xlsx,14_03_05_transportation_equipment,07_08_fuel_oil,Transportation equipment,Fuel oil
20_USA,Reference,,esto__Transportation_equipment,14_03_05_transportation_equipment,Transportation equipment,Fuel oil,2029,14.56156127860959,Energy Balance,Petajoule,Energy balance (PJ),,07_08_fuel_oil,14.03.05 Transportation equipment,07.08 Fuel oil,EBal|2029,/mnt/c/Users/Work/github/leap_utilities/data/leap balances exports/20_USA/full model output all years 492026 REF.xlsx,14_03_05_transportation_equipment,07_08_fuel_oil,Transportation equipment,Fuel oil
20_USA,Reference,,esto__Transportation_equipment,14_03_05_transportation_equipment,Transportation equipment,Fuel oil,2030,14.23085909113358,Energy Balance,Petajoule,Energy balance (PJ),,07_08_fuel_oil,14.03.05 Transportation equipment,07.08 Fuel oil,EBal|2030,/mnt/c/Users/Work/github/leap_utilities/data/leap balances exports/20_USA/full model output all years 492026 REF.xlsx,14_03_05_transportation_equipment,07_08_fuel_oil,Transportation equipment,Fuel oil
20_USA,Reference,,esto__Transportation_equipment,14_03_05_transportation_equipment,Transportation equipment,Fuel oil,2031,13.883631389620763,Energy Balance,Petajoule,Energy balance (PJ),,07_08_fuel_oil,14.03.05 Transportation equipment,07.08 Fuel oil,EBal|2031,/mnt/c/Users/Work/github/leap_utilities/data/leap balances exports/20_USA/full model output all years 492026 REF.xlsx,14_03_05_transportation_equipment,07_08_fuel_oil,Transportation equipment,Fuel oil
20_USA,Reference,,esto__Transportation_equipment,14_03_05_transportation_equipment,Transportation equipment,Fuel oil,2032,13.520493950624529,Energy Balance,Petajoule,Energy balance (PJ),,07_08_fuel_oil,14.03.05 Transportation equipment,07.08 Fuel oil,EBal|2032,/mnt/c/Users/Work/github/leap_utilities/data/leap balances exports/20_USA/full model output all years 492026 REF.xlsx,14_03_05_transportation_equipment,07_08_fuel_oil,Transportation equipment,Fuel oil
20_USA,Reference,,esto__Transportation_equipment,14_03_05_transportation_equipment,Transportation equipment,Fuel oil,2033,13.142052829214569,Energy Balance,Petajoule,Energy balance (PJ),,07_08_fuel_oil,14.03.05 Transportation equipment,07.08 Fuel oil,EBal|2033,/mnt/c/Users/Work/github/leap_utilities/data/leap balances exports/20_USA/full model output all years 492026 REF.xlsx,14_03_05_transportation_equipment,07_08_fuel_oil,Transportation equipment,Fuel oil
20_USA,Reference,,esto__Transportation_equipment,14_03_05_transportation_equipment,Transportation equipment,Fuel oil,2034,12.748904549980807,Energy Balance,Petajoule,Energy balance (PJ),,07_08_fuel_oil,14.03.05 Transportation equipment,07.08 Fuel oil,EBal|2034,/mnt/c/Users/Work/github/leap_utilities/data/leap balances exports/20_USA/full model output all years 492026 REF.xlsx,14_03_05_transportation_equipment,07_08_fuel_oil,Transportation equipment,Fuel oil
20_USA,Reference,,esto__Transportation_equipment,14_03_05_transportation_equipment,Transportation equipment,Fuel oil,2035,12.341636160518807,Energy Balance,Petajoule,Energy balance (PJ),,07_08_fuel_oil,14.03.05 Transportation equipment,07.08 Fuel oil,EBal|2035,/mnt/c/Users/Work/github/leap_utilities/data/leap balances exports/20_USA/full model output all years 492026 REF.xlsx,14_03_05_transportation_equipment,07_08_fuel_oil,Transportation equipment,Fuel oil
20_USA,Reference,,esto__Transportation_equipment,14_03_05_transportation_equipment,Transportation equipment,Fuel oil,2036,11.920825340623534,Energy Balance,Petajoule,Energy balance (PJ),,07_08_fuel_oil,14.03.05 Transportation equipment,07.08 Fuel oil,EBal|2036,/mnt/c/Users/Work/github/leap_utilities/data/leap balances exports/20_USA/full model output all years 492026 REF.xlsx,14_03_05_transportation_equipment,07_08_fuel_oil,Transportation equipment,Fuel oil
20_USA,Reference,,esto__Transportation_equipment,14_03_05_transportation_equipment,Transportation equipment,Fuel oil,2037,11.487040542880376,Energy Balance,Petajoule,Energy balance (PJ),,07_08_fuel_oil,14.03.05 Transportation equipment,07.08 Fuel oil,EBal|2037,/mnt/c/Users/Work/github/leap_utilities/data/leap balances exports/20_USA/full model output all years 492026 REF.xlsx,14_03_05_transportation_equipment,07_08_fuel_oil,Transportation equipment,Fuel oil
20_USA,Reference,,esto__Transportation_equipment,14_03_05_transportation_equipment,Transportation equipment,Fuel oil,2038,11.04084105933257,Energy Balance,Petajoule,Energy balance (PJ),,07_08_fuel_oil,14.03.05 Transportation equipment,07.08 Fuel oil,EBal|2038,/mnt/c/Users/Work/github/leap_utilities/data/leap balances exports/20_USA/full model output all years 492026 REF.xlsx,14_03_05_transportation_equipment,07_08_fuel_oil,Transportation equipment,Fuel oil
20_USA,Reference,,esto__Transportation_equipment,14_03_05_transportation_equipment,Transportation equipment,Fuel oil,2039,10.582777162259067,Energy Balance,Petajoule,Energy balance (PJ),,07_08_fuel_oil,14.03.05 Transportation equipment,07.08 Fuel oil,EBal|2039,/mnt/c/Users/Work/github/leap_utilities/data/leap balances exports/20_USA/full model output all years 492026 REF.xlsx,14_03_05_transportation_equipment,07_08_fuel_oil,Transportation equipment,Fuel oil
20_USA,Reference,,esto__Transportation_equipment,14_03_05_transportation_equipment,Transportation equipment,Fuel oil,2040,10.113390179135727,Energy Balance,Petajoule,Energy balance (PJ),,07_08_fuel_oil,14.03.05 Transportation equipment,07.08 Fuel oil,EBal|2040,/mnt/c/Users/Work/github/leap_utilities/data/leap balances exports/20_USA/full model output all years 492026 REF.xlsx,14_03_05_transportation_equipment,07_08_fuel_oil,Transportation equipment,Fuel oil
20_USA,Reference,,esto__Transportation_equipment,14_03_05_transportation_equipment,Transportation equipment,Fuel oil,2041,9.633212616338348,Energy Balance,Petajoule,Energy balance (PJ),,07_08_fuel_oil,14.03.05 Transportation equipment,07.08 Fuel oil,EBal|2041,/mnt/c/Users/Work/github/leap_utilities/data/leap balances exports/20_USA/full model output all years 492026 REF.xlsx,14_03_05_transportation_equipment,07_08_fuel_oil,Transportation equipment,Fuel oil
20_USA,Reference,,esto__Transportation_equipment,14_03_05_transportation_equipment,Transportation equipment,Fuel oil,2042,9.142768238378999,Energy Balance,Petajoule,Energy balance (PJ),,07_08_fuel_oil,14.03.05 Transportation equipment,07.08 Fuel oil,EBal|2042,/mnt/c/Users/Work/github/leap_utilities/data/leap balances exports/20_USA/full model output all years 492026 REF.xlsx,14_03_05_transportation_equipment,07_08_fuel_oil,Transportation equipment,Fuel oil
20_USA,Reference,,esto__Transportation_equipment,14_03_05_transportation_equipment,Transportation equipment,Fuel oil,2043,8.642572191558445,Energy Balance,Petajoule,Energy balance (PJ),,07_08_fuel_oil,14.03.05 Transportation equipment,07.08 Fuel oil,EBal|2043,/mnt/c/Users/Work/github/leap_utilities/data/leap balances exports/20_USA/full model output all years 492026 REF.xlsx,14_03_05_transportation_equipment,07_08_fuel_oil,Transportation equipment,Fuel oil
20_USA,Reference,,esto__Transportation_equipment,14_03_05_transportation_equipment,Transportation equipment,Fuel oil,2044,8.133131086738214,Energy Balance,Petajoule,Energy balance (PJ),,07_08_fuel_oil,14.03.05 Transportation equipment,07.08 Fuel oil,EBal|2044,/mnt/c/Users/Work/github/leap_utilities/data/leap balances exports/20_USA/full model output all years 492026 REF.xlsx,14_03_05_transportation_equipment,07_08_fuel_oil,Transportation equipment,Fuel oil
20_USA,Reference,,esto__Transportation_equipment,14_03_05_transportation_equipment,Transportation equipment,Fuel oil,2045,7.614943107622964,Energy Balance,Petajoule,Energy balance (PJ),,07_08_fuel_oil,14.03.05 Transportation equipment,07.08 Fuel oil,EBal|2045,/mnt/c/Users/Work/github/leap_utilities/data/leap balances exports/20_USA/full model output all years 492026 REF.xlsx,14_03_05_transportation_equipment,07_08_fuel_oil,Transportation equipment,Fuel oil
20_USA,Reference,,esto__Transportation_equipment,14_03_05_transportation_equipment,Transportation equipment,Fuel oil,2046,7.0884980999649745,Energy Balance,Petajoule,Energy balance (PJ),,07_08_fuel_oil,14.03.05 Transportation equipment,07.08 Fuel oil,EBal|2046,/mnt/c/Users/Work/github/leap_utilities/data/leap balances exports/20_USA/full model output all years 492026 REF.xlsx,14_03_05_transportation_equipment,07_08_fuel_oil,Transportation equipment,Fuel oil
20_USA,Reference,,esto__Transportation_equipment,14_03_05_transportation_equipment,Transportation equipment,Fuel oil,2047,6.5542776832518745,Energy Balance,Petajoule,Energy balance (PJ),,07_08_fuel_oil,14.03.05 Transportation equipment,07.08 Fuel oil,EBal|2047,/mnt/c/Users/Work/github/leap_utilities/data/leap balances exports/20_USA/full model output all years 492026 REF.xlsx,14_03_05_transportation_equipment,07_08_fuel_oil,Transportation equipment,Fuel oil
20_USA,Reference,,esto__Transportation_equipment,14_03_05_transportation_equipment,Transportation equipment,Fuel oil,2048,6.01275533259037,Energy Balance,Petajoule,Energy balance (PJ),,07_08_fuel_oil,14.03.05 Transportation equipment,07.08 Fuel oil,EBal|2048,/mnt/c/Users/Work/github/leap_utilities/data/leap balances exports/20_USA/full model output all years 492026 REF.xlsx,14_03_05_transportation_equipment,07_08_fuel_oil,Transportation equipment,Fuel oil
20_USA,Reference,,esto__Transportation_equipment,14_03_05_transportation_equipment,Transportation equipment,Fuel oil,2049,5.464396475449592,Energy Balance,Petajoule,Energy balance (PJ),,07_08_fuel_oil,14.03.05 Transportation equipment,07.08 Fuel oil,EBal|2049,/mnt/c/Users/Work/github/leap_utilities/data/leap balances exports/20_USA/full model output all years 492026 REF.xlsx,14_03_05_transportation_equipment,07_08_fuel_oil,Transportation equipment,Fuel oil
20_USA,Reference,,esto__Transportation_equipment,14_03_05_transportation_equipment,Transportation equipment,Fuel oil,2050,4.909658591517859,Energy Balance,Petajoule,Energy balance (PJ),,07_08_fuel_oil,14.03.05 Transportation equipment,07.08 Fuel oil,EBal|2050,/mnt/c/Users/Work/github/leap_utilities/data/leap balances exports/20_USA/full model output all years 492026 REF.xlsx,14_03_05_transportation_equipment,07_08_fuel_oil,Transportation equipment,Fuel oil
20_USA,Reference,,esto__Transportation_equipment,14_03_05_transportation_equipment,Transportation equipment,Fuel oil,2051,4.348991303294479,Energy Balance,Petajoule,Energy balance (PJ),,07_08_fuel_oil,14.03.05 Transportation equipment,07.08 Fuel oil,EBal|2051,/mnt/c/Users/Work/github/leap_utilities/data/leap balances exports/20_USA/full model output all years 492026 REF.xlsx,14_03_05_transportation_equipment,07_08_fuel_oil,Transportation equipment,Fuel oil
20_USA,Reference,,esto__Transportation_equipment,14_03_05_transportation_equipment,Transportation equipment,Fuel oil,2052,3.782836467645804,Energy Balance,Petajoule,Energy balance (PJ),,07_08_fuel_oil,14.03.05 Transportation equipment,07.08 Fuel oil,EBal|2052,/mnt/c/Users/Work/github/leap_utilities/data/leap balances exports/20_USA/full model output all years 492026 REF.xlsx,14_03_05_transportation_equipment,07_08_fuel_oil,Transportation equipment,Fuel oil
20_USA,Reference,,esto__Transportation_equipment,14_03_05_transportation_equipment,Transportation equipment,Fuel oil,2053,3.2116282670160072,Energy Balance,Petajoule,Energy balance (PJ),,07_08_fuel_oil,14.03.05 Transportation equipment,07.08 Fuel oil,EBal|2053,/mnt/c/Users/Work/github/leap_utilities/data/leap balances exports/20_USA/full model output all years 492026 REF.xlsx,14_03_05_transportation_equipment,07_08_fuel_oil,Transportation equipment,Fuel oil
20_USA,Reference,,esto__Transportation_equipment,14_03_05_transportation_equipment,Transportation equipment,Fuel oil,2054,2.6357933005952194,Energy Balance,Petajoule,Energy balance (PJ),,07_08_fuel_oil,14.03.05 Transportation equipment,07.08 Fuel oil,EBal|2054,/mnt/c/Users/Work/github/leap_utilities/data/leap balances exports/20_USA/full model output all years 492026 REF.xlsx,14_03_05_transportation_equipment,07_08_fuel_oil,Transportation equipment,Fuel oil
20_USA,Reference,,esto__Transportation_equipment,14_03_05_transportation_equipment,Transportation equipment,Fuel oil,2055,2.0557506783670805,Energy Balance,Petajoule,Energy balance (PJ),,07_08_fuel_oil,14.03.05 Transportation equipment,07.08 Fuel oil,EBal|2055,/mnt/c/Users/Work/github/leap_utilities/data/leap balances exports/20_USA/full model output all years 492026 REF.xlsx,14_03_05_transportation_equipment,07_08_fuel_oil,Transportation equipment,Fuel oil
20_USA,Reference,,esto__Transportation_equipment,14_03_05_transportation_equipment,Transportation equipment,Fuel oil,2056,1.4719120969891868,Energy Balance,Petajoule,Energy balance (PJ),,07_08_fuel_oil,14.03.05 Transportation equipment,07.08 Fuel oil,EBal|2056,/mnt/c/Users/Work/github/leap_utilities/data/leap balances exports/20_USA/full model output all years 492026 REF.xlsx,14_03_05_transportation_equipment,07_08_fuel_oil,Transportation equipment,Fuel oil
20_USA,Reference,,esto__Transportation_equipment,14_03_05_transportation_equipment,Transportation equipment,Fuel oil,2057,0.8846819429655935,Energy Balance,Petajoule,Energy balance (PJ),,07_08_fuel_oil,14.03.05 Transportation equipment,07.08 Fuel oil,EBal|2057,/mnt/c/Users/Work/github/leap_utilities/data/leap balances exports/20_USA/full model output all years 492026 REF.xlsx,14_03_05_transportation_equipment,07_08_fuel_oil,Transportation equipment,Fuel oil
20_USA,Reference,,esto__Transportation_equipment,14_03_05_transportation_equipment,Transportation equipment,Fuel oil,2058,0.2944573700274233,Energy Balance,Petajoule,Energy balance (PJ),,07_08_fuel_oil,14.03.05 Transportation equipment,07.08 Fuel oil,EBal|2058,/mnt/c/Users/Work/github/leap_utilities/data/leap balances exports/20_USA/full model output all years 492026 REF.xlsx,14_03_05_transportation_equipment,07_08_fuel_oil,Transportation equipment,Fuel oil
20_USA,Target,,esto__Transportation_equipment,14_03_05_transportation_equipment,Transportation equipment,Fuel oil,2022,15.797678359387765,Energy Balance,Petajoule,Energy balance (PJ),,07_08_fuel_oil,14.03.05 Transportation equipment,07.08 Fuel oil,EBal|2022,/mnt/c/Users/Work/github/leap_utilities/data/leap balances exports/20_USA/full model output all years 492026 TGT.xlsx,14_03_05_transportation_equipment,07_08_fuel_oil,Transportation equipment,Fuel oil
20_USA,Target,,esto__Transportation_equipment,14_03_05_transportation_equipment,Transportation equipment,Fuel oil,2023,15.939014741855289,Energy Balance,Petajoule,Energy balance (PJ),,07_08_fuel_oil,14.03.05 Transportation equipment,07.08 Fuel oil,EBal|2023,/mnt/c/Users/Work/github/leap_utilities/data/leap balances exports/20_USA/full model output all years 492026 TGT.xlsx,14_03_05_transportation_equipment,07_08_fuel_oil,Transportation equipment,Fuel oil
20_USA,Target,,esto__Transportation_equipment,14_03_05_transportation_equipment,Transportation equipment,Fuel oil,2024,15.944946491569587,Energy Balance,Petajoule,Energy balance (PJ),,07_08_fuel_oil,14.03.05 Transportation equipment,07.08 Fuel oil,EBal|2024,/mnt/c/Users/Work/github/leap_utilities/data/leap balances exports/20_USA/full model output all years 492026 TGT.xlsx,14_03_05_transportation_equipment,07_08_fuel_oil,Transportation equipment,Fuel oil
20_USA,Target,,esto__Transportation_equipment,14_03_05_transportation_equipment,Transportation equipment,Fuel oil,2025,15.706454808127416,Energy Balance,Petajoule,Energy balance (PJ),,07_08_fuel_oil,14.03.05 Transportation equipment,07.08 Fuel oil,EBal|2025,/mnt/c/Users/Work/github/leap_utilities/data/leap balances exports/20_USA/full model output all years 492026 TGT.xlsx,14_03_05_transportation_equipment,07_08_fuel_oil,Transportation equipment,Fuel oil
20_USA,Target,,esto__Transportation_equipment,14_03_05_transportation_equipment,Transportation equipment,Fuel oil,2026,15.448209708902356,Energy Balance,Petajoule,Energy balance (PJ),,07_08_fuel_oil,14.03.05 Transportation equipment,07.08 Fuel oil,EBal|2026,/mnt/c/Users/Work/github/leap_utilities/data/leap balances exports/20_USA/full model output all years 492026 TGT.xlsx,14_03_05_transportation_equipment,07_08_fuel_oil,Transportation equipment,Fuel oil
20_USA,Target,,esto__Transportation_equipment,14_03_05_transportation_equipment,Transportation equipment,Fuel oil,2027,15.17087705052409,Energy Balance,Petajoule,Energy balance (PJ),,07_08_fuel_oil,14.03.05 Transportation equipment,07.08 Fuel oil,EBal|2027,/mnt/c/Users/Work/github/leap_utilities/data/leap balances exports/20_USA/full model output all years 492026 TGT.xlsx,14_03_05_transportation_equipment,07_08_fuel_oil,Transportation equipment,Fuel oil
20_USA,Target,,esto__Transportation_equipment,14_03_05_transportation_equipment,Transportation equipment,Fuel oil,2028,14.875112418297652,Energy Balance,Petajoule,Energy balance (PJ),,07_08_fuel_oil,14.03.05 Transportation equipment,07.08 Fuel oil,EBal|2028,/mnt/c/Users/Work/github/leap_utilities/data/leap balances exports/20_USA/full model output all years 492026 TGT.xlsx,14_03_05_transportation_equipment,07_08_fuel_oil,Transportation equipment,Fuel oil
20_USA,Target,,esto__Transportation_equipment,14_03_05_transportation_equipment,Transportation equipment,Fuel oil,2029,14.56156127860959,Energy Balance,Petajoule,Energy balance (PJ),,07_08_fuel_oil,14.03.05 Transportation equipment,07.08 Fuel oil,EBal|2029,/mnt/c/Users/Work/github/leap_utilities/data/leap balances exports/20_USA/full model output all years 492026 TGT.xlsx,14_03_05_transportation_equipment,07_08_fuel_oil,Transportation equipment,Fuel oil
20_USA,Target,,esto__Transportation_equipment,14_03_05_transportation_equipment,Transportation equipment,Fuel oil,2030,14.23085909113358,Energy Balance,Petajoule,Energy balance (PJ),,07_08_fuel_oil,14.03.05 Transportation equipment,07.08 Fuel oil,EBal|2030,/mnt/c/Users/Work/github/leap_utilities/data/leap balances exports/20_USA/full model output all years 492026 TGT.xlsx,14_03_05_transportation_equipment,07_08_fuel_oil,Transportation equipment,Fuel oil
20_USA,Target,,esto__Transportation_equipment,14_03_05_transportation_equipment,Transportation equipment,Fuel oil,2031,13.883631389620763,Energy Balance,Petajoule,Energy balance (PJ),,07_08_fuel_oil,14.03.05 Transportation equipment,07.08 Fuel oil,EBal|2031,/mnt/c/Users/Work/github/leap_utilities/data/leap balances exports/20_USA/full model output all years 492026 TGT.xlsx,14_03_05_transportation_equipment,07_08_fuel_oil,Transportation equipment,Fuel oil
20_USA,Target,,esto__Transportation_equipment,14_03_05_transportation_equipment,Transportation equipment,Fuel oil,2032,13.520493950624529,Energy Balance,Petajoule,Energy balance (PJ),,07_08_fuel_oil,14.03.05 Transportation equipment,07.08 Fuel oil,EBal|2032,/mnt/c/Users/Work/github/leap_utilities/data/leap balances exports/20_USA/full model output all years 492026 TGT.xlsx,14_03_05_transportation_equipment,07_08_fuel_oil,Transportation equipment,Fuel oil
20_USA,Target,,esto__Transportation_equipment,14_03_05_transportation_equipment,Transportation equipment,Fuel oil,2033,13.142052829214569,Energy Balance,Petajoule,Energy balance (PJ),,07_08_fuel_oil,14.03.05 Transportation equipment,07.08 Fuel oil,EBal|2033,/mnt/c/Users/Work/github/leap_utilities/data/leap balances exports/20_USA/full model output all years 492026 TGT.xlsx,14_03_05_transportation_equipment,07_08_fuel_oil,Transportation equipment,Fuel oil
20_USA,Target,,esto__Transportation_equipment,14_03_05_transportation_equipment,Transportation equipment,Fuel oil,2034,12.748904549980807,Energy Balance,Petajoule,Energy balance (PJ),,07_08_fuel_oil,14.03.05 Transportation equipment,07.08 Fuel oil,EBal|2034,/mnt/c/Users/Work/github/leap_utilities/data/leap balances exports/20_USA/full model output all years 492026 TGT.xlsx,14_03_05_transportation_equipment,07_08_fuel_oil,Transportation equipment,Fuel oil
20_USA,Target,,esto__Transportation_equipment,14_03_05_transportation_equipment,Transportation equipment,Fuel oil,2035,12.341636160518807,Energy Balance,Petajoule,Energy balance (PJ),,07_08_fuel_oil,14.03.05 Transportation equipment,07.08 Fuel oil,EBal|2035,/mnt/c/Users/Work/github/leap_utilities/data/leap balances exports/20_USA/full model output all years 492026 TGT.xlsx,14_03_05_transportation_equipment,07_08_fuel_oil,Transportation equipment,Fuel oil
20_USA,Target,,esto__Transportation_equipment,14_03_05_transportation_equipment,Transportation equipment,Fuel oil,2036,11.920825340623534,Energy Balance,Petajoule,Energy balance (PJ),,07_08_fuel_oil,14.03.05 Transportation equipment,07.08 Fuel oil,EBal|2036,/mnt/c/Users/Work/github/leap_utilities/data/leap balances exports/20_USA/full model output all years 492026 TGT.xlsx,14_03_05_transportation_equipment,07_08_fuel_oil,Transportation equipment,Fuel oil
20_USA,Target,,esto__Transportation_equipment,14_03_05_transportation_equipment,Transportation equipment,Fuel oil,2037,11.48704054016688,Energy Balance,Petajoule,Energy balance (PJ),,07_08_fuel_oil,14.03.05 Transportation equipment,07.08 Fuel oil,EBal|2037,/mnt/c/Users/Work/github/leap_utilities/data/leap balances exports/20_USA/full model output all years 492026 TGT.xlsx,14_03_05_transportation_equipment,07_08_fuel_oil,Transportation equipment,Fuel oil
20_USA,Target,,esto__Transportation_equipment,14_03_05_transportation_equipment,Transportation equipment,Fuel oil,2038,11.04084105933257,Energy Balance,Petajoule,Energy balance (PJ),,07_08_fuel_oil,14.03.05 Transportation equipment,07.08 Fuel oil,EBal|2038,/mnt/c/Users/Work/github/leap_utilities/data/leap balances exports/20_USA/full model output all years 492026 TGT.xlsx,14_03_05_transportation_equipment,07_08_fuel_oil,Transportation equipment,Fuel oil
20_USA,Target,,esto__Transportation_equipment,14_03_05_transportation_equipment,Transportation equipment,Fuel oil,2039,10.582777159794112,Energy Balance,Petajoule,Energy balance (PJ),,07_08_fuel_oil,14.03.05 Transportation equipment,07.08 Fuel oil,EBal|2039,/mnt/c/Users/Work/github/leap_utilities/data/leap balances exports/20_USA/full model output all years 492026 TGT.xlsx,14_03_05_transportation_equipment,07_08_fuel_oil,Transportation equipment,Fuel oil
20_USA,Target,,esto__Transportation_equipment,14_03_05_transportation_equipment,Transportation equipment,Fuel oil,2040,10.113390179135727,Energy Balance,Petajoule,Energy balance (PJ),,07_08_fuel_oil,14.03.05 Transportation equipment,07.08 Fuel oil,EBal|2040,/mnt/c/Users/Work/github/leap_utilities/data/leap balances exports/20_USA/full model output all years 492026 TGT.xlsx,14_03_05_transportation_equipment,07_08_fuel_oil,Transportation equipment,Fuel oil
20_USA,Target,,esto__Transportation_equipment,14_03_05_transportation_equipment,Transportation equipment,Fuel oil,2041,9.633212616338348,Energy Balance,Petajoule,Energy balance (PJ),,07_08_fuel_oil,14.03.05 Transportation equipment,07.08 Fuel oil,EBal|2041,/mnt/c/Users/Work/github/leap_utilities/data/leap balances exports/20_USA/full model output all years 492026 TGT.xlsx,14_03_05_transportation_equipment,07_08_fuel_oil,Transportation equipment,Fuel oil
20_USA,Target,,esto__Transportation_equipment,14_03_05_transportation_equipment,Transportation equipment,Fuel oil,2042,9.142768238378999,Energy Balance,Petajoule,Energy balance (PJ),,07_08_fuel_oil,14.03.05 Transportation equipment,07.08 Fuel oil,EBal|2042,/mnt/c/Users/Work/github/leap_utilities/data/leap balances exports/20_USA/full model output all years 492026 TGT.xlsx,14_03_05_transportation_equipment,07_08_fuel_oil,Transportation equipment,Fuel oil
20_USA,Target,,esto__Transportation_equipment,14_03_05_transportation_equipment,Transportation equipment,Fuel oil,2043,8.642572191558445,Energy Balance,Petajoule,Energy balance (PJ),,07_08_fuel_oil,14.03.05 Transportation equipment,07.08 Fuel oil,EBal|2043,/mnt/c/Users/Work/github/leap_utilities/data/leap balances exports/20_USA/full model output all years 492026 TGT.xlsx,14_03_05_transportation_equipment,07_08_fuel_oil,Transportation equipment,Fuel oil
20_USA,Target,,esto__Transportation_equipment,14_03_05_transportation_equipment,Transportation equipment,Fuel oil,2044,8.133131086738214,Energy Balance,Petajoule,Energy balance (PJ),,07_08_fuel_oil,14.03.05 Transportation equipment,07.08 Fuel oil,EBal|2044,/mnt/c/Users/Work/github/leap_utilities/data/leap balances exports/20_USA/full model output all years 492026 TGT.xlsx,14_03_05_transportation_equipment,07_08_fuel_oil,Transportation equipment,Fuel oil
20_USA,Target,,esto__Transportation_equipment,14_03_05_transportation_equipment,Transportation equipment,Fuel oil,2045,7.614943105906579,Energy Balance,Petajoule,Energy balance (PJ),,07_08_fuel_oil,14.03.05 Transportation equipment,07.08 Fuel oil,EBal|2045,/mnt/c/Users/Work/github/leap_utilities/data/leap balances exports/20_USA/full model output all years 492026 TGT.xlsx,14_03_05_transportation_equipment,07_08_fuel_oil,Transportation equipment,Fuel oil
20_USA,Target,,esto__Transportation_equipment,14_03_05_transportation_equipment,Transportation equipment,Fuel oil,2046,7.0884980999649745,Energy Balance,Petajoule,Energy balance (PJ),,07_08_fuel_oil,14.03.05 Transportation equipment,07.08 Fuel oil,EBal|2046,/mnt/c/Users/Work/github/leap_utilities/data/leap balances exports/20_USA/full model output all years 492026 TGT.xlsx,14_03_05_transportation_equipment,07_08_fuel_oil,Transportation equipment,Fuel oil
20_USA,Target,,esto__Transportation_equipment,14_03_05_transportation_equipment,Transportation equipment,Fuel oil,2047,6.554277684705312,Energy Balance,Petajoule,Energy balance (PJ),,07_08_fuel_oil,14.03.05 Transportation equipment,07.08 Fuel oil,EBal|2047,/mnt/c/Users/Work/github/leap_utilities/data/leap balances exports/20_USA/full model output all years 492026 TGT.xlsx,14_03_05_transportation_equipment,07_08_fuel_oil,Transportation equipment,Fuel oil
20_USA,Target,,esto__Transportation_equipment,14_03_05_transportation_equipment,Transportation equipment,Fuel oil,2048,6.01275533259037,Energy Balance,Petajoule,Energy balance (PJ),,07_08_fuel_oil,14.03.05 Transportation equipment,07.08 Fuel oil,EBal|2048,/mnt/c/Users/Work/github/leap_utilities/data/leap balances exports/20_USA/full model output all years 492026 TGT.xlsx,14_03_05_transportation_equipment,07_08_fuel_oil,Transportation equipment,Fuel oil
20_USA,Target,,esto__Transportation_equipment,14_03_05_transportation_equipment,Transportation equipment,Fuel oil,2049,5.464396475449592,Energy Balance,Petajoule,Energy balance (PJ),,07_08_fuel_oil,14.03.05 Transportation equipment,07.08 Fuel oil,EBal|2049,/mnt/c/Users/Work/github/leap_utilities/data/leap balances exports/20_USA/full model output all years 492026 TGT.xlsx,14_03_05_transportation_equipment,07_08_fuel_oil,Transportation equipment,Fuel oil
20_USA,Target,,esto__Transportation_equipment,14_03_05_transportation_equipment,Transportation equipment,Fuel oil,2050,4.909658591517859,Energy Balance,Petajoule,Energy balance (PJ),,07_08_fuel_oil,14.03.05 Transportation equipment,07.08 Fuel oil,EBal|2050,/mnt/c/Users/Work/github/leap_utilities/data/leap balances exports/20_USA/full model output all years 492026 TGT.xlsx,14_03_05_transportation_equipment,07_08_fuel_oil,Transportation equipment,Fuel oil
20_USA,Target,,esto__Transportation_equipment,14_03_05_transportation_equipment,Transportation equipment,Fuel oil,2051,4.348991303294479,Energy Balance,Petajoule,Energy balance (PJ),,07_08_fuel_oil,14.03.05 Transportation equipment,07.08 Fuel oil,EBal|2051,/mnt/c/Users/Work/github/leap_utilities/data/leap balances exports/20_USA/full model output all years 492026 TGT.xlsx,14_03_05_transportation_equipment,07_08_fuel_oil,Transportation equipment,Fuel oil
20_USA,Target,,esto__Transportation_equipment,14_03_05_transportation_equipment,Transportation equipment,Fuel oil,2052,3.7828364668315286,Energy Balance,Petajoule,Energy balance (PJ),,07_08_fuel_oil,14.03.05 Transportation equipment,07.08 Fuel oil,EBal|2052,/mnt/c/Users/Work/github/leap_utilities/data/leap balances exports/20_USA/full model output all years 492026 TGT.xlsx,14_03_05_transportation_equipment,07_08_fuel_oil,Transportation equipment,Fuel oil
20_USA,Target,,esto__Transportation_equipment,14_03_05_transportation_equipment,Transportation equipment,Fuel oil,2053,3.2116282670160072,Energy Balance,Petajoule,Energy balance (PJ),,07_08_fuel_oil,14.03.05 Transportation equipment,07.08 Fuel oil,EBal|2053,/mnt/c/Users/Work/github/leap_utilities/data/leap balances exports/20_USA/full model output all years 492026 TGT.xlsx,14_03_05_transportation_equipment,07_08_fuel_oil,Transportation equipment,Fuel oil
20_USA,Target,,esto__Transportation_equipment,14_03_05_transportation_equipment,Transportation equipment,Fuel oil,2054,2.6357933011602324,Energy Balance,Petajoule,Energy balance (PJ),,07_08_fuel_oil,14.03.05 Transportation equipment,07.08 Fuel oil,EBal|2054,/mnt/c/Users/Work/github/leap_utilities/data/leap balances exports/20_USA/full model output all years 492026 TGT.xlsx,14_03_05_transportation_equipment,07_08_fuel_oil,Transportation equipment,Fuel oil
20_USA,Target,,esto__Transportation_equipment,14_03_05_transportation_equipment,Transportation equipment,Fuel oil,2055,2.0557506779305186,Energy Balance,Petajoule,Energy balance (PJ),,07_08_fuel_oil,14.03.05 Transportation equipment,07.08 Fuel oil,EBal|2055,/mnt/c/Users/Work/github/leap_utilities/data/leap balances exports/20_USA/full model output all years 492026 TGT.xlsx,14_03_05_transportation_equipment,07_08_fuel_oil,Transportation equipment,Fuel oil
20_USA,Target,,esto__Transportation_equipment,14_03_05_transportation_equipment,Transportation equipment,Fuel oil,2056,1.4719120969891868,Energy Balance,Petajoule,Energy balance (PJ),,07_08_fuel_oil,14.03.05 Transportation equipment,07.08 Fuel oil,EBal|2056,/mnt/c/Users/Work/github/leap_utilities/data/leap balances exports/20_USA/full model output all years 492026 TGT.xlsx,14_03_05_transportation_equipment,07_08_fuel_oil,Transportation equipment,Fuel oil
20_USA,Target,,esto__Transportation_equipment,14_03_05_transportation_equipment,Transportation equipment,Fuel oil,2057,0.8846819429655935,Energy Balance,Petajoule,Energy balance (PJ),,07_08_fuel_oil,14.03.05 Transportation equipment,07.08 Fuel oil,EBal|2057,/mnt/c/Users/Work/github/leap_utilities/data/leap balances exports/20_USA/full model output all years 492026 TGT.xlsx,14_03_05_transportation_equipment,07_08_fuel_oil,Transportation equipment,Fuel oil
20_USA,Target,,esto__Transportation_equipment,14_03_05_transportation_equipment,Transportation equipment,Fuel oil,2058,0.2944573700274233,Energy Balance,Petajoule,Energy balance (PJ),,07_08_fuel_oil,14.03.05 Transportation equipment,07.08 Fuel oil,EBal|2058,/mnt/c/Users/Work/github/leap_utilities/data/leap balances exports/20_USA/full model output all years 492026 TGT.xlsx,14_03_05_transportation_equipment,07_08_fuel_oil,Transportation equipment,Fuel oil
20_USA,Reference,,esto__Transportation_equipment,14_03_05_transportation_equipment,Transportation equipment,Fuelwood & woodwaste,2022,0.0007082888362995707,Energy Balance,Petajoule,Energy balance (PJ),,15_01_fuelwood_and_woodwaste,14.03.05 Transportation equipment,15.01 Fuelwood & woodwaste,EBal|2022,/mnt/c/Users/Work/github/leap_utilities/data/leap balances exports/20_USA/full model output all years 492026 REF.xlsx,14_03_05_transportation_equipment,15_01_fuelwood_and_woodwaste,Transportation equipment,Fuelwood and woodwaste
20_USA,Reference,,esto__Transportation_equipment,14_03_05_transportation_equipment,Transportation equipment,Fuelwood & woodwaste,2023,0.0007146257459800243,Energy Balance,Petajoule,Energy balance (PJ),,15_01_fuelwood_and_woodwaste,14.03.05 Transportation equipment,15.01 Fuelwood & woodwaste,EBal|2023,/mnt/c/Users/Work/github/leap_utilities/data/leap balances exports/20_USA/full model output all years 492026 REF.xlsx,14_03_05_transportation_equipment,15_01_fuelwood_and_woodwaste,Transportation equipment,Fuelwood and woodwaste
20_USA,Target,,esto__Transportation_equipment,14_03_05_transportation_equipment,Transportation equipment,Fuelwood & woodwaste,2022,0.0007082888362995707,Energy Balance,Petajoule,Energy balance (PJ),,15_01_fuelwood_and_woodwaste,14.03.05 Transportation equipment,15.01 Fuelwood & woodwaste,EBal|2022,/mnt/c/Users/Work/github/leap_utilities/data/leap balances exports/20_USA/full model output all years 492026 TGT.xlsx,14_03_05_transportation_equipment,15_01_fuelwood_and_woodwaste,Transportation equipment,Fuelwood and woodwaste
20_USA,Target,,esto__Transportation_equipment,14_03_05_transportation_equipment,Transportation equipment,Fuelwood & woodwaste,2023,0.0007146257461788552,Energy Balance,Petajoule,Energy balance (PJ),,15_01_fuelwood_and_woodwaste,14.03.05 Transportation equipment,15.01 Fuelwood & woodwaste,EBal|2023,/mnt/c/Users/Work/github/leap_utilities/data/leap balances exports/20_USA/full model output all years 492026 TGT.xlsx,14_03_05_transportation_equipment,15_01_fuelwood_and_woodwaste,Transportation equipment,Fuelwood and woodwaste
20_USA,Reference,,esto__Transportation_equipment,14_03_05_transportation_equipment,Transportation equipment,Gas/diesel oil,2022,2.1850829880344125,Energy Balance,Petajoule,Energy balance (PJ),,,14.03.05 Transportation equipment,07.07 Gas/diesel oil,EBal|2022,/mnt/c/Users/Work/github/leap_utilities/data/leap balances exports/20_USA/full model output all years 492026 REF.xlsx,14_03_05_transportation_equipment,,Transportation equipment,Gas and diesel oil
20_USA,Reference,,esto__Transportation_equipment,14_03_05_transportation_equipment,Transportation equipment,Gas/diesel oil,2023,2.2046321066453562,Energy Balance,Petajoule,Energy balance (PJ),,,14.03.05 Transportation equipment,07.07 Gas/diesel oil,EBal|2023,/mnt/c/Users/Work/github/leap_utilities/data/leap balances exports/20_USA/full model output all years 492026 REF.xlsx,14_03_05_transportation_equipment,,Transportation equipment,Gas and diesel oil
20_USA,Reference,,esto__Transportation_equipment,14_03_05_transportation_equipment,Transportation equipment,Gas/diesel oil,2024,2.205452568216027,Energy Balance,Petajoule,Energy balance (PJ),,,14.03.05 Transportation equipment,07.07 Gas/diesel oil,EBal|2024,/mnt/c/Users/Work/github/leap_utilities/data/leap balances exports/20_USA/full model output all years 492026 REF.xlsx,14_03_05_transportation_equipment,,Transportation equipment,Gas and diesel oil
20_USA,Reference,,esto__Transportation_equipment,14_03_05_transportation_equipment,Transportation equipment,Gas/diesel oil,2025,2.1724651823210706,Energy Balance,Petajoule,Energy balance (PJ),,,14.03.05 Transportation equipment,07.07 Gas/diesel oil,EBal|2025,/mnt/c/Users/Work/github/leap_utilities/data/leap balances exports/20_USA/full model output all years 492026 REF.xlsx,14_03_05_transportation_equipment,,Transportation equipment,Gas and diesel oil
20_USA,Reference,,esto__Transportation_equipment,14_03_05_transportation_equipment,Transportation equipment,Gas/diesel oil,2026,2.1367455694110924,Energy Balance,Petajoule,Energy balance (PJ),,,14.03.05 Transportation equipment,07.07 Gas/diesel oil,EBal|2026,/mnt/c/Users/Work/github/leap_utilities/data/leap balances exports/20_USA/full model output all years 492026 REF.xlsx,14_03_05_transportation_equipment,,Transportation equipment,Gas and diesel oil
20_USA,Reference,,esto__Transportation_equipment,14_03_05_transportation_equipment,Transportation equipment,Gas/diesel oil,2027,2.098385827074148,Energy Balance,Petajoule,Energy balance (PJ),,,14.03.05 Transportation equipment,07.07 Gas/diesel oil,EBal|2027,/mnt/c/Users/Work/github/leap_utilities/data/leap balances exports/20_USA/full model output all years 492026 REF.xlsx,14_03_05_transportation_equipment,,Transportation equipment,Gas and diesel oil
20_USA,Reference,,esto__Transportation_equipment,14_03_05_transportation_equipment,Transportation equipment,Gas/diesel oil,2028,2.0574766357663288,Energy Balance,Petajoule,Energy balance (PJ),,,14.03.05 Transportation equipment,07.07 Gas/diesel oil,EBal|2028,/mnt/c/Users/Work/github/leap_utilities/data/leap balances exports/20_USA/full model output all years 492026 REF.xlsx,14_03_05_transportation_equipment,,Transportation equipment,Gas and diesel oil
20_USA,Reference,,esto__Transportation_equipment,14_03_05_transportation_equipment,Transportation equipment,Gas/diesel oil,2029,2.0141072738050667,Energy Balance,Petajoule,Energy balance (PJ),,,14.03.05 Transportation equipment,07.07 Gas/diesel oil,EBal|2029,/mnt/c/Users/Work/github/leap_utilities/data/leap balances exports/20_USA/full model output all years 492026 REF.xlsx,14_03_05_transportation_equipment,,Transportation equipment,Gas and diesel oil
20_USA,Reference,,esto__Transportation_equipment,14_03_05_transportation_equipment,Transportation equipment,Gas/diesel oil,2030,1.968365634155404,Energy Balance,Petajoule,Energy balance (PJ),,,14.03.05 Transportation equipment,07.07 Gas/diesel oil,EBal|2030,/mnt/c/Users/Work/github/leap_utilities/data/leap balances exports/20_USA/full model output all years 492026 REF.xlsx,14_03_05_transportation_equipment,,Transportation equipment,Gas and diesel oil
20_USA,Reference,,esto__Transportation_equipment,14_03_05_transportation_equipment,Transportation equipment,Gas/diesel oil,2031,1.9203382409450391,Energy Balance,Petajoule,Energy balance (PJ),,,14.03.05 Transportation equipment,07.07 Gas/diesel oil,EBal|2031,/mnt/c/Users/Work/github/leap_utilities/data/leap balances exports/20_USA/full model output all years 492026 REF.xlsx,14_03_05_transportation_equipment,,Transportation equipment,Gas and diesel oil
20_USA,Reference,,esto__Transportation_equipment,14_03_05_transportation_equipment,Transportation equipment,Gas/diesel oil,2032,1.87011026308503,Energy Balance,Petajoule,Energy balance (PJ),,,14.03.05 Transportation equipment,07.07 Gas/diesel oil,EBal|2032,/mnt/c/Users/Work/github/leap_utilities/data/leap balances exports/20_USA/full model output all years 492026 REF.xlsx,14_03_05_transportation_equipment,,Transportation equipment,Gas and diesel oil
20_USA,Reference,,esto__Transportation_equipment,14_03_05_transportation_equipment,Transportation equipment,Gas/diesel oil,2033,1.8177655328939522,Energy Balance,Petajoule,Energy balance (PJ),,,14.03.05 Transportation equipment,07.07 Gas/diesel oil,EBal|2033,/mnt/c/Users/Work/github/leap_utilities/data/leap balances exports/20_USA/full model output all years 492026 REF.xlsx,14_03_05_transportation_equipment,,Transportation equipment,Gas and diesel oil
20_USA,Reference,,esto__Transportation_equipment,14_03_05_transportation_equipment,Transportation equipment,Gas/diesel oil,2034,1.7633865559970798,Energy Balance,Petajoule,Energy balance (PJ),,,14.03.05 Transportation equipment,07.07 Gas/diesel oil,EBal|2034,/mnt/c/Users/Work/github/leap_utilities/data/leap balances exports/20_USA/full model output all years 492026 REF.xlsx,14_03_05_transportation_equipment,,Transportation equipment,Gas and diesel oil
20_USA,Reference,,esto__Transportation_equipment,14_03_05_transportation_equipment,Transportation equipment,Gas/diesel oil,2035,1.7070545310718208,Energy Balance,Petajoule,Energy balance (PJ),,,14.03.05 Transportation equipment,07.07 Gas/diesel oil,EBal|2035,/mnt/c/Users/Work/github/leap_utilities/data/leap balances exports/20_USA/full model output all years 492026 REF.xlsx,14_03_05_transportation_equipment,,Transportation equipment,Gas and diesel oil
20_USA,Reference,,esto__Transportation_equipment,14_03_05_transportation_equipment,Transportation equipment,Gas/diesel oil,2036,1.648849362084612,Energy Balance,Petajoule,Energy balance (PJ),,,14.03.05 Transportation equipment,07.07 Gas/diesel oil,EBal|2036,/mnt/c/Users/Work/github/leap_utilities/data/leap balances exports/20_USA/full model output all years 492026 REF.xlsx,14_03_05_transportation_equipment,,Transportation equipment,Gas and diesel oil
20_USA,Reference,,esto__Transportation_equipment,14_03_05_transportation_equipment,Transportation equipment,Gas/diesel oil,2037,1.5888496753994619,Energy Balance,Petajoule,Energy balance (PJ),,,14.03.05 Transportation equipment,07.07 Gas/diesel oil,EBal|2037,/mnt/c/Users/Work/github/leap_utilities/data/leap balances exports/20_USA/full model output all years 492026 REF.xlsx,14_03_05_transportation_equipment,,Transportation equipment,Gas and diesel oil
20_USA,Reference,,esto__Transportation_equipment,14_03_05_transportation_equipment,Transportation equipment,Gas/diesel oil,2038,1.527132829906394,Energy Balance,Petajoule,Energy balance (PJ),,,14.03.05 Transportation equipment,07.07 Gas/diesel oil,EBal|2038,/mnt/c/Users/Work/github/leap_utilities/data/leap balances exports/20_USA/full model output all years 492026 REF.xlsx,14_03_05_transportation_equipment,,Transportation equipment,Gas and diesel oil
20_USA,Reference,,esto__Transportation_equipment,14_03_05_transportation_equipment,Transportation equipment,Gas/diesel oil,2039,1.463774938311201,Energy Balance,Petajoule,Energy balance (PJ),,,14.03.05 Transportation equipment,07.07 Gas/diesel oil,EBal|2039,/mnt/c/Users/Work/github/leap_utilities/data/leap balances exports/20_USA/full model output all years 492026 REF.xlsx,14_03_05_transportation_equipment,,Transportation equipment,Gas and diesel oil
20_USA,Reference,,esto__Transportation_equipment,14_03_05_transportation_equipment,Transportation equipment,Gas/diesel oil,2040,1.3988508738789844,Energy Balance,Petajoule,Energy balance (PJ),,,14.03.05 Transportation equipment,07.07 Gas/diesel oil,EBal|2040,/mnt/c/Users/Work/github/leap_utilities/data/leap balances exports/20_USA/full model output all years 492026 REF.xlsx,14_03_05_transportation_equipment,,Transportation equipment,Gas and diesel oil
20_USA,Reference,,esto__Transportation_equipment,14_03_05_transportation_equipment,Transportation equipment,Gas/diesel oil,2041,1.332434292045431,Energy Balance,Petajoule,Energy balance (PJ),,,14.03.05 Transportation equipment,07.07 Gas/diesel oil,EBal|2041,/mnt/c/Users/Work/github/leap_utilities/data/leap balances exports/20_USA/full model output all years 492026 REF.xlsx,14_03_05_transportation_equipment,,Transportation equipment,Gas and diesel oil
20_USA,Reference,,esto__Transportation_equipment,14_03_05_transportation_equipment,Transportation equipment,Gas/diesel oil,2042,1.2645976389138789,Energy Balance,Petajoule,Energy balance (PJ),,,14.03.05 Transportation equipment,07.07 Gas/diesel oil,EBal|2042,/mnt/c/Users/Work/github/leap_utilities/data/leap balances exports/20_USA/full model output all years 492026 REF.xlsx,14_03_05_transportation_equipment,,Transportation equipment,Gas and diesel oil
20_USA,Reference,,esto__Transportation_equipment,14_03_05_transportation_equipment,Transportation equipment,Gas/diesel oil,2043,1.1954121660764176,Energy Balance,Petajoule,Energy balance (PJ),,,14.03.05 Transportation equipment,07.07 Gas/diesel oil,EBal|2043,/mnt/c/Users/Work/github/leap_utilities/data/leap balances exports/20_USA/full model output all years 492026 REF.xlsx,14_03_05_transportation_equipment,,Transportation equipment,Gas and diesel oil
20_USA,Reference,,esto__Transportation_equipment,14_03_05_transportation_equipment,Transportation equipment,Gas/diesel oil,2044,1.124947948102097,Energy Balance,Petajoule,Energy balance (PJ),,,14.03.05 Transportation equipment,07.07 Gas/diesel oil,EBal|2044,/mnt/c/Users/Work/github/leap_utilities/data/leap balances exports/20_USA/full model output all years 492026 REF.xlsx,14_03_05_transportation_equipment,,Transportation equipment,Gas and diesel oil
20_USA,Reference,,esto__Transportation_equipment,14_03_05_transportation_equipment,Transportation equipment,Gas/diesel oil,2045,1.0532738902227103,Energy Balance,Petajoule,Energy balance (PJ),,,14.03.05 Transportation equipment,07.07 Gas/diesel oil,EBal|2045,/mnt/c/Users/Work/github/leap_utilities/data/leap balances exports/20_USA/full model output all years 492026 REF.xlsx,14_03_05_transportation_equipment,,Transportation equipment,Gas and diesel oil
20_USA,Reference,,esto__Transportation_equipment,14_03_05_transportation_equipment,Transportation equipment,Gas/diesel oil,2046,0.9804577479960823,Energy Balance,Petajoule,Energy balance (PJ),,,14.03.05 Transportation equipment,07.07 Gas/diesel oil,EBal|2046,/mnt/c/Users/Work/github/leap_utilities/data/leap balances exports/20_USA/full model output all years 492026 REF.xlsx,14_03_05_transportation_equipment,,Transportation equipment,Gas and diesel oil
20_USA,Reference,,esto__Transportation_equipment,14_03_05_transportation_equipment,Transportation equipment,Gas/diesel oil,2047,0.9065661369002566,Energy Balance,Petajoule,Energy balance (PJ),,,14.03.05 Transportation equipment,07.07 Gas/diesel oil,EBal|2047,/mnt/c/Users/Work/github/leap_utilities/data/leap balances exports/20_USA/full model output all years 492026 REF.xlsx,14_03_05_transportation_equipment,,Transportation equipment,Gas and diesel oil
20_USA,Reference,,esto__Transportation_equipment,14_03_05_transportation_equipment,Transportation equipment,Gas/diesel oil,2048,0.8316645460787291,Energy Balance,Petajoule,Energy balance (PJ),,,14.03.05 Transportation equipment,07.07 Gas/diesel oil,EBal|2048,/mnt/c/Users/Work/github/leap_utilities/data/leap balances exports/20_USA/full model output all years 492026 REF.xlsx,14_03_05_transportation_equipment,,Transportation equipment,Gas and diesel oil
20_USA,Reference,,esto__Transportation_equipment,14_03_05_transportation_equipment,Transportation equipment,Gas/diesel oil,2049,0.7558173520633519,Energy Balance,Petajoule,Energy balance (PJ),,,14.03.05 Transportation equipment,07.07 Gas/diesel oil,EBal|2049,/mnt/c/Users/Work/github/leap_utilities/data/leap balances exports/20_USA/full model output all years 492026 REF.xlsx,14_03_05_transportation_equipment,,Transportation equipment,Gas and diesel oil
20_USA,Reference,,esto__Transportation_equipment,14_03_05_transportation_equipment,Transportation equipment,Gas/diesel oil,2050,0.6790878320703408,Energy Balance,Petajoule,Energy balance (PJ),,,14.03.05 Transportation equipment,07.07 Gas/diesel oil,EBal|2050,/mnt/c/Users/Work/github/leap_utilities/data/leap balances exports/20_USA/full model output all years 492026 REF.xlsx,14_03_05_transportation_equipment,,Transportation equipment,Gas and diesel oil
20_USA,Reference,,esto__Transportation_equipment,14_03_05_transportation_equipment,Transportation equipment,Gas/diesel oil,2051,0.6015381760386758,Energy Balance,Petajoule,Energy balance (PJ),,,14.03.05 Transportation equipment,07.07 Gas/diesel oil,EBal|2051,/mnt/c/Users/Work/github/leap_utilities/data/leap balances exports/20_USA/full model output all years 492026 REF.xlsx,14_03_05_transportation_equipment,,Transportation equipment,Gas and diesel oil
20_USA,Reference,,esto__Transportation_equipment,14_03_05_transportation_equipment,Transportation equipment,Gas/diesel oil,2052,0.5232295010900571,Energy Balance,Petajoule,Energy balance (PJ),,,14.03.05 Transportation equipment,07.07 Gas/diesel oil,EBal|2052,/mnt/c/Users/Work/github/leap_utilities/data/leap balances exports/20_USA/full model output all years 492026 REF.xlsx,14_03_05_transportation_equipment,,Transportation equipment,Gas and diesel oil
20_USA,Reference,,esto__Transportation_equipment,14_03_05_transportation_equipment,Transportation equipment,Gas/diesel oil,2053,0.44422186100242933,Energy Balance,Petajoule,Energy balance (PJ),,,14.03.05 Transportation equipment,07.07 Gas/diesel oil,EBal|2053,/mnt/c/Users/Work/github/leap_utilities/data/leap balances exports/20_USA/full model output all years 492026 REF.xlsx,14_03_05_transportation_equipment,,Transportation equipment,Gas and diesel oil
20_USA,Reference,,esto__Transportation_equipment,14_03_05_transportation_equipment,Transportation equipment,Gas/diesel oil,2054,0.36457426194430076,Energy Balance,Petajoule,Energy balance (PJ),,,14.03.05 Transportation equipment,07.07 Gas/diesel oil,EBal|2054,/mnt/c/Users/Work/github/leap_utilities/data/leap balances exports/20_USA/full model output all years 492026 REF.xlsx,14_03_05_transportation_equipment,,Transportation equipment,Gas and diesel oil
20_USA,Reference,,esto__Transportation_equipment,14_03_05_transportation_equipment,Transportation equipment,Gas/diesel oil,2055,0.28434467405088565,Energy Balance,Petajoule,Energy balance (PJ),,,14.03.05 Transportation equipment,07.07 Gas/diesel oil,EBal|2055,/mnt/c/Users/Work/github/leap_utilities/data/leap balances exports/20_USA/full model output all years 492026 REF.xlsx,14_03_05_transportation_equipment,,Transportation equipment,Gas and diesel oil
20_USA,Reference,,esto__Transportation_equipment,14_03_05_transportation_equipment,Transportation equipment,Gas/diesel oil,2056,0.20359004099865638,Energy Balance,Petajoule,Energy balance (PJ),,,14.03.05 Transportation equipment,07.07 Gas/diesel oil,EBal|2056,/mnt/c/Users/Work/github/leap_utilities/data/leap balances exports/20_USA/full model output all years 492026 REF.xlsx,14_03_05_transportation_equipment,,Transportation equipment,Gas and diesel oil
20_USA,Reference,,esto__Transportation_equipment,14_03_05_transportation_equipment,Transportation equipment,Gas/diesel oil,2057,0.12236629699549617,Energy Balance,Petajoule,Energy balance (PJ),,,14.03.05 Transportation equipment,07.07 Gas/diesel oil,EBal|2057,/mnt/c/Users/Work/github/leap_utilities/data/leap balances exports/20_USA/full model output all years 492026 REF.xlsx,14_03_05_transportation_equipment,,Transportation equipment,Gas and diesel oil
20_USA,Reference,,esto__Transportation_equipment,14_03_05_transportation_equipment,Transportation equipment,Gas/diesel oil,2058,0.040728375003817964,Energy Balance,Petajoule,Energy balance (PJ),,,14.03.05 Transportation equipment,07.07 Gas/diesel oil,EBal|2058,/mnt/c/Users/Work/github/leap_utilities/data/leap balances exports/20_USA/full model output all years 492026 REF.xlsx,14_03_05_transportation_equipment,,Transportation equipment,Gas and diesel oil
20_USA,Target,,esto__Transportation_equipment,14_03_05_transportation_equipment,Transportation equipment,Gas/diesel oil,2022,2.1850829880344125,Energy Balance,Petajoule,Energy balance (PJ),,,14.03.05 Transportation equipment,07.07 Gas/diesel oil,EBal|2022,/mnt/c/Users/Work/github/leap_utilities/data/leap balances exports/20_USA/full model output all years 492026 TGT.xlsx,14_03_05_transportation_equipment,,Transportation equipment,Gas and diesel oil
20_USA,Target,,esto__Transportation_equipment,14_03_05_transportation_equipment,Transportation equipment,Gas/diesel oil,2023,2.204632107255268,Energy Balance,Petajoule,Energy balance (PJ),,,14.03.05 Transportation equipment,07.07 Gas/diesel oil,EBal|2023,/mnt/c/Users/Work/github/leap_utilities/data/leap balances exports/20_USA/full model output all years 492026 TGT.xlsx,14_03_05_transportation_equipment,,Transportation equipment,Gas and diesel oil
20_USA,Target,,esto__Transportation_equipment,14_03_05_transportation_equipment,Transportation equipment,Gas/diesel oil,2024,2.205452568216027,Energy Balance,Petajoule,Energy balance (PJ),,,14.03.05 Transportation equipment,07.07 Gas/diesel oil,EBal|2024,/mnt/c/Users/Work/github/leap_utilities/data/leap balances exports/20_USA/full model output all years 492026 TGT.xlsx,14_03_05_transportation_equipment,,Transportation equipment,Gas and diesel oil
20_USA,Target,,esto__Transportation_equipment,14_03_05_transportation_equipment,Transportation equipment,Gas/diesel oil,2025,2.1724651817400487,Energy Balance,Petajoule,Energy balance (PJ),,,14.03.05 Transportation equipment,07.07 Gas/diesel oil,EBal|2025,/mnt/c/Users/Work/github/leap_utilities/data/leap balances exports/20_USA/full model output all years 492026 TGT.xlsx,14_03_05_transportation_equipment,,Transportation equipment,Gas and diesel oil
20_USA,Target,,esto__Transportation_equipment,14_03_05_transportation_equipment,Transportation equipment,Gas/diesel oil,2026,2.1367455688481245,Energy Balance,Petajoule,Energy balance (PJ),,,14.03.05 Transportation equipment,07.07 Gas/diesel oil,EBal|2026,/mnt/c/Users/Work/github/leap_utilities/data/leap balances exports/20_USA/full model output all years 492026 TGT.xlsx,14_03_05_transportation_equipment,,Transportation equipment,Gas and diesel oil
20_USA,Target,,esto__Transportation_equipment,14_03_05_transportation_equipment,Transportation equipment,Gas/diesel oil,2027,2.098385827074148,Energy Balance,Petajoule,Energy balance (PJ),,,14.03.05 Transportation equipment,07.07 Gas/diesel oil,EBal|2027,/mnt/c/Users/Work/github/leap_utilities/data/leap balances exports/20_USA/full model output all years 492026 TGT.xlsx,14_03_05_transportation_equipment,,Transportation equipment,Gas and diesel oil
20_USA,Target,,esto__Transportation_equipment,14_03_05_transportation_equipment,Transportation equipment,Gas/diesel oil,2028,2.0574766357663288,Energy Balance,Petajoule,Energy balance (PJ),,,14.03.05 Transportation equipment,07.07 Gas/diesel oil,EBal|2028,/mnt/c/Users/Work/github/leap_utilities/data/leap balances exports/20_USA/full model output all years 492026 TGT.xlsx,14_03_05_transportation_equipment,,Transportation equipment,Gas and diesel oil
20_USA,Target,,esto__Transportation_equipment,14_03_05_transportation_equipment,Transportation equipment,Gas/diesel oil,2029,2.0141072738050667,Energy Balance,Petajoule,Energy balance (PJ),,,14.03.05 Transportation equipment,07.07 Gas/diesel oil,EBal|2029,/mnt/c/Users/Work/github/leap_utilities/data/leap balances exports/20_USA/full model output all years 492026 TGT.xlsx,14_03_05_transportation_equipment,,Transportation equipment,Gas and diesel oil
20_USA,Target,,esto__Transportation_equipment,14_03_05_transportation_equipment,Transportation equipment,Gas/diesel oil,2030,1.968365634155404,Energy Balance,Petajoule,Energy balance (PJ),,,14.03.05 Transportation equipment,07.07 Gas/diesel oil,EBal|2030,/mnt/c/Users/Work/github/leap_utilities/data/leap balances exports/20_USA/full model output all years 492026 TGT.xlsx,14_03_05_transportation_equipment,,Transportation equipment,Gas and diesel oil
20_USA,Target,,esto__Transportation_equipment,14_03_05_transportation_equipment,Transportation equipment,Gas/diesel oil,2031,1.9203382409450391,Energy Balance,Petajoule,Energy balance (PJ),,,14.03.05 Transportation equipment,07.07 Gas/diesel oil,EBal|2031,/mnt/c/Users/Work/github/leap_utilities/data/leap balances exports/20_USA/full model output all years 492026 TGT.xlsx,14_03_05_transportation_equipment,,Transportation equipment,Gas and diesel oil
20_USA,Target,,esto__Transportation_equipment,14_03_05_transportation_equipment,Transportation equipment,Gas/diesel oil,2032,1.87011026308503,Energy Balance,Petajoule,Energy balance (PJ),,,14.03.05 Transportation equipment,07.07 Gas/diesel oil,EBal|2032,/mnt/c/Users/Work/github/leap_utilities/data/leap balances exports/20_USA/full model output all years 492026 TGT.xlsx,14_03_05_transportation_equipment,,Transportation equipment,Gas and diesel oil
20_USA,Target,,esto__Transportation_equipment,14_03_05_transportation_equipment,Transportation equipment,Gas/diesel oil,2033,1.8177655328939522,Energy Balance,Petajoule,Energy balance (PJ),,,14.03.05 Transportation equipment,07.07 Gas/diesel oil,EBal|2033,/mnt/c/Users/Work/github/leap_utilities/data/leap balances exports/20_USA/full model output all years 492026 TGT.xlsx,14_03_05_transportation_equipment,,Transportation equipment,Gas and diesel oil
20_USA,Target,,esto__Transportation_equipment,14_03_05_transportation_equipment,Transportation equipment,Gas/diesel oil,2034,1.7633865559970798,Energy Balance,Petajoule,Energy balance (PJ),,,14.03.05 Transportation equipment,07.07 Gas/diesel oil,EBal|2034,/mnt/c/Users/Work/github/leap_utilities/data/leap balances exports/20_USA/full model output all years 492026 TGT.xlsx,14_03_05_transportation_equipment,,Transportation equipment,Gas and diesel oil
20_USA,Target,,esto__Transportation_equipment,14_03_05_transportation_equipment,Transportation equipment,Gas/diesel oil,2035,1.7070545310718208,Energy Balance,Petajoule,Energy balance (PJ),,,14.03.05 Transportation equipment,07.07 Gas/diesel oil,EBal|2035,/mnt/c/Users/Work/github/leap_utilities/data/leap balances exports/20_USA/full model output all years 492026 TGT.xlsx,14_03_05_transportation_equipment,,Transportation equipment,Gas and diesel oil
20_USA,Target,,esto__Transportation_equipment,14_03_05_transportation_equipment,Transportation equipment,Gas/diesel oil,2036,1.648849362084612,Energy Balance,Petajoule,Energy balance (PJ),,,14.03.05 Transportation equipment,07.07 Gas/diesel oil,EBal|2036,/mnt/c/Users/Work/github/leap_utilities/data/leap balances exports/20_USA/full model output all years 492026 TGT.xlsx,14_03_05_transportation_equipment,,Transportation equipment,Gas and diesel oil
20_USA,Target,,esto__Transportation_equipment,14_03_05_transportation_equipment,Transportation equipment,Gas/diesel oil,2037,1.58884967502414,Energy Balance,Petajoule,Energy balance (PJ),,,14.03.05 Transportation equipment,07.07 Gas/diesel oil,EBal|2037,/mnt/c/Users/Work/github/leap_utilities/data/leap balances exports/20_USA/full model output all years 492026 TGT.xlsx,14_03_05_transportation_equipment,,Transportation equipment,Gas and diesel oil
20_USA,Target,,esto__Transportation_equipment,14_03_05_transportation_equipment,Transportation equipment,Gas/diesel oil,2038,1.527132829906394,Energy Balance,Petajoule,Energy balance (PJ),,,14.03.05 Transportation equipment,07.07 Gas/diesel oil,EBal|2038,/mnt/c/Users/Work/github/leap_utilities/data/leap balances exports/20_USA/full model output all years 492026 TGT.xlsx,14_03_05_transportation_equipment,,Transportation equipment,Gas and diesel oil
20_USA,Target,,esto__Transportation_equipment,14_03_05_transportation_equipment,Transportation equipment,Gas/diesel oil,2039,1.463774937970257,Energy Balance,Petajoule,Energy balance (PJ),,,14.03.05 Transportation equipment,07.07 Gas/diesel oil,EBal|2039,/mnt/c/Users/Work/github/leap_utilities/data/leap balances exports/20_USA/full model output all years 492026 TGT.xlsx,14_03_05_transportation_equipment,,Transportation equipment,Gas and diesel oil
20_USA,Target,,esto__Transportation_equipment,14_03_05_transportation_equipment,Transportation equipment,Gas/diesel oil,2040,1.3988508738789844,Energy Balance,Petajoule,Energy balance (PJ),,,14.03.05 Transportation equipment,07.07 Gas/diesel oil,EBal|2040,/mnt/c/Users/Work/github/leap_utilities/data/leap balances exports/20_USA/full model output all years 492026 TGT.xlsx,14_03_05_transportation_equipment,,Transportation equipment,Gas and diesel oil
20_USA,Target,,esto__Transportation_equipment,14_03_05_transportation_equipment,Transportation equipment,Gas/diesel oil,2041,1.332434292045431,Energy Balance,Petajoule,Energy balance (PJ),,,14.03.05 Transportation equipment,07.07 Gas/diesel oil,EBal|2041,/mnt/c/Users/Work/github/leap_utilities/data/leap balances exports/20_USA/full model output all years 492026 TGT.xlsx,14_03_05_transportation_equipment,,Transportation equipment,Gas and diesel oil
20_USA,Target,,esto__Transportation_equipment,14_03_05_transportation_equipment,Transportation equipment,Gas/diesel oil,2042,1.2645976389138789,Energy Balance,Petajoule,Energy balance (PJ),,,14.03.05 Transportation equipment,07.07 Gas/diesel oil,EBal|2042,/mnt/c/Users/Work/github/leap_utilities/data/leap balances exports/20_USA/full model output all years 492026 TGT.xlsx,14_03_05_transportation_equipment,,Transportation equipment,Gas and diesel oil
20_USA,Target,,esto__Transportation_equipment,14_03_05_transportation_equipment,Transportation equipment,Gas/diesel oil,2043,1.1954121660764176,Energy Balance,Petajoule,Energy balance (PJ),,,14.03.05 Transportation equipment,07.07 Gas/diesel oil,EBal|2043,/mnt/c/Users/Work/github/leap_utilities/data/leap balances exports/20_USA/full model output all years 492026 TGT.xlsx,14_03_05_transportation_equipment,,Transportation equipment,Gas and diesel oil
20_USA,Target,,esto__Transportation_equipment,14_03_05_transportation_equipment,Transportation equipment,Gas/diesel oil,2044,1.124947948102097,Energy Balance,Petajoule,Energy balance (PJ),,,14.03.05 Transportation equipment,07.07 Gas/diesel oil,EBal|2044,/mnt/c/Users/Work/github/leap_utilities/data/leap balances exports/20_USA/full model output all years 492026 TGT.xlsx,14_03_05_transportation_equipment,,Transportation equipment,Gas and diesel oil
20_USA,Target,,esto__Transportation_equipment,14_03_05_transportation_equipment,Transportation equipment,Gas/diesel oil,2045,1.0532738899853056,Energy Balance,Petajoule,Energy balance (PJ),,,14.03.05 Transportation equipment,07.07 Gas/diesel oil,EBal|2045,/mnt/c/Users/Work/github/leap_utilities/data/leap balances exports/20_USA/full model output all years 492026 TGT.xlsx,14_03_05_transportation_equipment,,Transportation equipment,Gas and diesel oil
20_USA,Target,,esto__Transportation_equipment,14_03_05_transportation_equipment,Transportation equipment,Gas/diesel oil,2046,0.9804577479960823,Energy Balance,Petajoule,Energy balance (PJ),,,14.03.05 Transportation equipment,07.07 Gas/diesel oil,EBal|2046,/mnt/c/Users/Work/github/leap_utilities/data/leap balances exports/20_USA/full model output all years 492026 TGT.xlsx,14_03_05_transportation_equipment,,Transportation equipment,Gas and diesel oil
20_USA,Target,,esto__Transportation_equipment,14_03_05_transportation_equipment,Transportation equipment,Gas/diesel oil,2047,0.9065661371012914,Energy Balance,Petajoule,Energy balance (PJ),,,14.03.05 Transportation equipment,07.07 Gas/diesel oil,EBal|2047,/mnt/c/Users/Work/github/leap_utilities/data/leap balances exports/20_USA/full model output all years 492026 TGT.xlsx,14_03_05_transportation_equipment,,Transportation equipment,Gas and diesel oil
20_USA,Target,,esto__Transportation_equipment,14_03_05_transportation_equipment,Transportation equipment,Gas/diesel oil,2048,0.8316645460787291,Energy Balance,Petajoule,Energy balance (PJ),,,14.03.05 Transportation equipment,07.07 Gas/diesel oil,EBal|2048,/mnt/c/Users/Work/github/leap_utilities/data/leap balances exports/20_USA/full model output all years 492026 TGT.xlsx,14_03_05_transportation_equipment,,Transportation equipment,Gas and diesel oil
20_USA,Target,,esto__Transportation_equipment,14_03_05_transportation_equipment,Transportation equipment,Gas/diesel oil,2049,0.7558173520633519,Energy Balance,Petajoule,Energy balance (PJ),,,14.03.05 Transportation equipment,07.07 Gas/diesel oil,EBal|2049,/mnt/c/Users/Work/github/leap_utilities/data/leap balances exports/20_USA/full model output all years 492026 TGT.xlsx,14_03_05_transportation_equipment,,Transportation equipment,Gas and diesel oil
20_USA,Target,,esto__Transportation_equipment,14_03_05_transportation_equipment,Transportation equipment,Gas/diesel oil,2050,0.6790878320703408,Energy Balance,Petajoule,Energy balance (PJ),,,14.03.05 Transportation equipment,07.07 Gas/diesel oil,EBal|2050,/mnt/c/Users/Work/github/leap_utilities/data/leap balances exports/20_USA/full model output all years 492026 TGT.xlsx,14_03_05_transportation_equipment,,Transportation equipment,Gas and diesel oil
20_USA,Target,,esto__Transportation_equipment,14_03_05_transportation_equipment,Transportation equipment,Gas/diesel oil,2051,0.6015381760386758,Energy Balance,Petajoule,Energy balance (PJ),,,14.03.05 Transportation equipment,07.07 Gas/diesel oil,EBal|2051,/mnt/c/Users/Work/github/leap_utilities/data/leap balances exports/20_USA/full model output all years 492026 TGT.xlsx,14_03_05_transportation_equipment,,Transportation equipment,Gas and diesel oil
20_USA,Target,,esto__Transportation_equipment,14_03_05_transportation_equipment,Transportation equipment,Gas/diesel oil,2052,0.5232295009774292,Energy Balance,Petajoule,Energy balance (PJ),,,14.03.05 Transportation equipment,07.07 Gas/diesel oil,EBal|2052,/mnt/c/Users/Work/github/leap_utilities/data/leap balances exports/20_USA/full model output all years 492026 TGT.xlsx,14_03_05_transportation_equipment,,Transportation equipment,Gas and diesel oil
20_USA,Target,,esto__Transportation_equipment,14_03_05_transportation_equipment,Transportation equipment,Gas/diesel oil,2053,0.44422186100242933,Energy Balance,Petajoule,Energy balance (PJ),,,14.03.05 Transportation equipment,07.07 Gas/diesel oil,EBal|2053,/mnt/c/Users/Work/github/leap_utilities/data/leap balances exports/20_USA/full model output all years 492026 TGT.xlsx,14_03_05_transportation_equipment,,Transportation equipment,Gas and diesel oil
20_USA,Target,,esto__Transportation_equipment,14_03_05_transportation_equipment,Transportation equipment,Gas/diesel oil,2054,0.36457426202245147,Energy Balance,Petajoule,Energy balance (PJ),,,14.03.05 Transportation equipment,07.07 Gas/diesel oil,EBal|2054,/mnt/c/Users/Work/github/leap_utilities/data/leap balances exports/20_USA/full model output all years 492026 TGT.xlsx,14_03_05_transportation_equipment,,Transportation equipment,Gas and diesel oil
20_USA,Target,,esto__Transportation_equipment,14_03_05_transportation_equipment,Transportation equipment,Gas/diesel oil,2055,0.2843446739905019,Energy Balance,Petajoule,Energy balance (PJ),,,14.03.05 Transportation equipment,07.07 Gas/diesel oil,EBal|2055,/mnt/c/Users/Work/github/leap_utilities/data/leap balances exports/20_USA/full model output all years 492026 TGT.xlsx,14_03_05_transportation_equipment,,Transportation equipment,Gas and diesel oil
20_USA,Target,,esto__Transportation_equipment,14_03_05_transportation_equipment,Transportation equipment,Gas/diesel oil,2056,0.20359004099865638,Energy Balance,Petajoule,Energy balance (PJ),,,14.03.05 Transportation equipment,07.07 Gas/diesel oil,EBal|2056,/mnt/c/Users/Work/github/leap_utilities/data/leap balances exports/20_USA/full model output all years 492026 TGT.xlsx,14_03_05_transportation_equipment,,Transportation equipment,Gas and diesel oil
20_USA,Target,,esto__Transportation_equipment,14_03_05_transportation_equipment,Transportation equipment,Gas/diesel oil,2057,0.12236629699549617,Energy Balance,Petajoule,Energy balance (PJ),,,14.03.05 Transportation equipment,07.07 Gas/diesel oil,EBal|2057,/mnt/c/Users/Work/github/leap_utilities/data/leap balances exports/20_USA/full model output all years 492026 TGT.xlsx,14_03_05_transportation_equipment,,Transportation equipment,Gas and diesel oil
20_USA,Target,,esto__Transportation_equipment,14_03_05_transportation_equipment,Transportation equipment,Gas/diesel oil,2058,0.040728375003817964,Energy Balance,Petajoule,Energy balance (PJ),,,14.03.05 Transportation equipment,07.07 Gas/diesel oil,EBal|2058,/mnt/c/Users/Work/github/leap_utilities/data/leap balances exports/20_USA/full model output all years 492026 TGT.xlsx,14_03_05_transportation_equipment,,Transportation equipment,Gas and diesel oil
20_USA,Reference,,esto__Transportation_equipment,14_03_05_transportation_equipment,Transportation equipment,Heat,2022,4.373487483794009,Energy Balance,Petajoule,Energy balance (PJ),,18_heat,14.03.05 Transportation equipment,18 Heat,EBal|2022,/mnt/c/Users/Work/github/leap_utilities/data/leap balances exports/20_USA/full model output all years 492026 REF.xlsx,14_03_05_transportation_equipment,18_heat,Transportation equipment,Heat
20_USA,Reference,,esto__Transportation_equipment,14_03_05_transportation_equipment,Transportation equipment,Heat,2023,4.412614051306849,Energy Balance,Petajoule,Energy balance (PJ),,18_heat,14.03.05 Transportation equipment,18 Heat,EBal|2023,/mnt/c/Users/Work/github/leap_utilities/data/leap balances exports/20_USA/full model output all years 492026 REF.xlsx,14_03_05_transportation_equipment,18_heat,Transportation equipment,Heat
20_USA,Reference,,esto__Transportation_equipment,14_03_05_transportation_equipment,Transportation equipment,Heat,2024,4.499562762443783,Energy Balance,Petajoule,Energy balance (PJ),,18_heat,14.03.05 Transportation equipment,18 Heat,EBal|2024,/mnt/c/Users/Work/github/leap_utilities/data/leap balances exports/20_USA/full model output all years 492026 REF.xlsx,14_03_05_transportation_equipment,18_heat,Transportation equipment,Heat
20_USA,Reference,,esto__Transportation_equipment,14_03_05_transportation_equipment,Transportation equipment,Heat,2025,4.564579278670567,Energy Balance,Petajoule,Energy balance (PJ),,18_heat,14.03.05 Transportation equipment,18 Heat,EBal|2025,/mnt/c/Users/Work/github/leap_utilities/data/leap balances exports/20_USA/full model output all years 492026 REF.xlsx,14_03_05_transportation_equipment,18_heat,Transportation equipment,Heat
20_USA,Reference,,esto__Transportation_equipment,14_03_05_transportation_equipment,Transportation equipment,Heat,2026,4.627679804869821,Energy Balance,Petajoule,Energy balance (PJ),,18_heat,14.03.05 Transportation equipment,18 Heat,EBal|2026,/mnt/c/Users/Work/github/leap_utilities/data/leap balances exports/20_USA/full model output all years 492026 REF.xlsx,14_03_05_transportation_equipment,18_heat,Transportation equipment,Heat
20_USA,Reference,,esto__Transportation_equipment,14_03_05_transportation_equipment,Transportation equipment,Heat,2027,4.688887644150722,Energy Balance,Petajoule,Energy balance (PJ),,18_heat,14.03.05 Transportation equipment,18 Heat,EBal|2027,/mnt/c/Users/Work/github/leap_utilities/data/leap balances exports/20_USA/full model output all years 492026 REF.xlsx,14_03_05_transportation_equipment,18_heat,Transportation equipment,Heat
20_USA,Reference,,esto__Transportation_equipment,14_03_05_transportation_equipment,Transportation equipment,Heat,2028,4.748225881468072,Energy Balance,Petajoule,Energy balance (PJ),,18_heat,14.03.05 Transportation equipment,18 Heat,EBal|2028,/mnt/c/Users/Work/github/leap_utilities/data/leap balances exports/20_USA/full model output all years 492026 REF.xlsx,14_03_05_transportation_equipment,18_heat,Transportation equipment,Heat
20_USA,Reference,,esto__Transportation_equipment,14_03_05_transportation_equipment,Transportation equipment,Heat,2029,4.8057173955245345,Energy Balance,Petajoule,Energy balance (PJ),,18_heat,14.03.05 Transportation equipment,18 Heat,EBal|2029,/mnt/c/Users/Work/github/leap_utilities/data/leap balances exports/20_USA/full model output all years 492026 REF.xlsx,14_03_05_transportation_equipment,18_heat,Transportation equipment,Heat
20_USA,Reference,,esto__Transportation_equipment,14_03_05_transportation_equipment,Transportation equipment,Heat,2030,4.861384848401935,Energy Balance,Petajoule,Energy balance (PJ),,18_heat,14.03.05 Transportation equipment,18 Heat,EBal|2030,/mnt/c/Users/Work/github/leap_utilities/data/leap balances exports/20_USA/full model output all years 492026 REF.xlsx,14_03_05_transportation_equipment,18_heat,Transportation equipment,Heat
20_USA,Reference,,esto__Transportation_equipment,14_03_05_transportation_equipment,Transportation equipment,Heat,2031,4.915250694878182,Energy Balance,Petajoule,Energy balance (PJ),,18_heat,14.03.05 Transportation equipment,18 Heat,EBal|2031,/mnt/c/Users/Work/github/leap_utilities/data/leap balances exports/20_USA/full model output all years 492026 REF.xlsx,14_03_05_transportation_equipment,18_heat,Transportation equipment,Heat
20_USA,Reference,,esto__Transportation_equipment,14_03_05_transportation_equipment,Transportation equipment,Heat,2032,4.967337184249271,Energy Balance,Petajoule,Energy balance (PJ),,18_heat,14.03.05 Transportation equipment,18 Heat,EBal|2032,/mnt/c/Users/Work/github/leap_utilities/data/leap balances exports/20_USA/full model output all years 492026 REF.xlsx,14_03_05_transportation_equipment,18_heat,Transportation equipment,Heat
20_USA,Reference,,esto__Transportation_equipment,14_03_05_transportation_equipment,Transportation equipment,Heat,2033,5.017666358690132,Energy Balance,Petajoule,Energy balance (PJ),,18_heat,14.03.05 Transportation equipment,18 Heat,EBal|2033,/mnt/c/Users/Work/github/leap_utilities/data/leap balances exports/20_USA/full model output all years 492026 REF.xlsx,14_03_05_transportation_equipment,18_heat,Transportation equipment,Heat
20_USA,Reference,,esto__Transportation_equipment,14_03_05_transportation_equipment,Transportation equipment,Heat,2034,5.066260059010951,Energy Balance,Petajoule,Energy balance (PJ),,18_heat,14.03.05 Transportation equipment,18 Heat,EBal|2034,/mnt/c/Users/Work/github/leap_utilities/data/leap balances exports/20_USA/full model output all years 492026 REF.xlsx,14_03_05_transportation_equipment,18_heat,Transportation equipment,Heat
20_USA,Reference,,esto__Transportation_equipment,14_03_05_transportation_equipment,Transportation equipment,Heat,2035,5.113139919198693,Energy Balance,Petajoule,Energy balance (PJ),,18_heat,14.03.05 Transportation equipment,18 Heat,EBal|2035,/mnt/c/Users/Work/github/leap_utilities/data/leap balances exports/20_USA/full model output all years 492026 REF.xlsx,14_03_05_transportation_equipment,18_heat,Transportation equipment,Heat
20_USA,Reference,,esto__Transportation_equipment,14_03_05_transportation_equipment,Transportation equipment,Heat,2036,5.1583273762756745,Energy Balance,Petajoule,Energy balance (PJ),,18_heat,14.03.05 Transportation equipment,18 Heat,EBal|2036,/mnt/c/Users/Work/github/leap_utilities/data/leap balances exports/20_USA/full model output all years 492026 REF.xlsx,14_03_05_transportation_equipment,18_heat,Transportation equipment,Heat
20_USA,Reference,,esto__Transportation_equipment,14_03_05_transportation_equipment,Transportation equipment,Heat,2037,5.201843667315338,Energy Balance,Petajoule,Energy balance (PJ),,18_heat,14.03.05 Transportation equipment,18 Heat,EBal|2037,/mnt/c/Users/Work/github/leap_utilities/data/leap balances exports/20_USA/full model output all years 492026 REF.xlsx,14_03_05_transportation_equipment,18_heat,Transportation equipment,Heat
20_USA,Reference,,esto__Transportation_equipment,14_03_05_transportation_equipment,Transportation equipment,Heat,2038,5.243709829659305,Energy Balance,Petajoule,Energy balance (PJ),,18_heat,14.03.05 Transportation equipment,18 Heat,EBal|2038,/mnt/c/Users/Work/github/leap_utilities/data/leap balances exports/20_USA/full model output all years 492026 REF.xlsx,14_03_05_transportation_equipment,18_heat,Transportation equipment,Heat
20_USA,Reference,,esto__Transportation_equipment,14_03_05_transportation_equipment,Transportation equipment,Heat,2039,5.28394671013331,Energy Balance,Petajoule,Energy balance (PJ),,18_heat,14.03.05 Transportation equipment,18 Heat,EBal|2039,/mnt/c/Users/Work/github/leap_utilities/data/leap balances exports/20_USA/full model output all years 492026 REF.xlsx,14_03_05_transportation_equipment,18_heat,Transportation equipment,Heat
20_USA,Reference,,esto__Transportation_equipment,14_03_05_transportation_equipment,Transportation equipment,Heat,2040,5.3225749535304985,Energy Balance,Petajoule,Energy balance (PJ),,18_heat,14.03.05 Transportation equipment,18 Heat,EBal|2040,/mnt/c/Users/Work/github/leap_utilities/data/leap balances exports/20_USA/full model output all years 492026 REF.xlsx,14_03_05_transportation_equipment,18_heat,Transportation equipment,Heat
20_USA,Reference,,esto__Transportation_equipment,14_03_05_transportation_equipment,Transportation equipment,Heat,2041,5.359615020198668,Energy Balance,Petajoule,Energy balance (PJ),,18_heat,14.03.05 Transportation equipment,18 Heat,EBal|2041,/mnt/c/Users/Work/github/leap_utilities/data/leap balances exports/20_USA/full model output all years 492026 REF.xlsx,14_03_05_transportation_equipment,18_heat,Transportation equipment,Heat
20_USA,Reference,,esto__Transportation_equipment,14_03_05_transportation_equipment,Transportation equipment,Heat,2042,5.395087172645632,Energy Balance,Petajoule,Energy balance (PJ),,18_heat,14.03.05 Transportation equipment,18 Heat,EBal|2042,/mnt/c/Users/Work/github/leap_utilities/data/leap balances exports/20_USA/full model output all years 492026 REF.xlsx,14_03_05_transportation_equipment,18_heat,Transportation equipment,Heat
20_USA,Reference,,esto__Transportation_equipment,14_03_05_transportation_equipment,Transportation equipment,Heat,2043,5.429011488368662,Energy Balance,Petajoule,Energy balance (PJ),,18_heat,14.03.05 Transportation equipment,18 Heat,EBal|2043,/mnt/c/Users/Work/github/leap_utilities/data/leap balances exports/20_USA/full model output all years 492026 REF.xlsx,14_03_05_transportation_equipment,18_heat,Transportation equipment,Heat
20_USA,Reference,,esto__Transportation_equipment,14_03_05_transportation_equipment,Transportation equipment,Heat,2044,5.461407852474768,Energy Balance,Petajoule,Energy balance (PJ),,18_heat,14.03.05 Transportation equipment,18 Heat,EBal|2044,/mnt/c/Users/Work/github/leap_utilities/data/leap balances exports/20_USA/full model output all years 492026 REF.xlsx,14_03_05_transportation_equipment,18_heat,Transportation equipment,Heat
20_USA,Reference,,esto__Transportation_equipment,14_03_05_transportation_equipment,Transportation equipment,Heat,2045,5.492295967163851,Energy Balance,Petajoule,Energy balance (PJ),,18_heat,14.03.05 Transportation equipment,18 Heat,EBal|2045,/mnt/c/Users/Work/github/leap_utilities/data/leap balances exports/20_USA/full model output all years 492026 REF.xlsx,14_03_05_transportation_equipment,18_heat,Transportation equipment,Heat
20_USA,Reference,,esto__Transportation_equipment,14_03_05_transportation_equipment,Transportation equipment,Heat,2046,5.521695344974592,Energy Balance,Petajoule,Energy balance (PJ),,18_heat,14.03.05 Transportation equipment,18 Heat,EBal|2046,/mnt/c/Users/Work/github/leap_utilities/data/leap balances exports/20_USA/full model output all years 492026 REF.xlsx,14_03_05_transportation_equipment,18_heat,Transportation equipment,Heat
20_USA,Reference,,esto__Transportation_equipment,14_03_05_transportation_equipment,Transportation equipment,Heat,2047,5.549625320378142,Energy Balance,Petajoule,Energy balance (PJ),,18_heat,14.03.05 Transportation equipment,18 Heat,EBal|2047,/mnt/c/Users/Work/github/leap_utilities/data/leap balances exports/20_USA/full model output all years 492026 REF.xlsx,14_03_05_transportation_equipment,18_heat,Transportation equipment,Heat
20_USA,Reference,,esto__Transportation_equipment,14_03_05_transportation_equipment,Transportation equipment,Heat,2048,5.576105044537624,Energy Balance,Petajoule,Energy balance (PJ),,18_heat,14.03.05 Transportation equipment,18 Heat,EBal|2048,/mnt/c/Users/Work/github/leap_utilities/data/leap balances exports/20_USA/full model output all years 492026 REF.xlsx,14_03_05_transportation_equipment,18_heat,Transportation equipment,Heat
20_USA,Reference,,esto__Transportation_equipment,14_03_05_transportation_equipment,Transportation equipment,Heat,2049,5.601153481486852,Energy Balance,Petajoule,Energy balance (PJ),,18_heat,14.03.05 Transportation equipment,18 Heat,EBal|2049,/mnt/c/Users/Work/github/leap_utilities/data/leap balances exports/20_USA/full model output all years 492026 REF.xlsx,14_03_05_transportation_equipment,18_heat,Transportation equipment,Heat
20_USA,Reference,,esto__Transportation_equipment,14_03_05_transportation_equipment,Transportation equipment,Heat,2050,5.624789424577096,Energy Balance,Petajoule,Energy balance (PJ),,18_heat,14.03.05 Transportation equipment,18 Heat,EBal|2050,/mnt/c/Users/Work/github/leap_utilities/data/leap balances exports/20_USA/full model output all years 492026 REF.xlsx,14_03_05_transportation_equipment,18_heat,Transportation equipment,Heat
20_USA,Reference,,esto__Transportation_equipment,14_03_05_transportation_equipment,Transportation equipment,Heat,2051,5.6470314833963196,Energy Balance,Petajoule,Energy balance (PJ),,18_heat,14.03.05 Transportation equipment,18 Heat,EBal|2051,/mnt/c/Users/Work/github/leap_utilities/data/leap balances exports/20_USA/full model output all years 492026 REF.xlsx,14_03_05_transportation_equipment,18_heat,Transportation equipment,Heat
20_USA,Reference,,esto__Transportation_equipment,14_03_05_transportation_equipment,Transportation equipment,Heat,2052,5.66789809496161,Energy Balance,Petajoule,Energy balance (PJ),,18_heat,14.03.05 Transportation equipment,18 Heat,EBal|2052,/mnt/c/Users/Work/github/leap_utilities/data/leap balances exports/20_USA/full model output all years 492026 REF.xlsx,14_03_05_transportation_equipment,18_heat,Transportation equipment,Heat
20_USA,Reference,,esto__Transportation_equipment,14_03_05_transportation_equipment,Transportation equipment,Heat,2053,5.68740751802532,Energy Balance,Petajoule,Energy balance (PJ),,18_heat,14.03.05 Transportation equipment,18 Heat,EBal|2053,/mnt/c/Users/Work/github/leap_utilities/data/leap balances exports/20_USA/full model output all years 492026 REF.xlsx,14_03_05_transportation_equipment,18_heat,Transportation equipment,Heat
20_USA,Reference,,esto__Transportation_equipment,14_03_05_transportation_equipment,Transportation equipment,Heat,2054,5.7055778411256926,Energy Balance,Petajoule,Energy balance (PJ),,18_heat,14.03.05 Transportation equipment,18 Heat,EBal|2054,/mnt/c/Users/Work/github/leap_utilities/data/leap balances exports/20_USA/full model output all years 492026 REF.xlsx,14_03_05_transportation_equipment,18_heat,Transportation equipment,Heat
20_USA,Reference,,esto__Transportation_equipment,14_03_05_transportation_equipment,Transportation equipment,Heat,2055,5.722426980012051,Energy Balance,Petajoule,Energy balance (PJ),,18_heat,14.03.05 Transportation equipment,18 Heat,EBal|2055,/mnt/c/Users/Work/github/leap_utilities/data/leap balances exports/20_USA/full model output all years 492026 REF.xlsx,14_03_05_transportation_equipment,18_heat,Transportation equipment,Heat
20_USA,Reference,,esto__Transportation_equipment,14_03_05_transportation_equipment,Transportation equipment,Heat,2056,5.737972674955286,Energy Balance,Petajoule,Energy balance (PJ),,18_heat,14.03.05 Transportation equipment,18 Heat,EBal|2056,/mnt/c/Users/Work/github/leap_utilities/data/leap balances exports/20_USA/full model output all years 492026 REF.xlsx,14_03_05_transportation_equipment,18_heat,Transportation equipment,Heat
20_USA,Reference,,esto__Transportation_equipment,14_03_05_transportation_equipment,Transportation equipment,Heat,2057,5.752232503794369,Energy Balance,Petajoule,Energy balance (PJ),,18_heat,14.03.05 Transportation equipment,18 Heat,EBal|2057,/mnt/c/Users/Work/github/leap_utilities/data/leap balances exports/20_USA/full model output all years 492026 REF.xlsx,14_03_05_transportation_equipment,18_heat,Transportation equipment,Heat
20_USA,Reference,,esto__Transportation_equipment,14_03_05_transportation_equipment,Transportation equipment,Heat,2058,5.765223873531616,Energy Balance,Petajoule,Energy balance (PJ),,18_heat,14.03.05 Transportation equipment,18 Heat,EBal|2058,/mnt/c/Users/Work/github/leap_utilities/data/leap balances exports/20_USA/full model output all years 492026 REF.xlsx,14_03_05_transportation_equipment,18_heat,Transportation equipment,Heat
20_USA,Reference,,esto__Transportation_equipment,14_03_05_transportation_equipment,Transportation equipment,Heat,2059,5.772612521743203,Energy Balance,Petajoule,Energy balance (PJ),,18_heat,14.03.05 Transportation equipment,18 Heat,EBal|2059,/mnt/c/Users/Work/github/leap_utilities/data/leap balances exports/20_USA/full model output all years 492026 REF.xlsx,14_03_05_transportation_equipment,18_heat,Transportation equipment,Heat
20_USA,Reference,,esto__Transportation_equipment,14_03_05_transportation_equipment,Transportation equipment,Heat,2060,5.783110611841343,Energy Balance,Petajoule,Energy balance (PJ),,18_heat,14.03.05 Transportation equipment,18 Heat,EBal|2060,/mnt/c/Users/Work/github/leap_utilities/data/leap balances exports/20_USA/full model output all years 492026 REF.xlsx,14_03_05_transportation_equipment,18_heat,Transportation equipment,Heat
20_USA,Target,,esto__Transportation_equipment,14_03_05_transportation_equipment,Transportation equipment,Heat,2022,4.373487483794009,Energy Balance,Petajoule,Energy balance (PJ),,18_heat,14.03.05 Transportation equipment,18 Heat,EBal|2022,/mnt/c/Users/Work/github/leap_utilities/data/leap balances exports/20_USA/full model output all years 492026 TGT.xlsx,14_03_05_transportation_equipment,18_heat,Transportation equipment,Heat
20_USA,Target,,esto__Transportation_equipment,14_03_05_transportation_equipment,Transportation equipment,Heat,2023,4.4126140525276,Energy Balance,Petajoule,Energy balance (PJ),,18_heat,14.03.05 Transportation equipment,18 Heat,EBal|2023,/mnt/c/Users/Work/github/leap_utilities/data/leap balances exports/20_USA/full model output all years 492026 TGT.xlsx,14_03_05_transportation_equipment,18_heat,Transportation equipment,Heat
20_USA,Target,,esto__Transportation_equipment,14_03_05_transportation_equipment,Transportation equipment,Heat,2024,4.499562762443783,Energy Balance,Petajoule,Energy balance (PJ),,18_heat,14.03.05 Transportation equipment,18 Heat,EBal|2024,/mnt/c/Users/Work/github/leap_utilities/data/leap balances exports/20_USA/full model output all years 492026 TGT.xlsx,14_03_05_transportation_equipment,18_heat,Transportation equipment,Heat
20_USA,Target,,esto__Transportation_equipment,14_03_05_transportation_equipment,Transportation equipment,Heat,2025,4.564579277449777,Energy Balance,Petajoule,Energy balance (PJ),,18_heat,14.03.05 Transportation equipment,18 Heat,EBal|2025,/mnt/c/Users/Work/github/leap_utilities/data/leap balances exports/20_USA/full model output all years 492026 TGT.xlsx,14_03_05_transportation_equipment,18_heat,Transportation equipment,Heat
20_USA,Target,,esto__Transportation_equipment,14_03_05_transportation_equipment,Transportation equipment,Heat,2026,4.627679803650568,Energy Balance,Petajoule,Energy balance (PJ),,18_heat,14.03.05 Transportation equipment,18 Heat,EBal|2026,/mnt/c/Users/Work/github/leap_utilities/data/leap balances exports/20_USA/full model output all years 492026 TGT.xlsx,14_03_05_transportation_equipment,18_heat,Transportation equipment,Heat
20_USA,Target,,esto__Transportation_equipment,14_03_05_transportation_equipment,Transportation equipment,Heat,2027,4.688887644150722,Energy Balance,Petajoule,Energy balance (PJ),,18_heat,14.03.05 Transportation equipment,18 Heat,EBal|2027,/mnt/c/Users/Work/github/leap_utilities/data/leap balances exports/20_USA/full model output all years 492026 TGT.xlsx,14_03_05_transportation_equipment,18_heat,Transportation equipment,Heat
20_USA,Target,,esto__Transportation_equipment,14_03_05_transportation_equipment,Transportation equipment,Heat,2028,4.748225881468072,Energy Balance,Petajoule,Energy balance (PJ),,18_heat,14.03.05 Transportation equipment,18 Heat,EBal|2028,/mnt/c/Users/Work/github/leap_utilities/data/leap balances exports/20_USA/full model output all years 492026 TGT.xlsx,14_03_05_transportation_equipment,18_heat,Transportation equipment,Heat
20_USA,Target,,esto__Transportation_equipment,14_03_05_transportation_equipment,Transportation equipment,Heat,2029,4.8057173955245345,Energy Balance,Petajoule,Energy balance (PJ),,18_heat,14.03.05 Transportation equipment,18 Heat,EBal|2029,/mnt/c/Users/Work/github/leap_utilities/data/leap balances exports/20_USA/full model output all years 492026 TGT.xlsx,14_03_05_transportation_equipment,18_heat,Transportation equipment,Heat
20_USA,Target,,esto__Transportation_equipment,14_03_05_transportation_equipment,Transportation equipment,Heat,2030,4.861384848401935,Energy Balance,Petajoule,Energy balance (PJ),,18_heat,14.03.05 Transportation equipment,18 Heat,EBal|2030,/mnt/c/Users/Work/github/leap_utilities/data/leap balances exports/20_USA/full model output all years 492026 TGT.xlsx,14_03_05_transportation_equipment,18_heat,Transportation equipment,Heat
20_USA,Target,,esto__Transportation_equipment,14_03_05_transportation_equipment,Transportation equipment,Heat,2031,4.915250694878182,Energy Balance,Petajoule,Energy balance (PJ),,18_heat,14.03.05 Transportation equipment,18 Heat,EBal|2031,/mnt/c/Users/Work/github/leap_utilities/data/leap balances exports/20_USA/full model output all years 492026 TGT.xlsx,14_03_05_transportation_equipment,18_heat,Transportation equipment,Heat
20_USA,Target,,esto__Transportation_equipment,14_03_05_transportation_equipment,Transportation equipment,Heat,2032,4.967337184249271,Energy Balance,Petajoule,Energy balance (PJ),,18_heat,14.03.05 Transportation equipment,18 Heat,EBal|2032,/mnt/c/Users/Work/github/leap_utilities/data/leap balances exports/20_USA/full model output all years 492026 TGT.xlsx,14_03_05_transportation_equipment,18_heat,Transportation equipment,Heat
20_USA,Target,,esto__Transportation_equipment,14_03_05_transportation_equipment,Transportation equipment,Heat,2033,5.017666358690132,Energy Balance,Petajoule,Energy balance (PJ),,18_heat,14.03.05 Transportation equipment,18 Heat,EBal|2033,/mnt/c/Users/Work/github/leap_utilities/data/leap balances exports/20_USA/full model output all years 492026 TGT.xlsx,14_03_05_transportation_equipment,18_heat,Transportation equipment,Heat
20_USA,Target,,esto__Transportation_equipment,14_03_05_transportation_equipment,Transportation equipment,Heat,2034,5.066260059010951,Energy Balance,Petajoule,Energy balance (PJ),,18_heat,14.03.05 Transportation equipment,18 Heat,EBal|2034,/mnt/c/Users/Work/github/leap_utilities/data/leap balances exports/20_USA/full model output all years 492026 TGT.xlsx,14_03_05_transportation_equipment,18_heat,Transportation equipment,Heat
20_USA,Target,,esto__Transportation_equipment,14_03_05_transportation_equipment,Transportation equipment,Heat,2035,5.113139919198693,Energy Balance,Petajoule,Energy balance (PJ),,18_heat,14.03.05 Transportation equipment,18 Heat,EBal|2035,/mnt/c/Users/Work/github/leap_utilities/data/leap balances exports/20_USA/full model output all years 492026 TGT.xlsx,14_03_05_transportation_equipment,18_heat,Transportation equipment,Heat
20_USA,Target,,esto__Transportation_equipment,14_03_05_transportation_equipment,Transportation equipment,Heat,2036,5.1583273762756745,Energy Balance,Petajoule,Energy balance (PJ),,18_heat,14.03.05 Transportation equipment,18 Heat,EBal|2036,/mnt/c/Users/Work/github/leap_utilities/data/leap balances exports/20_USA/full model output all years 492026 TGT.xlsx,14_03_05_transportation_equipment,18_heat,Transportation equipment,Heat
20_USA,Target,,esto__Transportation_equipment,14_03_05_transportation_equipment,Transportation equipment,Heat,2037,5.201843666086547,Energy Balance,Petajoule,Energy balance (PJ),,18_heat,14.03.05 Transportation equipment,18 Heat,EBal|2037,/mnt/c/Users/Work/github/leap_utilities/data/leap balances exports/20_USA/full model output all years 492026 TGT.xlsx,14_03_05_transportation_equipment,18_heat,Transportation equipment,Heat
20_USA,Target,,esto__Transportation_equipment,14_03_05_transportation_equipment,Transportation equipment,Heat,2038,5.243709829659305,Energy Balance,Petajoule,Energy balance (PJ),,18_heat,14.03.05 Transportation equipment,18 Heat,EBal|2038,/mnt/c/Users/Work/github/leap_utilities/data/leap balances exports/20_USA/full model output all years 492026 TGT.xlsx,14_03_05_transportation_equipment,18_heat,Transportation equipment,Heat
20_USA,Target,,esto__Transportation_equipment,14_03_05_transportation_equipment,Transportation equipment,Heat,2039,5.283946708902567,Energy Balance,Petajoule,Energy balance (PJ),,18_heat,14.03.05 Transportation equipment,18 Heat,EBal|2039,/mnt/c/Users/Work/github/leap_utilities/data/leap balances exports/20_USA/full model output all years 492026 TGT.xlsx,14_03_05_transportation_equipment,18_heat,Transportation equipment,Heat
20_USA,Target,,esto__Transportation_equipment,14_03_05_transportation_equipment,Transportation equipment,Heat,2040,5.3225749535304985,Energy Balance,Petajoule,Energy balance (PJ),,18_heat,14.03.05 Transportation equipment,18 Heat,EBal|2040,/mnt/c/Users/Work/github/leap_utilities/data/leap balances exports/20_USA/full model output all years 492026 TGT.xlsx,14_03_05_transportation_equipment,18_heat,Transportation equipment,Heat
20_USA,Target,,esto__Transportation_equipment,14_03_05_transportation_equipment,Transportation equipment,Heat,2041,5.359615020198668,Energy Balance,Petajoule,Energy balance (PJ),,18_heat,14.03.05 Transportation equipment,18 Heat,EBal|2041,/mnt/c/Users/Work/github/leap_utilities/data/leap balances exports/20_USA/full model output all years 492026 TGT.xlsx,14_03_05_transportation_equipment,18_heat,Transportation equipment,Heat
20_USA,Target,,esto__Transportation_equipment,14_03_05_transportation_equipment,Transportation equipment,Heat,2042,5.395087172645632,Energy Balance,Petajoule,Energy balance (PJ),,18_heat,14.03.05 Transportation equipment,18 Heat,EBal|2042,/mnt/c/Users/Work/github/leap_utilities/data/leap balances exports/20_USA/full model output all years 492026 TGT.xlsx,14_03_05_transportation_equipment,18_heat,Transportation equipment,Heat
20_USA,Target,,esto__Transportation_equipment,14_03_05_transportation_equipment,Transportation equipment,Heat,2043,5.429011488368662,Energy Balance,Petajoule,Energy balance (PJ),,18_heat,14.03.05 Transportation equipment,18 Heat,EBal|2043,/mnt/c/Users/Work/github/leap_utilities/data/leap balances exports/20_USA/full model output all years 492026 TGT.xlsx,14_03_05_transportation_equipment,18_heat,Transportation equipment,Heat
20_USA,Target,,esto__Transportation_equipment,14_03_05_transportation_equipment,Transportation equipment,Heat,2044,5.461407852474768,Energy Balance,Petajoule,Energy balance (PJ),,18_heat,14.03.05 Transportation equipment,18 Heat,EBal|2044,/mnt/c/Users/Work/github/leap_utilities/data/leap balances exports/20_USA/full model output all years 492026 TGT.xlsx,14_03_05_transportation_equipment,18_heat,Transportation equipment,Heat
20_USA,Target,,esto__Transportation_equipment,14_03_05_transportation_equipment,Transportation equipment,Heat,2045,5.492295965925905,Energy Balance,Petajoule,Energy balance (PJ),,18_heat,14.03.05 Transportation equipment,18 Heat,EBal|2045,/mnt/c/Users/Work/github/leap_utilities/data/leap balances exports/20_USA/full model output all years 492026 TGT.xlsx,14_03_05_transportation_equipment,18_heat,Transportation equipment,Heat
20_USA,Target,,esto__Transportation_equipment,14_03_05_transportation_equipment,Transportation equipment,Heat,2046,5.521695344974592,Energy Balance,Petajoule,Energy balance (PJ),,18_heat,14.03.05 Transportation equipment,18 Heat,EBal|2046,/mnt/c/Users/Work/github/leap_utilities/data/leap balances exports/20_USA/full model output all years 492026 TGT.xlsx,14_03_05_transportation_equipment,18_heat,Transportation equipment,Heat
20_USA,Target,,esto__Transportation_equipment,14_03_05_transportation_equipment,Transportation equipment,Heat,2047,5.549625321608794,Energy Balance,Petajoule,Energy balance (PJ),,18_heat,14.03.05 Transportation equipment,18 Heat,EBal|2047,/mnt/c/Users/Work/github/leap_utilities/data/leap balances exports/20_USA/full model output all years 492026 TGT.xlsx,14_03_05_transportation_equipment,18_heat,Transportation equipment,Heat
20_USA,Target,,esto__Transportation_equipment,14_03_05_transportation_equipment,Transportation equipment,Heat,2048,5.576105044537624,Energy Balance,Petajoule,Energy balance (PJ),,18_heat,14.03.05 Transportation equipment,18 Heat,EBal|2048,/mnt/c/Users/Work/github/leap_utilities/data/leap balances exports/20_USA/full model output all years 492026 TGT.xlsx,14_03_05_transportation_equipment,18_heat,Transportation equipment,Heat
20_USA,Target,,esto__Transportation_equipment,14_03_05_transportation_equipment,Transportation equipment,Heat,2049,5.601153481486852,Energy Balance,Petajoule,Energy balance (PJ),,18_heat,14.03.05 Transportation equipment,18 Heat,EBal|2049,/mnt/c/Users/Work/github/leap_utilities/data/leap balances exports/20_USA/full model output all years 492026 TGT.xlsx,14_03_05_transportation_equipment,18_heat,Transportation equipment,Heat
20_USA,Target,,esto__Transportation_equipment,14_03_05_transportation_equipment,Transportation equipment,Heat,2050,5.624789424577096,Energy Balance,Petajoule,Energy balance (PJ),,18_heat,14.03.05 Transportation equipment,18 Heat,EBal|2050,/mnt/c/Users/Work/github/leap_utilities/data/leap balances exports/20_USA/full model output all years 492026 TGT.xlsx,14_03_05_transportation_equipment,18_heat,Transportation equipment,Heat
20_USA,Target,,esto__Transportation_equipment,14_03_05_transportation_equipment,Transportation equipment,Heat,2051,5.6470314833963196,Energy Balance,Petajoule,Energy balance (PJ),,18_heat,14.03.05 Transportation equipment,18 Heat,EBal|2051,/mnt/c/Users/Work/github/leap_utilities/data/leap balances exports/20_USA/full model output all years 492026 TGT.xlsx,14_03_05_transportation_equipment,18_heat,Transportation equipment,Heat
20_USA,Target,,esto__Transportation_equipment,14_03_05_transportation_equipment,Transportation equipment,Heat,2052,5.667898093741565,Energy Balance,Petajoule,Energy balance (PJ),,18_heat,14.03.05 Transportation equipment,18 Heat,EBal|2052,/mnt/c/Users/Work/github/leap_utilities/data/leap balances exports/20_USA/full model output all years 492026 TGT.xlsx,14_03_05_transportation_equipment,18_heat,Transportation equipment,Heat
20_USA,Target,,esto__Transportation_equipment,14_03_05_transportation_equipment,Transportation equipment,Heat,2053,5.68740751802532,Energy Balance,Petajoule,Energy balance (PJ),,18_heat,14.03.05 Transportation equipment,18 Heat,EBal|2053,/mnt/c/Users/Work/github/leap_utilities/data/leap balances exports/20_USA/full model output all years 492026 TGT.xlsx,14_03_05_transportation_equipment,18_heat,Transportation equipment,Heat
20_USA,Target,,esto__Transportation_equipment,14_03_05_transportation_equipment,Transportation equipment,Heat,2054,5.70557784234875,Energy Balance,Petajoule,Energy balance (PJ),,18_heat,14.03.05 Transportation equipment,18 Heat,EBal|2054,/mnt/c/Users/Work/github/leap_utilities/data/leap balances exports/20_USA/full model output all years 492026 TGT.xlsx,14_03_05_transportation_equipment,18_heat,Transportation equipment,Heat
20_USA,Target,,esto__Transportation_equipment,14_03_05_transportation_equipment,Transportation equipment,Heat,2055,5.722426978796829,Energy Balance,Petajoule,Energy balance (PJ),,18_heat,14.03.05 Transportation equipment,18 Heat,EBal|2055,/mnt/c/Users/Work/github/leap_utilities/data/leap balances exports/20_USA/full model output all years 492026 TGT.xlsx,14_03_05_transportation_equipment,18_heat,Transportation equipment,Heat
20_USA,Target,,esto__Transportation_equipment,14_03_05_transportation_equipment,Transportation equipment,Heat,2056,5.737972674955286,Energy Balance,Petajoule,Energy balance (PJ),,18_heat,14.03.05 Transportation equipment,18 Heat,EBal|2056,/mnt/c/Users/Work/github/leap_utilities/data/leap balances exports/20_USA/full model output all years 492026 TGT.xlsx,14_03_05_transportation_equipment,18_heat,Transportation equipment,Heat
20_USA,Target,,esto__Transportation_equipment,14_03_05_transportation_equipment,Transportation equipment,Heat,2057,5.752232503794369,Energy Balance,Petajoule,Energy balance (PJ),,18_heat,14.03.05 Transportation equipment,18 Heat,EBal|2057,/mnt/c/Users/Work/github/leap_utilities/data/leap balances exports/20_USA/full model output all years 492026 TGT.xlsx,14_03_05_transportation_equipment,18_heat,Transportation equipment,Heat
20_USA,Target,,esto__Transportation_equipment,14_03_05_transportation_equipment,Transportation equipment,Heat,2058,5.765223873531616,Energy Balance,Petajoule,Energy balance (PJ),,18_heat,14.03.05 Transportation equipment,18 Heat,EBal|2058,/mnt/c/Users/Work/github/leap_utilities/data/leap balances exports/20_USA/full model output all years 492026 TGT.xlsx,14_03_05_transportation_equipment,18_heat,Transportation equipment,Heat
20_USA,Target,,esto__Transportation_equipment,14_03_05_transportation_equipment,Transportation equipment,Heat,2059,5.772612521743203,Energy Balance,Petajoule,Energy balance (PJ),,18_heat,14.03.05 Transportation equipment,18 Heat,EBal|2059,/mnt/c/Users/Work/github/leap_utilities/data/leap balances exports/20_USA/full model output all years 492026 TGT.xlsx,14_03_05_transportation_equipment,18_heat,Transportation equipment,Heat
20_USA,Target,,esto__Transportation_equipment,14_03_05_transportation_equipment,Transportation equipment,Heat,2060,5.783110611841343,Energy Balance,Petajoule,Energy balance (PJ),,18_heat,14.03.05 Transportation equipment,18 Heat,EBal|2060,/mnt/c/Users/Work/github/leap_utilities/data/leap balances exports/20_USA/full model output all years 492026 TGT.xlsx,14_03_05_transportation_equipment,18_heat,Transportation equipment,Heat
20_USA,Reference,,esto__Transportation_equipment,14_03_05_transportation_equipment,Transportation equipment,Industrial waste,2022,0.0007082888362995707,Energy Balance,Petajoule,Energy balance (PJ),,16_02_industrial_waste,14.03.05 Transportation equipment,16.02 Industrial waste,EBal|2022,/mnt/c/Users/Work/github/leap_utilities/data/leap balances exports/20_USA/full model output all years 492026 REF.xlsx,14_03_05_transportation_equipment,16_02_industrial_waste,Transportation equipment,Industrial waste
20_USA,Reference,,esto__Transportation_equipment,14_03_05_transportation_equipment,Transportation equipment,Industrial waste,2023,0.0007146257459800243,Energy Balance,Petajoule,Energy balance (PJ),,16_02_industrial_waste,14.03.05 Transportation equipment,16.02 Industrial waste,EBal|2023,/mnt/c/Users/Work/github/leap_utilities/data/leap balances exports/20_USA/full model output all years 492026 REF.xlsx,14_03_05_transportation_equipment,16_02_industrial_waste,Transportation equipment,Industrial waste
20_USA,Target,,esto__Transportation_equipment,14_03_05_transportation_equipment,Transportation equipment,Industrial waste,2022,0.0007082888362995707,Energy Balance,Petajoule,Energy balance (PJ),,16_02_industrial_waste,14.03.05 Transportation equipment,16.02 Industrial waste,EBal|2022,/mnt/c/Users/Work/github/leap_utilities/data/leap balances exports/20_USA/full model output all years 492026 TGT.xlsx,14_03_05_transportation_equipment,16_02_industrial_waste,Transportation equipment,Industrial waste
20_USA,Target,,esto__Transportation_equipment,14_03_05_transportation_equipment,Transportation equipment,Industrial waste,2023,0.0007146257461788552,Energy Balance,Petajoule,Energy balance (PJ),,16_02_industrial_waste,14.03.05 Transportation equipment,16.02 Industrial waste,EBal|2023,/mnt/c/Users/Work/github/leap_utilities/data/leap balances exports/20_USA/full model output all years 492026 TGT.xlsx,14_03_05_transportation_equipment,16_02_industrial_waste,Transportation equipment,Industrial waste
20_USA,Reference,,esto__Transportation_equipment,14_03_05_transportation_equipment,Transportation equipment,LPG,2022,0.8473789525139345,Energy Balance,Petajoule,Energy balance (PJ),,07_09_lpg,14.03.05 Transportation equipment,07.09 LPG,EBal|2022,/mnt/c/Users/Work/github/leap_utilities/data/leap balances exports/20_USA/full model output all years 492026 REF.xlsx,14_03_05_transportation_equipment,07_09_lpg,Transportation equipment,LPG
20_USA,Reference,,esto__Transportation_equipment,14_03_05_transportation_equipment,Transportation equipment,LPG,2023,0.8549603678621907,Energy Balance,Petajoule,Energy balance (PJ),,07_09_lpg,14.03.05 Transportation equipment,07.09 LPG,EBal|2023,/mnt/c/Users/Work/github/leap_utilities/data/leap balances exports/20_USA/full model output all years 492026 REF.xlsx,14_03_05_transportation_equipment,07_09_lpg,Transportation equipment,LPG
20_USA,Reference,,esto__Transportation_equipment,14_03_05_transportation_equipment,Transportation equipment,LPG,2024,0.8552785440833461,Energy Balance,Petajoule,Energy balance (PJ),,07_09_lpg,14.03.05 Transportation equipment,07.09 LPG,EBal|2024,/mnt/c/Users/Work/github/leap_utilities/data/leap balances exports/20_USA/full model output all years 492026 REF.xlsx,14_03_05_transportation_equipment,07_09_lpg,Transportation equipment,LPG
20_USA,Reference,,esto__Transportation_equipment,14_03_05_transportation_equipment,Transportation equipment,LPG,2025,0.8424859751231754,Energy Balance,Petajoule,Energy balance (PJ),,07_09_lpg,14.03.05 Transportation equipment,07.09 LPG,EBal|2025,/mnt/c/Users/Work/github/leap_utilities/data/leap balances exports/20_USA/full model output all years 492026 REF.xlsx,14_03_05_transportation_equipment,07_09_lpg,Transportation equipment,LPG
20_USA,Reference,,esto__Transportation_equipment,14_03_05_transportation_equipment,Transportation equipment,LPG,2026,0.828633844158139,Energy Balance,Petajoule,Energy balance (PJ),,07_09_lpg,14.03.05 Transportation equipment,07.09 LPG,EBal|2026,/mnt/c/Users/Work/github/leap_utilities/data/leap balances exports/20_USA/full model output all years 492026 REF.xlsx,14_03_05_transportation_equipment,07_09_lpg,Transportation equipment,LPG
20_USA,Reference,,esto__Transportation_equipment,14_03_05_transportation_equipment,Transportation equipment,LPG,2027,0.8137578660292735,Energy Balance,Petajoule,Energy balance (PJ),,07_09_lpg,14.03.05 Transportation equipment,07.09 LPG,EBal|2027,/mnt/c/Users/Work/github/leap_utilities/data/leap balances exports/20_USA/full model output all years 492026 REF.xlsx,14_03_05_transportation_equipment,07_09_lpg,Transportation equipment,LPG
20_USA,Reference,,esto__Transportation_equipment,14_03_05_transportation_equipment,Transportation equipment,LPG,2028,0.7978932059088946,Energy Balance,Petajoule,Energy balance (PJ),,07_09_lpg,14.03.05 Transportation equipment,07.09 LPG,EBal|2028,/mnt/c/Users/Work/github/leap_utilities/data/leap balances exports/20_USA/full model output all years 492026 REF.xlsx,14_03_05_transportation_equipment,07_09_lpg,Transportation equipment,LPG
20_USA,Reference,,esto__Transportation_equipment,14_03_05_transportation_equipment,Transportation equipment,LPG,2029,0.7810744879248199,Energy Balance,Petajoule,Energy balance (PJ),,07_09_lpg,14.03.05 Transportation equipment,07.09 LPG,EBal|2029,/mnt/c/Users/Work/github/leap_utilities/data/leap balances exports/20_USA/full model output all years 492026 REF.xlsx,14_03_05_transportation_equipment,07_09_lpg,Transportation equipment,LPG
20_USA,Reference,,esto__Transportation_equipment,14_03_05_transportation_equipment,Transportation equipment,LPG,2030,0.7633357970606339,Energy Balance,Petajoule,Energy balance (PJ),,07_09_lpg,14.03.05 Transportation equipment,07.09 LPG,EBal|2030,/mnt/c/Users/Work/github/leap_utilities/data/leap balances exports/20_USA/full model output all years 492026 REF.xlsx,14_03_05_transportation_equipment,07_09_lpg,Transportation equipment,LPG
20_USA,Reference,,esto__Transportation_equipment,14_03_05_transportation_equipment,Transportation equipment,LPG,2031,0.7447106859800765,Energy Balance,Petajoule,Energy balance (PJ),,07_09_lpg,14.03.05 Transportation equipment,07.09 LPG,EBal|2031,/mnt/c/Users/Work/github/leap_utilities/data/leap balances exports/20_USA/full model output all years 492026 REF.xlsx,14_03_05_transportation_equipment,07_09_lpg,Transportation equipment,LPG
20_USA,Reference,,esto__Transportation_equipment,14_03_05_transportation_equipment,Transportation equipment,LPG,2032,0.7252321840324923,Energy Balance,Petajoule,Energy balance (PJ),,07_09_lpg,14.03.05 Transportation equipment,07.09 LPG,EBal|2032,/mnt/c/Users/Work/github/leap_utilities/data/leap balances exports/20_USA/full model output all years 492026 REF.xlsx,14_03_05_transportation_equipment,07_09_lpg,Transportation equipment,LPG
20_USA,Reference,,esto__Transportation_equipment,14_03_05_transportation_equipment,Transportation equipment,LPG,2033,0.704932801958971,Energy Balance,Petajoule,Energy balance (PJ),,07_09_lpg,14.03.05 Transportation equipment,07.09 LPG,EBal|2033,/mnt/c/Users/Work/github/leap_utilities/data/leap balances exports/20_USA/full model output all years 492026 REF.xlsx,14_03_05_transportation_equipment,07_09_lpg,Transportation equipment,LPG
20_USA,Reference,,esto__Transportation_equipment,14_03_05_transportation_equipment,Transportation equipment,LPG,2034,0.6838445350014881,Energy Balance,Petajoule,Energy balance (PJ),,07_09_lpg,14.03.05 Transportation equipment,07.09 LPG,EBal|2034,/mnt/c/Users/Work/github/leap_utilities/data/leap balances exports/20_USA/full model output all years 492026 REF.xlsx,14_03_05_transportation_equipment,07_09_lpg,Transportation equipment,LPG
20_USA,Reference,,esto__Transportation_equipment,14_03_05_transportation_equipment,Transportation equipment,LPG,2035,0.6619988730274903,Energy Balance,Petajoule,Energy balance (PJ),,07_09_lpg,14.03.05 Transportation equipment,07.09 LPG,EBal|2035,/mnt/c/Users/Work/github/leap_utilities/data/leap balances exports/20_USA/full model output all years 492026 REF.xlsx,14_03_05_transportation_equipment,07_09_lpg,Transportation equipment,LPG
20_USA,Reference,,esto__Transportation_equipment,14_03_05_transportation_equipment,Transportation equipment,LPG,2036,0.6394268010320934,Energy Balance,Petajoule,Energy balance (PJ),,07_09_lpg,14.03.05 Transportation equipment,07.09 LPG,EBal|2036,/mnt/c/Users/Work/github/leap_utilities/data/leap balances exports/20_USA/full model output all years 492026 REF.xlsx,14_03_05_transportation_equipment,07_09_lpg,Transportation equipment,LPG
20_USA,Reference,,esto__Transportation_equipment,14_03_05_transportation_equipment,Transportation equipment,LPG,2037,0.6161588131544278,Energy Balance,Petajoule,Energy balance (PJ),,07_09_lpg,14.03.05 Transportation equipment,07.09 LPG,EBal|2037,/mnt/c/Users/Work/github/leap_utilities/data/leap balances exports/20_USA/full model output all years 492026 REF.xlsx,14_03_05_transportation_equipment,07_09_lpg,Transportation equipment,LPG
20_USA,Reference,,esto__Transportation_equipment,14_03_05_transportation_equipment,Transportation equipment,LPG,2038,0.5922249069633462,Energy Balance,Petajoule,Energy balance (PJ),,07_09_lpg,14.03.05 Transportation equipment,07.09 LPG,EBal|2038,/mnt/c/Users/Work/github/leap_utilities/data/leap balances exports/20_USA/full model output all years 492026 REF.xlsx,14_03_05_transportation_equipment,07_09_lpg,Transportation equipment,LPG
20_USA,Reference,,esto__Transportation_equipment,14_03_05_transportation_equipment,Transportation equipment,LPG,2039,0.5676546011200645,Energy Balance,Petajoule,Energy balance (PJ),,07_09_lpg,14.03.05 Transportation equipment,07.09 LPG,EBal|2039,/mnt/c/Users/Work/github/leap_utilities/data/leap balances exports/20_USA/full model output all years 492026 REF.xlsx,14_03_05_transportation_equipment,07_09_lpg,Transportation equipment,LPG
20_USA,Reference,,esto__Transportation_equipment,14_03_05_transportation_equipment,Transportation equipment,LPG,2040,0.5424769299546928,Energy Balance,Petajoule,Energy balance (PJ),,07_09_lpg,14.03.05 Transportation equipment,07.09 LPG,EBal|2040,/mnt/c/Users/Work/github/leap_utilities/data/leap balances exports/20_USA/full model output all years 492026 REF.xlsx,14_03_05_transportation_equipment,07_09_lpg,Transportation equipment,LPG
20_USA,Reference,,esto__Transportation_equipment,14_03_05_transportation_equipment,Transportation equipment,LPG,2041,0.5167204580183224,Energy Balance,Petajoule,Energy balance (PJ),,07_09_lpg,14.03.05 Transportation equipment,07.09 LPG,EBal|2041,/mnt/c/Users/Work/github/leap_utilities/data/leap balances exports/20_USA/full model output all years 492026 REF.xlsx,14_03_05_transportation_equipment,07_09_lpg,Transportation equipment,LPG
20_USA,Reference,,esto__Transportation_equipment,14_03_05_transportation_equipment,Transportation equipment,LPG,2042,0.49041327996420925,Energy Balance,Petajoule,Energy balance (PJ),,07_09_lpg,14.03.05 Transportation equipment,07.09 LPG,EBal|2042,/mnt/c/Users/Work/github/leap_utilities/data/leap balances exports/20_USA/full model output all years 492026 REF.xlsx,14_03_05_transportation_equipment,07_09_lpg,Transportation equipment,LPG
20_USA,Reference,,esto__Transportation_equipment,14_03_05_transportation_equipment,Transportation equipment,LPG,2043,0.4635830270311556,Energy Balance,Petajoule,Energy balance (PJ),,07_09_lpg,14.03.05 Transportation equipment,07.09 LPG,EBal|2043,/mnt/c/Users/Work/github/leap_utilities/data/leap balances exports/20_USA/full model output all years 492026 REF.xlsx,14_03_05_transportation_equipment,07_09_lpg,Transportation equipment,LPG
20_USA,Reference,,esto__Transportation_equipment,14_03_05_transportation_equipment,Transportation equipment,LPG,2044,0.4362568740388108,Energy Balance,Petajoule,Energy balance (PJ),,07_09_lpg,14.03.05 Transportation equipment,07.09 LPG,EBal|2044,/mnt/c/Users/Work/github/leap_utilities/data/leap balances exports/20_USA/full model output all years 492026 REF.xlsx,14_03_05_transportation_equipment,07_09_lpg,Transportation equipment,LPG
20_USA,Reference,,esto__Transportation_equipment,14_03_05_transportation_equipment,Transportation equipment,LPG,2045,0.4084615430869102,Energy Balance,Petajoule,Energy balance (PJ),,07_09_lpg,14.03.05 Transportation equipment,07.09 LPG,EBal|2045,/mnt/c/Users/Work/github/leap_utilities/data/leap balances exports/20_USA/full model output all years 492026 REF.xlsx,14_03_05_transportation_equipment,07_09_lpg,Transportation equipment,LPG
20_USA,Reference,,esto__Transportation_equipment,14_03_05_transportation_equipment,Transportation equipment,LPG,2046,0.380223309997866,Energy Balance,Petajoule,Energy balance (PJ),,07_09_lpg,14.03.05 Transportation equipment,07.09 LPG,EBal|2046,/mnt/c/Users/Work/github/leap_utilities/data/leap balances exports/20_USA/full model output all years 492026 REF.xlsx,14_03_05_transportation_equipment,07_09_lpg,Transportation equipment,LPG
20_USA,Reference,,esto__Transportation_equipment,14_03_05_transportation_equipment,Transportation equipment,LPG,2047,0.3515680079611288,Energy Balance,Petajoule,Energy balance (PJ),,07_09_lpg,14.03.05 Transportation equipment,07.09 LPG,EBal|2047,/mnt/c/Users/Work/github/leap_utilities/data/leap balances exports/20_USA/full model output all years 492026 REF.xlsx,14_03_05_transportation_equipment,07_09_lpg,Transportation equipment,LPG
20_USA,Reference,,esto__Transportation_equipment,14_03_05_transportation_equipment,Transportation equipment,LPG,2048,0.322521034031034,Energy Balance,Petajoule,Energy balance (PJ),,07_09_lpg,14.03.05 Transportation equipment,07.09 LPG,EBal|2048,/mnt/c/Users/Work/github/leap_utilities/data/leap balances exports/20_USA/full model output all years 492026 REF.xlsx,14_03_05_transportation_equipment,07_09_lpg,Transportation equipment,LPG
20_USA,Reference,,esto__Transportation_equipment,14_03_05_transportation_equipment,Transportation equipment,LPG,2049,0.29310735302503593,Energy Balance,Petajoule,Energy balance (PJ),,07_09_lpg,14.03.05 Transportation equipment,07.09 LPG,EBal|2049,/mnt/c/Users/Work/github/leap_utilities/data/leap balances exports/20_USA/full model output all years 492026 REF.xlsx,14_03_05_transportation_equipment,07_09_lpg,Transportation equipment,LPG
20_USA,Reference,,esto__Transportation_equipment,14_03_05_transportation_equipment,Transportation equipment,LPG,2050,0.2633515050275171,Energy Balance,Petajoule,Energy balance (PJ),,07_09_lpg,14.03.05 Transportation equipment,07.09 LPG,EBal|2050,/mnt/c/Users/Work/github/leap_utilities/data/leap balances exports/20_USA/full model output all years 492026 REF.xlsx,14_03_05_transportation_equipment,07_09_lpg,Transportation equipment,LPG
20_USA,Reference,,esto__Transportation_equipment,14_03_05_transportation_equipment,Transportation equipment,LPG,2051,0.23327760601584616,Energy Balance,Petajoule,Energy balance (PJ),,07_09_lpg,14.03.05 Transportation equipment,07.09 LPG,EBal|2051,/mnt/c/Users/Work/github/leap_utilities/data/leap balances exports/20_USA/full model output all years 492026 REF.xlsx,14_03_05_transportation_equipment,07_09_lpg,Transportation equipment,LPG
20_USA,Reference,,esto__Transportation_equipment,14_03_05_transportation_equipment,Transportation equipment,LPG,2052,0.20290935903454735,Energy Balance,Petajoule,Energy balance (PJ),,07_09_lpg,14.03.05 Transportation equipment,07.09 LPG,EBal|2052,/mnt/c/Users/Work/github/leap_utilities/data/leap balances exports/20_USA/full model output all years 492026 REF.xlsx,14_03_05_transportation_equipment,07_09_lpg,Transportation equipment,LPG
20_USA,Reference,,esto__Transportation_equipment,14_03_05_transportation_equipment,Transportation equipment,LPG,2053,0.17227005100084825,Energy Balance,Petajoule,Energy balance (PJ),,07_09_lpg,14.03.05 Transportation equipment,07.09 LPG,EBal|2053,/mnt/c/Users/Work/github/leap_utilities/data/leap balances exports/20_USA/full model output all years 492026 REF.xlsx,14_03_05_transportation_equipment,07_09_lpg,Transportation equipment,LPG
20_USA,Reference,,esto__Transportation_equipment,14_03_05_transportation_equipment,Transportation equipment,LPG,2054,0.1413825659783968,Energy Balance,Petajoule,Energy balance (PJ),,07_09_lpg,14.03.05 Transportation equipment,07.09 LPG,EBal|2054,/mnt/c/Users/Work/github/leap_utilities/data/leap balances exports/20_USA/full model output all years 492026 REF.xlsx,14_03_05_transportation_equipment,07_09_lpg,Transportation equipment,LPG
20_USA,Reference,,esto__Transportation_equipment,14_03_05_transportation_equipment,Transportation equipment,LPG,2055,0.11026938501974395,Energy Balance,Petajoule,Energy balance (PJ),,07_09_lpg,14.03.05 Transportation equipment,07.09 LPG,EBal|2055,/mnt/c/Users/Work/github/leap_utilities/data/leap balances exports/20_USA/full model output all years 492026 REF.xlsx,14_03_05_transportation_equipment,07_09_lpg,Transportation equipment,LPG
20_USA,Reference,,esto__Transportation_equipment,14_03_05_transportation_equipment,Transportation equipment,LPG,2056,0.07895259099940186,Energy Balance,Petajoule,Energy balance (PJ),,07_09_lpg,14.03.05 Transportation equipment,07.09 LPG,EBal|2056,/mnt/c/Users/Work/github/leap_utilities/data/leap balances exports/20_USA/full model output all years 492026 REF.xlsx,14_03_05_transportation_equipment,07_09_lpg,Transportation equipment,LPG
20_USA,Reference,,esto__Transportation_equipment,14_03_05_transportation_equipment,Transportation equipment,LPG,2057,0.04745387399845136,Energy Balance,Petajoule,Energy balance (PJ),,07_09_lpg,14.03.05 Transportation equipment,07.09 LPG,EBal|2057,/mnt/c/Users/Work/github/leap_utilities/data/leap balances exports/20_USA/full model output all years 492026 REF.xlsx,14_03_05_transportation_equipment,07_09_lpg,Transportation equipment,LPG
20_USA,Reference,,esto__Transportation_equipment,14_03_05_transportation_equipment,Transportation equipment,LPG,2058,0.01579453800148645,Energy Balance,Petajoule,Energy balance (PJ),,07_09_lpg,14.03.05 Transportation equipment,07.09 LPG,EBal|2058,/mnt/c/Users/Work/github/leap_utilities/data/leap balances exports/20_USA/full model output all years 492026 REF.xlsx,14_03_05_transportation_equipment,07_09_lpg,Transportation equipment,LPG
20_USA,Target,,esto__Transportation_equipment,14_03_05_transportation_equipment,Transportation equipment,LPG,2022,0.8473789525139345,Energy Balance,Petajoule,Energy balance (PJ),,07_09_lpg,14.03.05 Transportation equipment,07.09 LPG,EBal|2022,/mnt/c/Users/Work/github/leap_utilities/data/leap balances exports/20_USA/full model output all years 492026 TGT.xlsx,14_03_05_transportation_equipment,07_09_lpg,Transportation equipment,LPG
20_USA,Target,,esto__Transportation_equipment,14_03_05_transportation_equipment,Transportation equipment,LPG,2023,0.8549603680987157,Energy Balance,Petajoule,Energy balance (PJ),,07_09_lpg,14.03.05 Transportation equipment,07.09 LPG,EBal|2023,/mnt/c/Users/Work/github/leap_utilities/data/leap balances exports/20_USA/full model output all years 492026 TGT.xlsx,14_03_05_transportation_equipment,07_09_lpg,Transportation equipment,LPG
20_USA,Target,,esto__Transportation_equipment,14_03_05_transportation_equipment,Transportation equipment,LPG,2024,0.8552785440833461,Energy Balance,Petajoule,Energy balance (PJ),,07_09_lpg,14.03.05 Transportation equipment,07.09 LPG,EBal|2024,/mnt/c/Users/Work/github/leap_utilities/data/leap balances exports/20_USA/full model output all years 492026 TGT.xlsx,14_03_05_transportation_equipment,07_09_lpg,Transportation equipment,LPG
20_USA,Target,,esto__Transportation_equipment,14_03_05_transportation_equipment,Transportation equipment,LPG,2025,0.8424859748978539,Energy Balance,Petajoule,Energy balance (PJ),,07_09_lpg,14.03.05 Transportation equipment,07.09 LPG,EBal|2025,/mnt/c/Users/Work/github/leap_utilities/data/leap balances exports/20_USA/full model output all years 492026 TGT.xlsx,14_03_05_transportation_equipment,07_09_lpg,Transportation equipment,LPG
20_USA,Target,,esto__Transportation_equipment,14_03_05_transportation_equipment,Transportation equipment,LPG,2026,0.8286338439398191,Energy Balance,Petajoule,Energy balance (PJ),,07_09_lpg,14.03.05 Transportation equipment,07.09 LPG,EBal|2026,/mnt/c/Users/Work/github/leap_utilities/data/leap balances exports/20_USA/full model output all years 492026 TGT.xlsx,14_03_05_transportation_equipment,07_09_lpg,Transportation equipment,LPG
20_USA,Target,,esto__Transportation_equipment,14_03_05_transportation_equipment,Transportation equipment,LPG,2027,0.8137578660292735,Energy Balance,Petajoule,Energy balance (PJ),,07_09_lpg,14.03.05 Transportation equipment,07.09 LPG,EBal|2027,/mnt/c/Users/Work/github/leap_utilities/data/leap balances exports/20_USA/full model output all years 492026 TGT.xlsx,14_03_05_transportation_equipment,07_09_lpg,Transportation equipment,LPG
20_USA,Target,,esto__Transportation_equipment,14_03_05_transportation_equipment,Transportation equipment,LPG,2028,0.7978932059088946,Energy Balance,Petajoule,Energy balance (PJ),,07_09_lpg,14.03.05 Transportation equipment,07.09 LPG,EBal|2028,/mnt/c/Users/Work/github/leap_utilities/data/leap balances exports/20_USA/full model output all years 492026 TGT.xlsx,14_03_05_transportation_equipment,07_09_lpg,Transportation equipment,LPG
20_USA,Target,,esto__Transportation_equipment,14_03_05_transportation_equipment,Transportation equipment,LPG,2029,0.7810744879248199,Energy Balance,Petajoule,Energy balance (PJ),,07_09_lpg,14.03.05 Transportation equipment,07.09 LPG,EBal|2029,/mnt/c/Users/Work/github/leap_utilities/data/leap balances exports/20_USA/full model output all years 492026 TGT.xlsx,14_03_05_transportation_equipment,07_09_lpg,Transportation equipment,LPG
20_USA,Target,,esto__Transportation_equipment,14_03_05_transportation_equipment,Transportation equipment,LPG,2030,0.7633357970606339,Energy Balance,Petajoule,Energy balance (PJ),,07_09_lpg,14.03.05 Transportation equipment,07.09 LPG,EBal|2030,/mnt/c/Users/Work/github/leap_utilities/data/leap balances exports/20_USA/full model output all years 492026 TGT.xlsx,14_03_05_transportation_equipment,07_09_lpg,Transportation equipment,LPG
20_USA,Target,,esto__Transportation_equipment,14_03_05_transportation_equipment,Transportation equipment,LPG,2031,0.7447106859800765,Energy Balance,Petajoule,Energy balance (PJ),,07_09_lpg,14.03.05 Transportation equipment,07.09 LPG,EBal|2031,/mnt/c/Users/Work/github/leap_utilities/data/leap balances exports/20_USA/full model output all years 492026 TGT.xlsx,14_03_05_transportation_equipment,07_09_lpg,Transportation equipment,LPG
20_USA,Target,,esto__Transportation_equipment,14_03_05_transportation_equipment,Transportation equipment,LPG,2032,0.7252321840324923,Energy Balance,Petajoule,Energy balance (PJ),,07_09_lpg,14.03.05 Transportation equipment,07.09 LPG,EBal|2032,/mnt/c/Users/Work/github/leap_utilities/data/leap balances exports/20_USA/full model output all years 492026 TGT.xlsx,14_03_05_transportation_equipment,07_09_lpg,Transportation equipment,LPG
20_USA,Target,,esto__Transportation_equipment,14_03_05_transportation_equipment,Transportation equipment,LPG,2033,0.704932801958971,Energy Balance,Petajoule,Energy balance (PJ),,07_09_lpg,14.03.05 Transportation equipment,07.09 LPG,EBal|2033,/mnt/c/Users/Work/github/leap_utilities/data/leap balances exports/20_USA/full model output all years 492026 TGT.xlsx,14_03_05_transportation_equipment,07_09_lpg,Transportation equipment,LPG
20_USA,Target,,esto__Transportation_equipment,14_03_05_transportation_equipment,Transportation equipment,LPG,2034,0.6838445350014881,Energy Balance,Petajoule,Energy balance (PJ),,07_09_lpg,14.03.05 Transportation equipment,07.09 LPG,EBal|2034,/mnt/c/Users/Work/github/leap_utilities/data/leap balances exports/20_USA/full model output all years 492026 TGT.xlsx,14_03_05_transportation_equipment,07_09_lpg,Transportation equipment,LPG
20_USA,Target,,esto__Transportation_equipment,14_03_05_transportation_equipment,Transportation equipment,LPG,2035,0.6619988730274903,Energy Balance,Petajoule,Energy balance (PJ),,07_09_lpg,14.03.05 Transportation equipment,07.09 LPG,EBal|2035,/mnt/c/Users/Work/github/leap_utilities/data/leap balances exports/20_USA/full model output all years 492026 TGT.xlsx,14_03_05_transportation_equipment,07_09_lpg,Transportation equipment,LPG
20_USA,Target,,esto__Transportation_equipment,14_03_05_transportation_equipment,Transportation equipment,LPG,2036,0.6394268010320934,Energy Balance,Petajoule,Energy balance (PJ),,07_09_lpg,14.03.05 Transportation equipment,07.09 LPG,EBal|2036,/mnt/c/Users/Work/github/leap_utilities/data/leap balances exports/20_USA/full model output all years 492026 TGT.xlsx,14_03_05_transportation_equipment,07_09_lpg,Transportation equipment,LPG
20_USA,Target,,esto__Transportation_equipment,14_03_05_transportation_equipment,Transportation equipment,LPG,2037,0.6161588130088773,Energy Balance,Petajoule,Energy balance (PJ),,07_09_lpg,14.03.05 Transportation equipment,07.09 LPG,EBal|2037,/mnt/c/Users/Work/github/leap_utilities/data/leap balances exports/20_USA/full model output all years 492026 TGT.xlsx,14_03_05_transportation_equipment,07_09_lpg,Transportation equipment,LPG
20_USA,Target,,esto__Transportation_equipment,14_03_05_transportation_equipment,Transportation equipment,LPG,2038,0.5922249069633462,Energy Balance,Petajoule,Energy balance (PJ),,07_09_lpg,14.03.05 Transportation equipment,07.09 LPG,EBal|2038,/mnt/c/Users/Work/github/leap_utilities/data/leap balances exports/20_USA/full model output all years 492026 TGT.xlsx,14_03_05_transportation_equipment,07_09_lpg,Transportation equipment,LPG
20_USA,Target,,esto__Transportation_equipment,14_03_05_transportation_equipment,Transportation equipment,LPG,2039,0.5676546009878457,Energy Balance,Petajoule,Energy balance (PJ),,07_09_lpg,14.03.05 Transportation equipment,07.09 LPG,EBal|2039,/mnt/c/Users/Work/github/leap_utilities/data/leap balances exports/20_USA/full model output all years 492026 TGT.xlsx,14_03_05_transportation_equipment,07_09_lpg,Transportation equipment,LPG
20_USA,Target,,esto__Transportation_equipment,14_03_05_transportation_equipment,Transportation equipment,LPG,2040,0.5424769299546928,Energy Balance,Petajoule,Energy balance (PJ),,07_09_lpg,14.03.05 Transportation equipment,07.09 LPG,EBal|2040,/mnt/c/Users/Work/github/leap_utilities/data/leap balances exports/20_USA/full model output all years 492026 TGT.xlsx,14_03_05_transportation_equipment,07_09_lpg,Transportation equipment,LPG
20_USA,Target,,esto__Transportation_equipment,14_03_05_transportation_equipment,Transportation equipment,LPG,2041,0.5167204580183224,Energy Balance,Petajoule,Energy balance (PJ),,07_09_lpg,14.03.05 Transportation equipment,07.09 LPG,EBal|2041,/mnt/c/Users/Work/github/leap_utilities/data/leap balances exports/20_USA/full model output all years 492026 TGT.xlsx,14_03_05_transportation_equipment,07_09_lpg,Transportation equipment,LPG
20_USA,Target,,esto__Transportation_equipment,14_03_05_transportation_equipment,Transportation equipment,LPG,2042,0.49041327996420925,Energy Balance,Petajoule,Energy balance (PJ),,07_09_lpg,14.03.05 Transportation equipment,07.09 LPG,EBal|2042,/mnt/c/Users/Work/github/leap_utilities/data/leap balances exports/20_USA/full model output all years 492026 TGT.xlsx,14_03_05_transportation_equipment,07_09_lpg,Transportation equipment,LPG
20_USA,Target,,esto__Transportation_equipment,14_03_05_transportation_equipment,Transportation equipment,LPG,2043,0.4635830270311556,Energy Balance,Petajoule,Energy balance (PJ),,07_09_lpg,14.03.05 Transportation equipment,07.09 LPG,EBal|2043,/mnt/c/Users/Work/github/leap_utilities/data/leap balances exports/20_USA/full model output all years 492026 TGT.xlsx,14_03_05_transportation_equipment,07_09_lpg,Transportation equipment,LPG
20_USA,Target,,esto__Transportation_equipment,14_03_05_transportation_equipment,Transportation equipment,LPG,2044,0.4362568740388108,Energy Balance,Petajoule,Energy balance (PJ),,07_09_lpg,14.03.05 Transportation equipment,07.09 LPG,EBal|2044,/mnt/c/Users/Work/github/leap_utilities/data/leap balances exports/20_USA/full model output all years 492026 TGT.xlsx,14_03_05_transportation_equipment,07_09_lpg,Transportation equipment,LPG
20_USA,Target,,esto__Transportation_equipment,14_03_05_transportation_equipment,Transportation equipment,LPG,2045,0.40846154299484433,Energy Balance,Petajoule,Energy balance (PJ),,07_09_lpg,14.03.05 Transportation equipment,07.09 LPG,EBal|2045,/mnt/c/Users/Work/github/leap_utilities/data/leap balances exports/20_USA/full model output all years 492026 TGT.xlsx,14_03_05_transportation_equipment,07_09_lpg,Transportation equipment,LPG
20_USA,Target,,esto__Transportation_equipment,14_03_05_transportation_equipment,Transportation equipment,LPG,2046,0.380223309997866,Energy Balance,Petajoule,Energy balance (PJ),,07_09_lpg,14.03.05 Transportation equipment,07.09 LPG,EBal|2046,/mnt/c/Users/Work/github/leap_utilities/data/leap balances exports/20_USA/full model output all years 492026 TGT.xlsx,14_03_05_transportation_equipment,07_09_lpg,Transportation equipment,LPG
20_USA,Target,,esto__Transportation_equipment,14_03_05_transportation_equipment,Transportation equipment,LPG,2047,0.35156800803909055,Energy Balance,Petajoule,Energy balance (PJ),,07_09_lpg,14.03.05 Transportation equipment,07.09 LPG,EBal|2047,/mnt/c/Users/Work/github/leap_utilities/data/leap balances exports/20_USA/full model output all years 492026 TGT.xlsx,14_03_05_transportation_equipment,07_09_lpg,Transportation equipment,LPG
20_USA,Target,,esto__Transportation_equipment,14_03_05_transportation_equipment,Transportation equipment,LPG,2048,0.322521034031034,Energy Balance,Petajoule,Energy balance (PJ),,07_09_lpg,14.03.05 Transportation equipment,07.09 LPG,EBal|2048,/mnt/c/Users/Work/github/leap_utilities/data/leap balances exports/20_USA/full model output all years 492026 TGT.xlsx,14_03_05_transportation_equipment,07_09_lpg,Transportation equipment,LPG
20_USA,Target,,esto__Transportation_equipment,14_03_05_transportation_equipment,Transportation equipment,LPG,2049,0.29310735302503593,Energy Balance,Petajoule,Energy balance (PJ),,07_09_lpg,14.03.05 Transportation equipment,07.09 LPG,EBal|2049,/mnt/c/Users/Work/github/leap_utilities/data/leap balances exports/20_USA/full model output all years 492026 TGT.xlsx,14_03_05_transportation_equipment,07_09_lpg,Transportation equipment,LPG
20_USA,Target,,esto__Transportation_equipment,14_03_05_transportation_equipment,Transportation equipment,LPG,2050,0.2633515050275171,Energy Balance,Petajoule,Energy balance (PJ),,07_09_lpg,14.03.05 Transportation equipment,07.09 LPG,EBal|2050,/mnt/c/Users/Work/github/leap_utilities/data/leap balances exports/20_USA/full model output all years 492026 TGT.xlsx,14_03_05_transportation_equipment,07_09_lpg,Transportation equipment,LPG
20_USA,Target,,esto__Transportation_equipment,14_03_05_transportation_equipment,Transportation equipment,LPG,2051,0.23327760601584616,Energy Balance,Petajoule,Energy balance (PJ),,07_09_lpg,14.03.05 Transportation equipment,07.09 LPG,EBal|2051,/mnt/c/Users/Work/github/leap_utilities/data/leap balances exports/20_USA/full model output all years 492026 TGT.xlsx,14_03_05_transportation_equipment,07_09_lpg,Transportation equipment,LPG
20_USA,Target,,esto__Transportation_equipment,14_03_05_transportation_equipment,Transportation equipment,LPG,2052,0.20290935899087004,Energy Balance,Petajoule,Energy balance (PJ),,07_09_lpg,14.03.05 Transportation equipment,07.09 LPG,EBal|2052,/mnt/c/Users/Work/github/leap_utilities/data/leap balances exports/20_USA/full model output all years 492026 TGT.xlsx,14_03_05_transportation_equipment,07_09_lpg,Transportation equipment,LPG
20_USA,Target,,esto__Transportation_equipment,14_03_05_transportation_equipment,Transportation equipment,LPG,2053,0.17227005100084825,Energy Balance,Petajoule,Energy balance (PJ),,07_09_lpg,14.03.05 Transportation equipment,07.09 LPG,EBal|2053,/mnt/c/Users/Work/github/leap_utilities/data/leap balances exports/20_USA/full model output all years 492026 TGT.xlsx,14_03_05_transportation_equipment,07_09_lpg,Transportation equipment,LPG
20_USA,Target,,esto__Transportation_equipment,14_03_05_transportation_equipment,Transportation equipment,LPG,2054,0.1413825660087038,Energy Balance,Petajoule,Energy balance (PJ),,07_09_lpg,14.03.05 Transportation equipment,07.09 LPG,EBal|2054,/mnt/c/Users/Work/github/leap_utilities/data/leap balances exports/20_USA/full model output all years 492026 TGT.xlsx,14_03_05_transportation_equipment,07_09_lpg,Transportation equipment,LPG
20_USA,Target,,esto__Transportation_equipment,14_03_05_transportation_equipment,Transportation equipment,LPG,2055,0.11026938499632702,Energy Balance,Petajoule,Energy balance (PJ),,07_09_lpg,14.03.05 Transportation equipment,07.09 LPG,EBal|2055,/mnt/c/Users/Work/github/leap_utilities/data/leap balances exports/20_USA/full model output all years 492026 TGT.xlsx,14_03_05_transportation_equipment,07_09_lpg,Transportation equipment,LPG
20_USA,Target,,esto__Transportation_equipment,14_03_05_transportation_equipment,Transportation equipment,LPG,2056,0.07895259099940186,Energy Balance,Petajoule,Energy balance (PJ),,07_09_lpg,14.03.05 Transportation equipment,07.09 LPG,EBal|2056,/mnt/c/Users/Work/github/leap_utilities/data/leap balances exports/20_USA/full model output all years 492026 TGT.xlsx,14_03_05_transportation_equipment,07_09_lpg,Transportation equipment,LPG
20_USA,Target,,esto__Transportation_equipment,14_03_05_transportation_equipment,Transportation equipment,LPG,2057,0.04745387399845136,Energy Balance,Petajoule,Energy balance (PJ),,07_09_lpg,14.03.05 Transportation equipment,07.09 LPG,EBal|2057,/mnt/c/Users/Work/github/leap_utilities/data/leap balances exports/20_USA/full model output all years 492026 TGT.xlsx,14_03_05_transportation_equipment,07_09_lpg,Transportation equipment,LPG
20_USA,Target,,esto__Transportation_equipment,14_03_05_transportation_equipment,Transportation equipment,LPG,2058,0.01579453800148645,Energy Balance,Petajoule,Energy balance (PJ),,07_09_lpg,14.03.05 Transportation equipment,07.09 LPG,EBal|2058,/mnt/c/Users/Work/github/leap_utilities/data/leap balances exports/20_USA/full model output all years 492026 TGT.xlsx,14_03_05_transportation_equipment,07_09_lpg,Transportation equipment,LPG
20_USA,Reference,,esto__Transportation_equipment,14_03_05_transportation_equipment,Transportation equipment,Municipal solid waste (non-renewable),2022,0.0007082888362995707,Energy Balance,Petajoule,Energy balance (PJ),,16_04_municipal_solid_waste_nonrenewable,14.03.05 Transportation equipment,16.04 Municipal solid waste (non-renewable),EBal|2022,/mnt/c/Users/Work/github/leap_utilities/data/leap balances exports/20_USA/full model output all years 492026 REF.xlsx,14_03_05_transportation_equipment,16_04_municipal_solid_waste_nonrenewable,Transportation equipment,Municipal solid waste non renewable
20_USA,Reference,,esto__Transportation_equipment,14_03_05_transportation_equipment,Transportation equipment,Municipal solid waste (non-renewable),2023,0.0007146257459800243,Energy Balance,Petajoule,Energy balance (PJ),,16_04_municipal_solid_waste_nonrenewable,14.03.05 Transportation equipment,16.04 Municipal solid waste (non-renewable),EBal|2023,/mnt/c/Users/Work/github/leap_utilities/data/leap balances exports/20_USA/full model output all years 492026 REF.xlsx,14_03_05_transportation_equipment,16_04_municipal_solid_waste_nonrenewable,Transportation equipment,Municipal solid waste non renewable
20_USA,Target,,esto__Transportation_equipment,14_03_05_transportation_equipment,Transportation equipment,Municipal solid waste (non-renewable),2022,0.0007082888362995707,Energy Balance,Petajoule,Energy balance (PJ),,16_04_municipal_solid_waste_nonrenewable,14.03.05 Transportation equipment,16.04 Municipal solid waste (non-renewable),EBal|2022,/mnt/c/Users/Work/github/leap_utilities/data/leap balances exports/20_USA/full model output all years 492026 TGT.xlsx,14_03_05_transportation_equipment,16_04_municipal_solid_waste_nonrenewable,Transportation equipment,Municipal solid waste non renewable
20_USA,Target,,esto__Transportation_equipment,14_03_05_transportation_equipment,Transportation equipment,Municipal solid waste (non-renewable),2023,0.0007146257461788552,Energy Balance,Petajoule,Energy balance (PJ),,16_04_municipal_solid_waste_nonrenewable,14.03.05 Transportation equipment,16.04 Municipal solid waste (non-renewable),EBal|2023,/mnt/c/Users/Work/github/leap_utilities/data/leap balances exports/20_USA/full model output all years 492026 TGT.xlsx,14_03_05_transportation_equipment,16_04_municipal_solid_waste_nonrenewable,Transportation equipment,Municipal solid waste non renewable
20_USA,Reference,,esto__Transportation_equipment,14_03_05_transportation_equipment,Transportation equipment,Municipal solid waste (renewable),2022,0.0007082888362995707,Energy Balance,Petajoule,Energy balance (PJ),,16_03_municipal_solid_waste_renewable,14.03.05 Transportation equipment,16.03 Municipal solid waste (renewable),EBal|2022,/mnt/c/Users/Work/github/leap_utilities/data/leap balances exports/20_USA/full model output all years 492026 REF.xlsx,14_03_05_transportation_equipment,16_03_municipal_solid_waste_renewable,Transportation equipment,Municipal solid waste renewable
20_USA,Reference,,esto__Transportation_equipment,14_03_05_transportation_equipment,Transportation equipment,Municipal solid waste (renewable),2023,0.0007146257459800243,Energy Balance,Petajoule,Energy balance (PJ),,16_03_municipal_solid_waste_renewable,14.03.05 Transportation equipment,16.03 Municipal solid waste (renewable),EBal|2023,/mnt/c/Users/Work/github/leap_utilities/data/leap balances exports/20_USA/full model output all years 492026 REF.xlsx,14_03_05_transportation_equipment,16_03_municipal_solid_waste_renewable,Transportation equipment,Municipal solid waste renewable
20_USA,Target,,esto__Transportation_equipment,14_03_05_transportation_equipment,Transportation equipment,Municipal solid waste (renewable),2022,0.0007082888362995707,Energy Balance,Petajoule,Energy balance (PJ),,16_03_municipal_solid_waste_renewable,14.03.05 Transportation equipment,16.03 Municipal solid waste (renewable),EBal|2022,/mnt/c/Users/Work/github/leap_utilities/data/leap balances exports/20_USA/full model output all years 492026 TGT.xlsx,14_03_05_transportation_equipment,16_03_municipal_solid_waste_renewable,Transportation equipment,Municipal solid waste renewable
20_USA,Target,,esto__Transportation_equipment,14_03_05_transportation_equipment,Transportation equipment,Municipal solid waste (renewable),2023,0.0007146257461788552,Energy Balance,Petajoule,Energy balance (PJ),,16_03_municipal_solid_waste_renewable,14.03.05 Transportation equipment,16.03 Municipal solid waste (renewable),EBal|2023,/mnt/c/Users/Work/github/leap_utilities/data/leap balances exports/20_USA/full model output all years 492026 TGT.xlsx,14_03_05_transportation_equipment,16_03_municipal_solid_waste_renewable,Transportation equipment,Municipal solid waste renewable
20_USA,Reference,,esto__Transportation_equipment,14_03_05_transportation_equipment,Transportation equipment,Natural gas,2022,159.24919522694952,Energy Balance,Petajoule,Energy balance (PJ),,08_01_natural_gas,14.03.05 Transportation equipment,08.01 Natural gas,EBal|2022,/mnt/c/Users/Work/github/leap_utilities/data/leap balances exports/20_USA/full model output all years 492026 REF.xlsx,14_03_05_transportation_equipment,08_01_natural_gas,Transportation equipment,Natural Gas
20_USA,Reference,,esto__Transportation_equipment,14_03_05_transportation_equipment,Transportation equipment,Natural gas,2023,160.67396297421365,Energy Balance,Petajoule,Energy balance (PJ),,08_01_natural_gas,14.03.05 Transportation equipment,08.01 Natural gas,EBal|2023,/mnt/c/Users/Work/github/leap_utilities/data/leap balances exports/20_USA/full model output all years 492026 REF.xlsx,14_03_05_transportation_equipment,08_01_natural_gas,Transportation equipment,Natural Gas
20_USA,Reference,,esto__Transportation_equipment,14_03_05_transportation_equipment,Transportation equipment,Natural gas,2024,163.47268681600585,Energy Balance,Petajoule,Energy balance (PJ),,08_01_natural_gas,14.03.05 Transportation equipment,08.01 Natural gas,EBal|2024,/mnt/c/Users/Work/github/leap_utilities/data/leap balances exports/20_USA/full model output all years 492026 REF.xlsx,14_03_05_transportation_equipment,08_01_natural_gas,Transportation equipment,Natural Gas
20_USA,Reference,,esto__Transportation_equipment,14_03_05_transportation_equipment,Transportation equipment,Natural gas,2025,165.27589392455315,Energy Balance,Petajoule,Energy balance (PJ),,08_01_natural_gas,14.03.05 Transportation equipment,08.01 Natural gas,EBal|2025,/mnt/c/Users/Work/github/leap_utilities/data/leap balances exports/20_USA/full model output all years 492026 REF.xlsx,14_03_05_transportation_equipment,08_01_natural_gas,Transportation equipment,Natural Gas
20_USA,Reference,,esto__Transportation_equipment,14_03_05_transportation_equipment,Transportation equipment,Natural gas,2026,166.99403933210343,Energy Balance,Petajoule,Energy balance (PJ),,08_01_natural_gas,14.03.05 Transportation equipment,08.01 Natural gas,EBal|2026,/mnt/c/Users/Work/github/leap_utilities/data/leap balances exports/20_USA/full model output all years 492026 REF.xlsx,14_03_05_transportation_equipment,08_01_natural_gas,Transportation equipment,Natural Gas
20_USA,Reference,,esto__Transportation_equipment,14_03_05_transportation_equipment,Transportation equipment,Natural gas,2027,168.6286649057424,Energy Balance,Petajoule,Energy balance (PJ),,08_01_natural_gas,14.03.05 Transportation equipment,08.01 Natural gas,EBal|2027,/mnt/c/Users/Work/github/leap_utilities/data/leap balances exports/20_USA/full model output all years 492026 REF.xlsx,14_03_05_transportation_equipment,08_01_natural_gas,Transportation equipment,Natural Gas
20_USA,Reference,,esto__Transportation_equipment,14_03_05_transportation_equipment,Transportation equipment,Natural gas,2028,170.1812932808345,Energy Balance,Petajoule,Energy balance (PJ),,08_01_natural_gas,14.03.05 Transportation equipment,08.01 Natural gas,EBal|2028,/mnt/c/Users/Work/github/leap_utilities/data/leap balances exports/20_USA/full model output all years 492026 REF.xlsx,14_03_05_transportation_equipment,08_01_natural_gas,Transportation equipment,Natural Gas
20_USA,Reference,,esto__Transportation_equipment,14_03_05_transportation_equipment,Transportation equipment,Natural gas,2029,171.65342828355207,Energy Balance,Petajoule,Energy balance (PJ),,08_01_natural_gas,14.03.05 Transportation equipment,08.01 Natural gas,EBal|2029,/mnt/c/Users/Work/github/leap_utilities/data/leap balances exports/20_USA/full model output all years 492026 REF.xlsx,14_03_05_transportation_equipment,08_01_natural_gas,Transportation equipment,Natural Gas
20_USA,Reference,,esto__Transportation_equipment,14_03_05_transportation_equipment,Transportation equipment,Natural gas,2030,173.04655511387168,Energy Balance,Petajoule,Energy balance (PJ),,08_01_natural_gas,14.03.05 Transportation equipment,08.01 Natural gas,EBal|2030,/mnt/c/Users/Work/github/leap_utilities/data/leap balances exports/20_USA/full model output all years 492026 REF.xlsx,14_03_05_transportation_equipment,08_01_natural_gas,Transportation equipment,Natural Gas
20_USA,Reference,,esto__Transportation_equipment,14_03_05_transportation_equipment,Transportation equipment,Natural gas,2031,174.36214019485536,Energy Balance,Petajoule,Energy balance (PJ),,08_01_natural_gas,14.03.05 Transportation equipment,08.01 Natural gas,EBal|2031,/mnt/c/Users/Work/github/leap_utilities/data/leap balances exports/20_USA/full model output all years 492026 REF.xlsx,14_03_05_transportation_equipment,08_01_natural_gas,Transportation equipment,Natural Gas
20_USA,Reference,,esto__Transportation_equipment,14_03_05_transportation_equipment,Transportation equipment,Natural gas,2032,175.60163200814964,Energy Balance,Petajoule,Energy balance (PJ),,08_01_natural_gas,14.03.05 Transportation equipment,08.01 Natural gas,EBal|2032,/mnt/c/Users/Work/github/leap_utilities/data/leap balances exports/20_USA/full model output all years 492026 REF.xlsx,14_03_05_transportation_equipment,08_01_natural_gas,Transportation equipment,Natural Gas
20_USA,Reference,,esto__Transportation_equipment,14_03_05_transportation_equipment,Transportation equipment,Natural gas,2033,176.7664604894052,Energy Balance,Petajoule,Energy balance (PJ),,08_01_natural_gas,14.03.05 Transportation equipment,08.01 Natural gas,EBal|2033,/mnt/c/Users/Work/github/leap_utilities/data/leap balances exports/20_USA/full model output all years 492026 REF.xlsx,14_03_05_transportation_equipment,08_01_natural_gas,Transportation equipment,Natural Gas
20_USA,Reference,,esto__Transportation_equipment,14_03_05_transportation_equipment,Transportation equipment,Natural gas,2034,177.85803800001318,Energy Balance,Petajoule,Energy balance (PJ),,08_01_natural_gas,14.03.05 Transportation equipment,08.01 Natural gas,EBal|2034,/mnt/c/Users/Work/github/leap_utilities/data/leap balances exports/20_USA/full model output all years 492026 REF.xlsx,14_03_05_transportation_equipment,08_01_natural_gas,Transportation equipment,Natural Gas
20_USA,Reference,,esto__Transportation_equipment,14_03_05_transportation_equipment,Transportation equipment,Natural gas,2035,178.8777589077183,Energy Balance,Petajoule,Energy balance (PJ),,08_01_natural_gas,14.03.05 Transportation equipment,08.01 Natural gas,EBal|2035,/mnt/c/Users/Work/github/leap_utilities/data/leap balances exports/20_USA/full model output all years 492026 REF.xlsx,14_03_05_transportation_equipment,08_01_natural_gas,Transportation equipment,Natural Gas
20_USA,Reference,,esto__Transportation_equipment,14_03_05_transportation_equipment,Transportation equipment,Natural gas,2036,179.82699990922052,Energy Balance,Petajoule,Energy balance (PJ),,08_01_natural_gas,14.03.05 Transportation equipment,08.01 Natural gas,EBal|2036,/mnt/c/Users/Work/github/leap_utilities/data/leap balances exports/20_USA/full model output all years 492026 REF.xlsx,14_03_05_transportation_equipment,08_01_natural_gas,Transportation equipment,Natural Gas
20_USA,Reference,,esto__Transportation_equipment,14_03_05_transportation_equipment,Transportation equipment,Natural gas,2037,180.70712064534877,Energy Balance,Petajoule,Energy balance (PJ),,08_01_natural_gas,14.03.05 Transportation equipment,08.01 Natural gas,EBal|2037,/mnt/c/Users/Work/github/leap_utilities/data/leap balances exports/20_USA/full model output all years 492026 REF.xlsx,14_03_05_transportation_equipment,08_01_natural_gas,Transportation equipment,Natural Gas
20_USA,Reference,,esto__Transportation_equipment,14_03_05_transportation_equipment,Transportation equipment,Natural gas,2038,181.51946308859698,Energy Balance,Petajoule,Energy balance (PJ),,08_01_natural_gas,14.03.05 Transportation equipment,08.01 Natural gas,EBal|2038,/mnt/c/Users/Work/github/leap_utilities/data/leap balances exports/20_USA/full model output all years 492026 REF.xlsx,14_03_05_transportation_equipment,08_01_natural_gas,Transportation equipment,Natural Gas
20_USA,Reference,,esto__Transportation_equipment,14_03_05_transportation_equipment,Transportation equipment,Natural gas,2039,182.26535243899875,Energy Balance,Petajoule,Energy balance (PJ),,08_01_natural_gas,14.03.05 Transportation equipment,08.01 Natural gas,EBal|2039,/mnt/c/Users/Work/github/leap_utilities/data/leap balances exports/20_USA/full model output all years 492026 REF.xlsx,14_03_05_transportation_equipment,08_01_natural_gas,Transportation equipment,Natural Gas
20_USA,Reference,,esto__Transportation_equipment,14_03_05_transportation_equipment,Transportation equipment,Natural gas,2040,182.9460968842006,Energy Balance,Petajoule,Energy balance (PJ),,08_01_natural_gas,14.03.05 Transportation equipment,08.01 Natural gas,EBal|2040,/mnt/c/Users/Work/github/leap_utilities/data/leap balances exports/20_USA/full model output all years 492026 REF.xlsx,14_03_05_transportation_equipment,08_01_natural_gas,Transportation equipment,Natural Gas
20_USA,Reference,,esto__Transportation_equipment,14_03_05_transportation_equipment,Transportation equipment,Natural gas,2041,183.56298800602426,Energy Balance,Petajoule,Energy balance (PJ),,08_01_natural_gas,14.03.05 Transportation equipment,08.01 Natural gas,EBal|2041,/mnt/c/Users/Work/github/leap_utilities/data/leap balances exports/20_USA/full model output all years 492026 REF.xlsx,14_03_05_transportation_equipment,08_01_natural_gas,Transportation equipment,Natural Gas
20_USA,Reference,,esto__Transportation_equipment,14_03_05_transportation_equipment,Transportation equipment,Natural gas,2042,184.11730058743296,Energy Balance,Petajoule,Energy balance (PJ),,08_01_natural_gas,14.03.05 Transportation equipment,08.01 Natural gas,EBal|2042,/mnt/c/Users/Work/github/leap_utilities/data/leap balances exports/20_USA/full model output all years 492026 REF.xlsx,14_03_05_transportation_equipment,08_01_natural_gas,Transportation equipment,Natural Gas
20_USA,Reference,,esto__Transportation_equipment,14_03_05_transportation_equipment,Transportation equipment,Natural gas,2043,184.61029341191684,Energy Balance,Petajoule,Energy balance (PJ),,08_01_natural_gas,14.03.05 Transportation equipment,08.01 Natural gas,EBal|2043,/mnt/c/Users/Work/github/leap_utilities/data/leap balances exports/20_USA/full model output all years 492026 REF.xlsx,14_03_05_transportation_equipment,08_01_natural_gas,Transportation equipment,Natural Gas
20_USA,Reference,,esto__Transportation_equipment,14_03_05_transportation_equipment,Transportation equipment,Natural gas,2044,185.04320871653235,Energy Balance,Petajoule,Energy balance (PJ),,08_01_natural_gas,14.03.05 Transportation equipment,08.01 Natural gas,EBal|2044,/mnt/c/Users/Work/github/leap_utilities/data/leap balances exports/20_USA/full model output all years 492026 REF.xlsx,14_03_05_transportation_equipment,08_01_natural_gas,Transportation equipment,Natural Gas
20_USA,Reference,,esto__Transportation_equipment,14_03_05_transportation_equipment,Transportation equipment,Natural gas,2045,185.4172729395022,Energy Balance,Petajoule,Energy balance (PJ),,08_01_natural_gas,14.03.05 Transportation equipment,08.01 Natural gas,EBal|2045,/mnt/c/Users/Work/github/leap_utilities/data/leap balances exports/20_USA/full model output all years 492026 REF.xlsx,14_03_05_transportation_equipment,08_01_natural_gas,Transportation equipment,Natural Gas
20_USA,Reference,,esto__Transportation_equipment,14_03_05_transportation_equipment,Transportation equipment,Natural gas,2046,185.73369649889077,Energy Balance,Petajoule,Energy balance (PJ),,08_01_natural_gas,14.03.05 Transportation equipment,08.01 Natural gas,EBal|2046,/mnt/c/Users/Work/github/leap_utilities/data/leap balances exports/20_USA/full model output all years 492026 REF.xlsx,14_03_05_transportation_equipment,08_01_natural_gas,Transportation equipment,Natural Gas
20_USA,Reference,,esto__Transportation_equipment,14_03_05_transportation_equipment,Transportation equipment,Natural gas,2047,185.99367407913388,Energy Balance,Petajoule,Energy balance (PJ),,08_01_natural_gas,14.03.05 Transportation equipment,08.01 Natural gas,EBal|2047,/mnt/c/Users/Work/github/leap_utilities/data/leap balances exports/20_USA/full model output all years 492026 REF.xlsx,14_03_05_transportation_equipment,08_01_natural_gas,Transportation equipment,Natural Gas
20_USA,Reference,,esto__Transportation_equipment,14_03_05_transportation_equipment,Transportation equipment,Natural gas,2048,186.19838491803597,Energy Balance,Petajoule,Energy balance (PJ),,08_01_natural_gas,14.03.05 Transportation equipment,08.01 Natural gas,EBal|2048,/mnt/c/Users/Work/github/leap_utilities/data/leap balances exports/20_USA/full model output all years 492026 REF.xlsx,14_03_05_transportation_equipment,08_01_natural_gas,Transportation equipment,Natural Gas
20_USA,Reference,,esto__Transportation_equipment,14_03_05_transportation_equipment,Transportation equipment,Natural gas,2049,186.34899291597685,Energy Balance,Petajoule,Energy balance (PJ),,08_01_natural_gas,14.03.05 Transportation equipment,08.01 Natural gas,EBal|2049,/mnt/c/Users/Work/github/leap_utilities/data/leap balances exports/20_USA/full model output all years 492026 REF.xlsx,14_03_05_transportation_equipment,08_01_natural_gas,Transportation equipment,Natural Gas
20_USA,Reference,,esto__Transportation_equipment,14_03_05_transportation_equipment,Transportation equipment,Natural gas,2050,186.44664641963007,Energy Balance,Petajoule,Energy balance (PJ),,08_01_natural_gas,14.03.05 Transportation equipment,08.01 Natural gas,EBal|2050,/mnt/c/Users/Work/github/leap_utilities/data/leap balances exports/20_USA/full model output all years 492026 REF.xlsx,14_03_05_transportation_equipment,08_01_natural_gas,Transportation equipment,Natural Gas
20_USA,Reference,,esto__Transportation_equipment,14_03_05_transportation_equipment,Transportation equipment,Natural gas,2051,186.49247921276017,Energy Balance,Petajoule,Energy balance (PJ),,08_01_natural_gas,14.03.05 Transportation equipment,08.01 Natural gas,EBal|2051,/mnt/c/Users/Work/github/leap_utilities/data/leap balances exports/20_USA/full model output all years 492026 REF.xlsx,14_03_05_transportation_equipment,08_01_natural_gas,Transportation equipment,Natural Gas
20_USA,Reference,,esto__Transportation_equipment,14_03_05_transportation_equipment,Transportation equipment,Natural gas,2052,186.4876096315322,Energy Balance,Petajoule,Energy balance (PJ),,08_01_natural_gas,14.03.05 Transportation equipment,08.01 Natural gas,EBal|2052,/mnt/c/Users/Work/github/leap_utilities/data/leap balances exports/20_USA/full model output all years 492026 REF.xlsx,14_03_05_transportation_equipment,08_01_natural_gas,Transportation equipment,Natural Gas
20_USA,Reference,,esto__Transportation_equipment,14_03_05_transportation_equipment,Transportation equipment,Natural gas,2053,186.4331416011498,Energy Balance,Petajoule,Energy balance (PJ),,08_01_natural_gas,14.03.05 Transportation equipment,08.01 Natural gas,EBal|2053,/mnt/c/Users/Work/github/leap_utilities/data/leap balances exports/20_USA/full model output all years 492026 REF.xlsx,14_03_05_transportation_equipment,08_01_natural_gas,Transportation equipment,Natural Gas
20_USA,Reference,,esto__Transportation_equipment,14_03_05_transportation_equipment,Transportation equipment,Natural gas,2054,186.3301642717089,Energy Balance,Petajoule,Energy balance (PJ),,08_01_natural_gas,14.03.05 Transportation equipment,08.01 Natural gas,EBal|2054,/mnt/c/Users/Work/github/leap_utilities/data/leap balances exports/20_USA/full model output all years 492026 REF.xlsx,14_03_05_transportation_equipment,08_01_natural_gas,Transportation equipment,Natural Gas
20_USA,Reference,,esto__Transportation_equipment,14_03_05_transportation_equipment,Transportation equipment,Natural gas,2055,186.17975243302968,Energy Balance,Petajoule,Energy balance (PJ),,08_01_natural_gas,14.03.05 Transportation equipment,08.01 Natural gas,EBal|2055,/mnt/c/Users/Work/github/leap_utilities/data/leap balances exports/20_USA/full model output all years 492026 REF.xlsx,14_03_05_transportation_equipment,08_01_natural_gas,Transportation equipment,Natural Gas
20_USA,Reference,,esto__Transportation_equipment,14_03_05_transportation_equipment,Transportation equipment,Natural gas,2056,185.9829664985251,Energy Balance,Petajoule,Energy balance (PJ),,08_01_natural_gas,14.03.05 Transportation equipment,08.01 Natural gas,EBal|2056,/mnt/c/Users/Work/github/leap_utilities/data/leap balances exports/20_USA/full model output all years 492026 REF.xlsx,14_03_05_transportation_equipment,08_01_natural_gas,Transportation equipment,Natural Gas
20_USA,Reference,,esto__Transportation_equipment,14_03_05_transportation_equipment,Transportation equipment,Natural gas,2057,185.74085279323808,Energy Balance,Petajoule,Energy balance (PJ),,08_01_natural_gas,14.03.05 Transportation equipment,08.01 Natural gas,EBal|2057,/mnt/c/Users/Work/github/leap_utilities/data/leap balances exports/20_USA/full model output all years 492026 REF.xlsx,14_03_05_transportation_equipment,08_01_natural_gas,Transportation equipment,Natural Gas
20_USA,Reference,,esto__Transportation_equipment,14_03_05_transportation_equipment,Transportation equipment,Natural gas,2058,185.45444351724225,Energy Balance,Petajoule,Energy balance (PJ),,08_01_natural_gas,14.03.05 Transportation equipment,08.01 Natural gas,EBal|2058,/mnt/c/Users/Work/github/leap_utilities/data/leap balances exports/20_USA/full model output all years 492026 REF.xlsx,14_03_05_transportation_equipment,08_01_natural_gas,Transportation equipment,Natural Gas
20_USA,Reference,,esto__Transportation_equipment,14_03_05_transportation_equipment,Transportation equipment,Natural gas,2059,184.98531189109627,Energy Balance,Petajoule,Energy balance (PJ),,08_01_natural_gas,14.03.05 Transportation equipment,08.01 Natural gas,EBal|2059,/mnt/c/Users/Work/github/leap_utilities/data/leap balances exports/20_USA/full model output all years 492026 REF.xlsx,14_03_05_transportation_equipment,08_01_natural_gas,Transportation equipment,Natural Gas
20_USA,Reference,,esto__Transportation_equipment,14_03_05_transportation_equipment,Transportation equipment,Natural gas,2060,183.90553969515508,Energy Balance,Petajoule,Energy balance (PJ),,08_01_natural_gas,14.03.05 Transportation equipment,08.01 Natural gas,EBal|2060,/mnt/c/Users/Work/github/leap_utilities/data/leap balances exports/20_USA/full model output all years 492026 REF.xlsx,14_03_05_transportation_equipment,08_01_natural_gas,Transportation equipment,Natural Gas
20_USA,Target,,esto__Transportation_equipment,14_03_05_transportation_equipment,Transportation equipment,Natural gas,2022,159.24919522694952,Energy Balance,Petajoule,Energy balance (PJ),,08_01_natural_gas,14.03.05 Transportation equipment,08.01 Natural gas,EBal|2022,/mnt/c/Users/Work/github/leap_utilities/data/leap balances exports/20_USA/full model output all years 492026 TGT.xlsx,14_03_05_transportation_equipment,08_01_natural_gas,Transportation equipment,Natural Gas
20_USA,Target,,esto__Transportation_equipment,14_03_05_transportation_equipment,Transportation equipment,Natural gas,2023,160.67396301866413,Energy Balance,Petajoule,Energy balance (PJ),,08_01_natural_gas,14.03.05 Transportation equipment,08.01 Natural gas,EBal|2023,/mnt/c/Users/Work/github/leap_utilities/data/leap balances exports/20_USA/full model output all years 492026 TGT.xlsx,14_03_05_transportation_equipment,08_01_natural_gas,Transportation equipment,Natural Gas
20_USA,Target,,esto__Transportation_equipment,14_03_05_transportation_equipment,Transportation equipment,Natural gas,2024,163.47268681600585,Energy Balance,Petajoule,Energy balance (PJ),,08_01_natural_gas,14.03.05 Transportation equipment,08.01 Natural gas,EBal|2024,/mnt/c/Users/Work/github/leap_utilities/data/leap balances exports/20_USA/full model output all years 492026 TGT.xlsx,14_03_05_transportation_equipment,08_01_natural_gas,Transportation equipment,Natural Gas
20_USA,Target,,esto__Transportation_equipment,14_03_05_transportation_equipment,Transportation equipment,Natural gas,2025,165.27589388035037,Energy Balance,Petajoule,Energy balance (PJ),,08_01_natural_gas,14.03.05 Transportation equipment,08.01 Natural gas,EBal|2025,/mnt/c/Users/Work/github/leap_utilities/data/leap balances exports/20_USA/full model output all years 492026 TGT.xlsx,14_03_05_transportation_equipment,08_01_natural_gas,Transportation equipment,Natural Gas
20_USA,Target,,esto__Transportation_equipment,14_03_05_transportation_equipment,Transportation equipment,Natural gas,2026,166.99403928810554,Energy Balance,Petajoule,Energy balance (PJ),,08_01_natural_gas,14.03.05 Transportation equipment,08.01 Natural gas,EBal|2026,/mnt/c/Users/Work/github/leap_utilities/data/leap balances exports/20_USA/full model output all years 492026 TGT.xlsx,14_03_05_transportation_equipment,08_01_natural_gas,Transportation equipment,Natural Gas
20_USA,Target,,esto__Transportation_equipment,14_03_05_transportation_equipment,Transportation equipment,Natural gas,2027,168.6286649057424,Energy Balance,Petajoule,Energy balance (PJ),,08_01_natural_gas,14.03.05 Transportation equipment,08.01 Natural gas,EBal|2027,/mnt/c/Users/Work/github/leap_utilities/data/leap balances exports/20_USA/full model output all years 492026 TGT.xlsx,14_03_05_transportation_equipment,08_01_natural_gas,Transportation equipment,Natural Gas
20_USA,Target,,esto__Transportation_equipment,14_03_05_transportation_equipment,Transportation equipment,Natural gas,2028,170.1812932808345,Energy Balance,Petajoule,Energy balance (PJ),,08_01_natural_gas,14.03.05 Transportation equipment,08.01 Natural gas,EBal|2028,/mnt/c/Users/Work/github/leap_utilities/data/leap balances exports/20_USA/full model output all years 492026 TGT.xlsx,14_03_05_transportation_equipment,08_01_natural_gas,Transportation equipment,Natural Gas
20_USA,Target,,esto__Transportation_equipment,14_03_05_transportation_equipment,Transportation equipment,Natural gas,2029,171.65342828355207,Energy Balance,Petajoule,Energy balance (PJ),,08_01_natural_gas,14.03.05 Transportation equipment,08.01 Natural gas,EBal|2029,/mnt/c/Users/Work/github/leap_utilities/data/leap balances exports/20_USA/full model output all years 492026 TGT.xlsx,14_03_05_transportation_equipment,08_01_natural_gas,Transportation equipment,Natural Gas
20_USA,Target,,esto__Transportation_equipment,14_03_05_transportation_equipment,Transportation equipment,Natural gas,2030,173.04655511387168,Energy Balance,Petajoule,Energy balance (PJ),,08_01_natural_gas,14.03.05 Transportation equipment,08.01 Natural gas,EBal|2030,/mnt/c/Users/Work/github/leap_utilities/data/leap balances exports/20_USA/full model output all years 492026 TGT.xlsx,14_03_05_transportation_equipment,08_01_natural_gas,Transportation equipment,Natural Gas
20_USA,Target,,esto__Transportation_equipment,14_03_05_transportation_equipment,Transportation equipment,Natural gas,2031,174.36214019485536,Energy Balance,Petajoule,Energy balance (PJ),,08_01_natural_gas,14.03.05 Transportation equipment,08.01 Natural gas,EBal|2031,/mnt/c/Users/Work/github/leap_utilities/data/leap balances exports/20_USA/full model output all years 492026 TGT.xlsx,14_03_05_transportation_equipment,08_01_natural_gas,Transportation equipment,Natural Gas
20_USA,Target,,esto__Transportation_equipment,14_03_05_transportation_equipment,Transportation equipment,Natural gas,2032,175.60163200814964,Energy Balance,Petajoule,Energy balance (PJ),,08_01_natural_gas,14.03.05 Transportation equipment,08.01 Natural gas,EBal|2032,/mnt/c/Users/Work/github/leap_utilities/data/leap balances exports/20_USA/full model output all years 492026 TGT.xlsx,14_03_05_transportation_equipment,08_01_natural_gas,Transportation equipment,Natural Gas
20_USA,Target,,esto__Transportation_equipment,14_03_05_transportation_equipment,Transportation equipment,Natural gas,2033,176.7664604894052,Energy Balance,Petajoule,Energy balance (PJ),,08_01_natural_gas,14.03.05 Transportation equipment,08.01 Natural gas,EBal|2033,/mnt/c/Users/Work/github/leap_utilities/data/leap balances exports/20_USA/full model output all years 492026 TGT.xlsx,14_03_05_transportation_equipment,08_01_natural_gas,Transportation equipment,Natural Gas
20_USA,Target,,esto__Transportation_equipment,14_03_05_transportation_equipment,Transportation equipment,Natural gas,2034,177.85803800001318,Energy Balance,Petajoule,Energy balance (PJ),,08_01_natural_gas,14.03.05 Transportation equipment,08.01 Natural gas,EBal|2034,/mnt/c/Users/Work/github/leap_utilities/data/leap balances exports/20_USA/full model output all years 492026 TGT.xlsx,14_03_05_transportation_equipment,08_01_natural_gas,Transportation equipment,Natural Gas
20_USA,Target,,esto__Transportation_equipment,14_03_05_transportation_equipment,Transportation equipment,Natural gas,2035,178.8777589077183,Energy Balance,Petajoule,Energy balance (PJ),,08_01_natural_gas,14.03.05 Transportation equipment,08.01 Natural gas,EBal|2035,/mnt/c/Users/Work/github/leap_utilities/data/leap balances exports/20_USA/full model output all years 492026 TGT.xlsx,14_03_05_transportation_equipment,08_01_natural_gas,Transportation equipment,Natural Gas
20_USA,Target,,esto__Transportation_equipment,14_03_05_transportation_equipment,Transportation equipment,Natural gas,2036,179.82699990922052,Energy Balance,Petajoule,Energy balance (PJ),,08_01_natural_gas,14.03.05 Transportation equipment,08.01 Natural gas,EBal|2036,/mnt/c/Users/Work/github/leap_utilities/data/leap balances exports/20_USA/full model output all years 492026 TGT.xlsx,14_03_05_transportation_equipment,08_01_natural_gas,Transportation equipment,Natural Gas
20_USA,Target,,esto__Transportation_equipment,14_03_05_transportation_equipment,Transportation equipment,Natural gas,2037,180.70712060266172,Energy Balance,Petajoule,Energy balance (PJ),,08_01_natural_gas,14.03.05 Transportation equipment,08.01 Natural gas,EBal|2037,/mnt/c/Users/Work/github/leap_utilities/data/leap balances exports/20_USA/full model output all years 492026 TGT.xlsx,14_03_05_transportation_equipment,08_01_natural_gas,Transportation equipment,Natural Gas
20_USA,Target,,esto__Transportation_equipment,14_03_05_transportation_equipment,Transportation equipment,Natural gas,2038,181.51946308859698,Energy Balance,Petajoule,Energy balance (PJ),,08_01_natural_gas,14.03.05 Transportation equipment,08.01 Natural gas,EBal|2038,/mnt/c/Users/Work/github/leap_utilities/data/leap balances exports/20_USA/full model output all years 492026 TGT.xlsx,14_03_05_transportation_equipment,08_01_natural_gas,Transportation equipment,Natural Gas
20_USA,Target,,esto__Transportation_equipment,14_03_05_transportation_equipment,Transportation equipment,Natural gas,2039,182.2653523965453,Energy Balance,Petajoule,Energy balance (PJ),,08_01_natural_gas,14.03.05 Transportation equipment,08.01 Natural gas,EBal|2039,/mnt/c/Users/Work/github/leap_utilities/data/leap balances exports/20_USA/full model output all years 492026 TGT.xlsx,14_03_05_transportation_equipment,08_01_natural_gas,Transportation equipment,Natural Gas
20_USA,Target,,esto__Transportation_equipment,14_03_05_transportation_equipment,Transportation equipment,Natural gas,2040,182.9460968842006,Energy Balance,Petajoule,Energy balance (PJ),,08_01_natural_gas,14.03.05 Transportation equipment,08.01 Natural gas,EBal|2040,/mnt/c/Users/Work/github/leap_utilities/data/leap balances exports/20_USA/full model output all years 492026 TGT.xlsx,14_03_05_transportation_equipment,08_01_natural_gas,Transportation equipment,Natural Gas
20_USA,Target,,esto__Transportation_equipment,14_03_05_transportation_equipment,Transportation equipment,Natural gas,2041,183.56298800602426,Energy Balance,Petajoule,Energy balance (PJ),,08_01_natural_gas,14.03.05 Transportation equipment,08.01 Natural gas,EBal|2041,/mnt/c/Users/Work/github/leap_utilities/data/leap balances exports/20_USA/full model output all years 492026 TGT.xlsx,14_03_05_transportation_equipment,08_01_natural_gas,Transportation equipment,Natural Gas
20_USA,Target,,esto__Transportation_equipment,14_03_05_transportation_equipment,Transportation equipment,Natural gas,2042,184.11730058743296,Energy Balance,Petajoule,Energy balance (PJ),,08_01_natural_gas,14.03.05 Transportation equipment,08.01 Natural gas,EBal|2042,/mnt/c/Users/Work/github/leap_utilities/data/leap balances exports/20_USA/full model output all years 492026 TGT.xlsx,14_03_05_transportation_equipment,08_01_natural_gas,Transportation equipment,Natural Gas
20_USA,Target,,esto__Transportation_equipment,14_03_05_transportation_equipment,Transportation equipment,Natural gas,2043,184.61029341191684,Energy Balance,Petajoule,Energy balance (PJ),,08_01_natural_gas,14.03.05 Transportation equipment,08.01 Natural gas,EBal|2043,/mnt/c/Users/Work/github/leap_utilities/data/leap balances exports/20_USA/full model output all years 492026 TGT.xlsx,14_03_05_transportation_equipment,08_01_natural_gas,Transportation equipment,Natural Gas
20_USA,Target,,esto__Transportation_equipment,14_03_05_transportation_equipment,Transportation equipment,Natural gas,2044,185.04320871653235,Energy Balance,Petajoule,Energy balance (PJ),,08_01_natural_gas,14.03.05 Transportation equipment,08.01 Natural gas,EBal|2044,/mnt/c/Users/Work/github/leap_utilities/data/leap balances exports/20_USA/full model output all years 492026 TGT.xlsx,14_03_05_transportation_equipment,08_01_natural_gas,Transportation equipment,Natural Gas
20_USA,Target,,esto__Transportation_equipment,14_03_05_transportation_equipment,Transportation equipment,Natural gas,2045,185.41727289770972,Energy Balance,Petajoule,Energy balance (PJ),,08_01_natural_gas,14.03.05 Transportation equipment,08.01 Natural gas,EBal|2045,/mnt/c/Users/Work/github/leap_utilities/data/leap balances exports/20_USA/full model output all years 492026 TGT.xlsx,14_03_05_transportation_equipment,08_01_natural_gas,Transportation equipment,Natural Gas
20_USA,Target,,esto__Transportation_equipment,14_03_05_transportation_equipment,Transportation equipment,Natural gas,2046,185.73369649889077,Energy Balance,Petajoule,Energy balance (PJ),,08_01_natural_gas,14.03.05 Transportation equipment,08.01 Natural gas,EBal|2046,/mnt/c/Users/Work/github/leap_utilities/data/leap balances exports/20_USA/full model output all years 492026 TGT.xlsx,14_03_05_transportation_equipment,08_01_natural_gas,Transportation equipment,Natural Gas
20_USA,Target,,esto__Transportation_equipment,14_03_05_transportation_equipment,Transportation equipment,Natural gas,2047,185.99367412037876,Energy Balance,Petajoule,Energy balance (PJ),,08_01_natural_gas,14.03.05 Transportation equipment,08.01 Natural gas,EBal|2047,/mnt/c/Users/Work/github/leap_utilities/data/leap balances exports/20_USA/full model output all years 492026 TGT.xlsx,14_03_05_transportation_equipment,08_01_natural_gas,Transportation equipment,Natural Gas
20_USA,Target,,esto__Transportation_equipment,14_03_05_transportation_equipment,Transportation equipment,Natural gas,2048,186.19838491803597,Energy Balance,Petajoule,Energy balance (PJ),,08_01_natural_gas,14.03.05 Transportation equipment,08.01 Natural gas,EBal|2048,/mnt/c/Users/Work/github/leap_utilities/data/leap balances exports/20_USA/full model output all years 492026 TGT.xlsx,14_03_05_transportation_equipment,08_01_natural_gas,Transportation equipment,Natural Gas
20_USA,Target,,esto__Transportation_equipment,14_03_05_transportation_equipment,Transportation equipment,Natural gas,2049,186.34899291597685,Energy Balance,Petajoule,Energy balance (PJ),,08_01_natural_gas,14.03.05 Transportation equipment,08.01 Natural gas,EBal|2049,/mnt/c/Users/Work/github/leap_utilities/data/leap balances exports/20_USA/full model output all years 492026 TGT.xlsx,14_03_05_transportation_equipment,08_01_natural_gas,Transportation equipment,Natural Gas
20_USA,Target,,esto__Transportation_equipment,14_03_05_transportation_equipment,Transportation equipment,Natural gas,2050,186.44664641963007,Energy Balance,Petajoule,Energy balance (PJ),,08_01_natural_gas,14.03.05 Transportation equipment,08.01 Natural gas,EBal|2050,/mnt/c/Users/Work/github/leap_utilities/data/leap balances exports/20_USA/full model output all years 492026 TGT.xlsx,14_03_05_transportation_equipment,08_01_natural_gas,Transportation equipment,Natural Gas
20_USA,Target,,esto__Transportation_equipment,14_03_05_transportation_equipment,Transportation equipment,Natural gas,2051,186.49247921276017,Energy Balance,Petajoule,Energy balance (PJ),,08_01_natural_gas,14.03.05 Transportation equipment,08.01 Natural gas,EBal|2051,/mnt/c/Users/Work/github/leap_utilities/data/leap balances exports/20_USA/full model output all years 492026 TGT.xlsx,14_03_05_transportation_equipment,08_01_natural_gas,Transportation equipment,Natural Gas
20_USA,Target,,esto__Transportation_equipment,14_03_05_transportation_equipment,Transportation equipment,Natural gas,2052,186.48760959138974,Energy Balance,Petajoule,Energy balance (PJ),,08_01_natural_gas,14.03.05 Transportation equipment,08.01 Natural gas,EBal|2052,/mnt/c/Users/Work/github/leap_utilities/data/leap balances exports/20_USA/full model output all years 492026 TGT.xlsx,14_03_05_transportation_equipment,08_01_natural_gas,Transportation equipment,Natural Gas
20_USA,Target,,esto__Transportation_equipment,14_03_05_transportation_equipment,Transportation equipment,Natural gas,2053,186.4331416011498,Energy Balance,Petajoule,Energy balance (PJ),,08_01_natural_gas,14.03.05 Transportation equipment,08.01 Natural gas,EBal|2053,/mnt/c/Users/Work/github/leap_utilities/data/leap balances exports/20_USA/full model output all years 492026 TGT.xlsx,14_03_05_transportation_equipment,08_01_natural_gas,Transportation equipment,Natural Gas
20_USA,Target,,esto__Transportation_equipment,14_03_05_transportation_equipment,Transportation equipment,Natural gas,2054,186.33016431165092,Energy Balance,Petajoule,Energy balance (PJ),,08_01_natural_gas,14.03.05 Transportation equipment,08.01 Natural gas,EBal|2054,/mnt/c/Users/Work/github/leap_utilities/data/leap balances exports/20_USA/full model output all years 492026 TGT.xlsx,14_03_05_transportation_equipment,08_01_natural_gas,Transportation equipment,Natural Gas
20_USA,Target,,esto__Transportation_equipment,14_03_05_transportation_equipment,Transportation equipment,Natural gas,2055,186.1797523934923,Energy Balance,Petajoule,Energy balance (PJ),,08_01_natural_gas,14.03.05 Transportation equipment,08.01 Natural gas,EBal|2055,/mnt/c/Users/Work/github/leap_utilities/data/leap balances exports/20_USA/full model output all years 492026 TGT.xlsx,14_03_05_transportation_equipment,08_01_natural_gas,Transportation equipment,Natural Gas
20_USA,Target,,esto__Transportation_equipment,14_03_05_transportation_equipment,Transportation equipment,Natural gas,2056,185.9829664985251,Energy Balance,Petajoule,Energy balance (PJ),,08_01_natural_gas,14.03.05 Transportation equipment,08.01 Natural gas,EBal|2056,/mnt/c/Users/Work/github/leap_utilities/data/leap balances exports/20_USA/full model output all years 492026 TGT.xlsx,14_03_05_transportation_equipment,08_01_natural_gas,Transportation equipment,Natural Gas
20_USA,Target,,esto__Transportation_equipment,14_03_05_transportation_equipment,Transportation equipment,Natural gas,2057,185.74085279323808,Energy Balance,Petajoule,Energy balance (PJ),,08_01_natural_gas,14.03.05 Transportation equipment,08.01 Natural gas,EBal|2057,/mnt/c/Users/Work/github/leap_utilities/data/leap balances exports/20_USA/full model output all years 492026 TGT.xlsx,14_03_05_transportation_equipment,08_01_natural_gas,Transportation equipment,Natural Gas
20_USA,Target,,esto__Transportation_equipment,14_03_05_transportation_equipment,Transportation equipment,Natural gas,2058,185.45444351724225,Energy Balance,Petajoule,Energy balance (PJ),,08_01_natural_gas,14.03.05 Transportation equipment,08.01 Natural gas,EBal|2058,/mnt/c/Users/Work/github/leap_utilities/data/leap balances exports/20_USA/full model output all years 492026 TGT.xlsx,14_03_05_transportation_equipment,08_01_natural_gas,Transportation equipment,Natural Gas
20_USA,Target,,esto__Transportation_equipment,14_03_05_transportation_equipment,Transportation equipment,Natural gas,2059,184.98531189109627,Energy Balance,Petajoule,Energy balance (PJ),,08_01_natural_gas,14.03.05 Transportation equipment,08.01 Natural gas,EBal|2059,/mnt/c/Users/Work/github/leap_utilities/data/leap balances exports/20_USA/full model output all years 492026 TGT.xlsx,14_03_05_transportation_equipment,08_01_natural_gas,Transportation equipment,Natural Gas
20_USA,Target,,esto__Transportation_equipment,14_03_05_transportation_equipment,Transportation equipment,Natural gas,2060,183.90553969515508,Energy Balance,Petajoule,Energy balance (PJ),,08_01_natural_gas,14.03.05 Transportation equipment,08.01 Natural gas,EBal|2060,/mnt/c/Users/Work/github/leap_utilities/data/leap balances exports/20_USA/full model output all years 492026 TGT.xlsx,14_03_05_transportation_equipment,08_01_natural_gas,Transportation equipment,Natural Gas
20_USA,Reference,,esto__Transportation_equipment,14_03_05_transportation_equipment,Transportation equipment,Other biomass,2022,0.0007082888362995707,Energy Balance,Petajoule,Energy balance (PJ),,15_05_other_biomass,14.03.05 Transportation equipment,15.05 Other biomass,EBal|2022,/mnt/c/Users/Work/github/leap_utilities/data/leap balances exports/20_USA/full model output all years 492026 REF.xlsx,14_03_05_transportation_equipment,15_05_other_biomass,Transportation equipment,Other biomass
20_USA,Reference,,esto__Transportation_equipment,14_03_05_transportation_equipment,Transportation equipment,Other biomass,2023,0.0007146257459800243,Energy Balance,Petajoule,Energy balance (PJ),,15_05_other_biomass,14.03.05 Transportation equipment,15.05 Other biomass,EBal|2023,/mnt/c/Users/Work/github/leap_utilities/data/leap balances exports/20_USA/full model output all years 492026 REF.xlsx,14_03_05_transportation_equipment,15_05_other_biomass,Transportation equipment,Other biomass
20_USA,Target,,esto__Transportation_equipment,14_03_05_transportation_equipment,Transportation equipment,Other biomass,2022,0.0007082888362995707,Energy Balance,Petajoule,Energy balance (PJ),,15_05_other_biomass,14.03.05 Transportation equipment,15.05 Other biomass,EBal|2022,/mnt/c/Users/Work/github/leap_utilities/data/leap balances exports/20_USA/full model output all years 492026 TGT.xlsx,14_03_05_transportation_equipment,15_05_other_biomass,Transportation equipment,Other biomass
20_USA,Target,,esto__Transportation_equipment,14_03_05_transportation_equipment,Transportation equipment,Other biomass,2023,0.0007146257461788552,Energy Balance,Petajoule,Energy balance (PJ),,15_05_other_biomass,14.03.05 Transportation equipment,15.05 Other biomass,EBal|2023,/mnt/c/Users/Work/github/leap_utilities/data/leap balances exports/20_USA/full model output all years 492026 TGT.xlsx,14_03_05_transportation_equipment,15_05_other_biomass,Transportation equipment,Other biomass
20_USA,Reference,,esto__Transportation_equipment,14_03_05_transportation_equipment,Transportation equipment,Other liquid biofuels,2022,0.0007082888362995707,Energy Balance,Petajoule,Energy balance (PJ),,16_08_other_liquid_biofuels,14.03.05 Transportation equipment,16.08 Other liquid biofuels,EBal|2022,/mnt/c/Users/Work/github/leap_utilities/data/leap balances exports/20_USA/full model output all years 492026 REF.xlsx,14_03_05_transportation_equipment,16_08_other_liquid_biofuels,Transportation equipment,Other liquid biofuels
20_USA,Reference,,esto__Transportation_equipment,14_03_05_transportation_equipment,Transportation equipment,Other liquid biofuels,2023,0.0007146257459800243,Energy Balance,Petajoule,Energy balance (PJ),,16_08_other_liquid_biofuels,14.03.05 Transportation equipment,16.08 Other liquid biofuels,EBal|2023,/mnt/c/Users/Work/github/leap_utilities/data/leap balances exports/20_USA/full model output all years 492026 REF.xlsx,14_03_05_transportation_equipment,16_08_other_liquid_biofuels,Transportation equipment,Other liquid biofuels
20_USA,Target,,esto__Transportation_equipment,14_03_05_transportation_equipment,Transportation equipment,Other liquid biofuels,2022,0.0007082888362995707,Energy Balance,Petajoule,Energy balance (PJ),,16_08_other_liquid_biofuels,14.03.05 Transportation equipment,16.08 Other liquid biofuels,EBal|2022,/mnt/c/Users/Work/github/leap_utilities/data/leap balances exports/20_USA/full model output all years 492026 TGT.xlsx,14_03_05_transportation_equipment,16_08_other_liquid_biofuels,Transportation equipment,Other liquid biofuels
20_USA,Target,,esto__Transportation_equipment,14_03_05_transportation_equipment,Transportation equipment,Other liquid biofuels,2023,0.0007146257461788552,Energy Balance,Petajoule,Energy balance (PJ),,16_08_other_liquid_biofuels,14.03.05 Transportation equipment,16.08 Other liquid biofuels,EBal|2023,/mnt/c/Users/Work/github/leap_utilities/data/leap balances exports/20_USA/full model output all years 492026 TGT.xlsx,14_03_05_transportation_equipment,16_08_other_liquid_biofuels,Transportation equipment,Other liquid biofuels
20_USA,Reference,,esto__Transportation_equipment,14_03_05_transportation_equipment,Transportation equipment,Other sources,2022,0.0007082888362995707,Energy Balance,Petajoule,Energy balance (PJ),,16_09_other_sources,14.03.05 Transportation equipment,16.09 Other sources,EBal|2022,/mnt/c/Users/Work/github/leap_utilities/data/leap balances exports/20_USA/full model output all years 492026 REF.xlsx,14_03_05_transportation_equipment,16_09_other_sources,Transportation equipment,Other sources
20_USA,Reference,,esto__Transportation_equipment,14_03_05_transportation_equipment,Transportation equipment,Other sources,2023,0.0007146257459800243,Energy Balance,Petajoule,Energy balance (PJ),,16_09_other_sources,14.03.05 Transportation equipment,16.09 Other sources,EBal|2023,/mnt/c/Users/Work/github/leap_utilities/data/leap balances exports/20_USA/full model output all years 492026 REF.xlsx,14_03_05_transportation_equipment,16_09_other_sources,Transportation equipment,Other sources
20_USA,Target,,esto__Transportation_equipment,14_03_05_transportation_equipment,Transportation equipment,Other sources,2022,0.0007082888362995707,Energy Balance,Petajoule,Energy balance (PJ),,16_09_other_sources,14.03.05 Transportation equipment,16.09 Other sources,EBal|2022,/mnt/c/Users/Work/github/leap_utilities/data/leap balances exports/20_USA/full model output all years 492026 TGT.xlsx,14_03_05_transportation_equipment,16_09_other_sources,Transportation equipment,Other sources
20_USA,Target,,esto__Transportation_equipment,14_03_05_transportation_equipment,Transportation equipment,Other sources,2023,0.0007146257461788552,Energy Balance,Petajoule,Energy balance (PJ),,16_09_other_sources,14.03.05 Transportation equipment,16.09 Other sources,EBal|2023,/mnt/c/Users/Work/github/leap_utilities/data/leap balances exports/20_USA/full model output all years 492026 TGT.xlsx,14_03_05_transportation_equipment,16_09_other_sources,Transportation equipment,Other sources
20_USA,Reference,,esto__Transportation_equipment,14_03_05_transportation_equipment,Transportation equipment,Others,2022,0.0007082888362995707,Energy Balance,Petajoule,Energy balance (PJ),,16_others,14.03.05 Transportation equipment,16 Others,EBal|2022,/mnt/c/Users/Work/github/leap_utilities/data/leap balances exports/20_USA/full model output all years 492026 REF.xlsx,14_03_05_transportation_equipment,16_others,Transportation equipment,Others
20_USA,Reference,,esto__Transportation_equipment,14_03_05_transportation_equipment,Transportation equipment,Others,2023,0.0007146257459800243,Energy Balance,Petajoule,Energy balance (PJ),,16_others,14.03.05 Transportation equipment,16 Others,EBal|2023,/mnt/c/Users/Work/github/leap_utilities/data/leap balances exports/20_USA/full model output all years 492026 REF.xlsx,14_03_05_transportation_equipment,16_others,Transportation equipment,Others
20_USA,Target,,esto__Transportation_equipment,14_03_05_transportation_equipment,Transportation equipment,Others,2022,0.0007082888362995707,Energy Balance,Petajoule,Energy balance (PJ),,16_others,14.03.05 Transportation equipment,16 Others,EBal|2022,/mnt/c/Users/Work/github/leap_utilities/data/leap balances exports/20_USA/full model output all years 492026 TGT.xlsx,14_03_05_transportation_equipment,16_others,Transportation equipment,Others
20_USA,Target,,esto__Transportation_equipment,14_03_05_transportation_equipment,Transportation equipment,Others,2023,0.0007146257461788552,Energy Balance,Petajoule,Energy balance (PJ),,16_others,14.03.05 Transportation equipment,16 Others,EBal|2023,/mnt/c/Users/Work/github/leap_utilities/data/leap balances exports/20_USA/full model output all years 492026 TGT.xlsx,14_03_05_transportation_equipment,16_others,Transportation equipment,Others
20_USA,Reference,,esto__Transportation_equipment,14_03_05_transportation_equipment,Transportation equipment,Solid biomass,2022,0.0007082888362995707,Energy Balance,Petajoule,Energy balance (PJ),,15_solid_biomass,14.03.05 Transportation equipment,15 Solid biomass,EBal|2022,/mnt/c/Users/Work/github/leap_utilities/data/leap balances exports/20_USA/full model output all years 492026 REF.xlsx,14_03_05_transportation_equipment,15_solid_biomass,Transportation equipment,Solid biomass
20_USA,Reference,,esto__Transportation_equipment,14_03_05_transportation_equipment,Transportation equipment,Solid biomass,2023,0.0007146257459800243,Energy Balance,Petajoule,Energy balance (PJ),,15_solid_biomass,14.03.05 Transportation equipment,15 Solid biomass,EBal|2023,/mnt/c/Users/Work/github/leap_utilities/data/leap balances exports/20_USA/full model output all years 492026 REF.xlsx,14_03_05_transportation_equipment,15_solid_biomass,Transportation equipment,Solid biomass
20_USA,Target,,esto__Transportation_equipment,14_03_05_transportation_equipment,Transportation equipment,Solid biomass,2022,0.0007082888362995707,Energy Balance,Petajoule,Energy balance (PJ),,15_solid_biomass,14.03.05 Transportation equipment,15 Solid biomass,EBal|2022,/mnt/c/Users/Work/github/leap_utilities/data/leap balances exports/20_USA/full model output all years 492026 TGT.xlsx,14_03_05_transportation_equipment,15_solid_biomass,Transportation equipment,Solid biomass
20_USA,Target,,esto__Transportation_equipment,14_03_05_transportation_equipment,Transportation equipment,Solid biomass,2023,0.0007146257461788552,Energy Balance,Petajoule,Energy balance (PJ),,15_solid_biomass,14.03.05 Transportation equipment,15 Solid biomass,EBal|2023,/mnt/c/Users/Work/github/leap_utilities/data/leap balances exports/20_USA/full model output all years 492026 TGT.xlsx,14_03_05_transportation_equipment,15_solid_biomass,Transportation equipment,Solid biomass
20_USA,Reference,,esto__Transportation_equipment,14_03_05_transportation_equipment,Transportation equipment,Total,2022,356.8278174987906,Energy Balance,Petajoule,Energy balance (PJ),,19_total,14.03.05 Transportation equipment,19 Total,EBal|2022,/mnt/c/Users/Work/github/leap_utilities/data/leap balances exports/20_USA/full model output all years 492026 REF.xlsx,14_03_05_transportation_equipment,19_total,Transportation equipment,Total
20_USA,Reference,,esto__Transportation_equipment,14_03_05_transportation_equipment,Transportation equipment,Total,2023,360.0202645213323,Energy Balance,Petajoule,Energy balance (PJ),,19_total,14.03.05 Transportation equipment,19 Total,EBal|2023,/mnt/c/Users/Work/github/leap_utilities/data/leap balances exports/20_USA/full model output all years 492026 REF.xlsx,14_03_05_transportation_equipment,19_total,Transportation equipment,Total
20_USA,Reference,,esto__Transportation_equipment,14_03_05_transportation_equipment,Transportation equipment,Total,2024,367.4699428000468,Energy Balance,Petajoule,Energy balance (PJ),,19_total,14.03.05 Transportation equipment,19 Total,EBal|2024,/mnt/c/Users/Work/github/leap_utilities/data/leap balances exports/20_USA/full model output all years 492026 REF.xlsx,14_03_05_transportation_equipment,19_total,Transportation equipment,Total
20_USA,Reference,,esto__Transportation_equipment,14_03_05_transportation_equipment,Transportation equipment,Total,2025,372.7797066000433,Energy Balance,Petajoule,Energy balance (PJ),,19_total,14.03.05 Transportation equipment,19 Total,EBal|2025,/mnt/c/Users/Work/github/leap_utilities/data/leap balances exports/20_USA/full model output all years 492026 REF.xlsx,14_03_05_transportation_equipment,19_total,Transportation equipment,Total
20_USA,Reference,,esto__Transportation_equipment,14_03_05_transportation_equipment,Transportation equipment,Total,2026,377.93299549957266,Energy Balance,Petajoule,Energy balance (PJ),,19_total,14.03.05 Transportation equipment,19 Total,EBal|2026,/mnt/c/Users/Work/github/leap_utilities/data/leap balances exports/20_USA/full model output all years 492026 REF.xlsx,14_03_05_transportation_equipment,19_total,Transportation equipment,Total
20_USA,Reference,,esto__Transportation_equipment,14_03_05_transportation_equipment,Transportation equipment,Total,2027,382.9317126000516,Energy Balance,Petajoule,Energy balance (PJ),,19_total,14.03.05 Transportation equipment,19 Total,EBal|2027,/mnt/c/Users/Work/github/leap_utilities/data/leap balances exports/20_USA/full model output all years 492026 REF.xlsx,14_03_05_transportation_equipment,19_total,Transportation equipment,Total
20_USA,Reference,,esto__Transportation_equipment,14_03_05_transportation_equipment,Transportation equipment,Total,2028,387.7777432001888,Energy Balance,Petajoule,Energy balance (PJ),,19_total,14.03.05 Transportation equipment,19 Total,EBal|2028,/mnt/c/Users/Work/github/leap_utilities/data/leap balances exports/20_USA/full model output all years 492026 REF.xlsx,14_03_05_transportation_equipment,19_total,Transportation equipment,Total
20_USA,Reference,,esto__Transportation_equipment,14_03_05_transportation_equipment,Transportation equipment,Total,2029,392.4729557003549,Energy Balance,Petajoule,Energy balance (PJ),,19_total,14.03.05 Transportation equipment,19 Total,EBal|2029,/mnt/c/Users/Work/github/leap_utilities/data/leap balances exports/20_USA/full model output all years 492026 REF.xlsx,14_03_05_transportation_equipment,19_total,Transportation equipment,Total
20_USA,Reference,,esto__Transportation_equipment,14_03_05_transportation_equipment,Transportation equipment,Total,2030,397.0192009005596,Energy Balance,Petajoule,Energy balance (PJ),,19_total,14.03.05 Transportation equipment,19 Total,EBal|2030,/mnt/c/Users/Work/github/leap_utilities/data/leap balances exports/20_USA/full model output all years 492026 REF.xlsx,14_03_05_transportation_equipment,19_total,Transportation equipment,Total
20_USA,Reference,,esto__Transportation_equipment,14_03_05_transportation_equipment,Transportation equipment,Total,2031,401.41831270034123,Energy Balance,Petajoule,Energy balance (PJ),,19_total,14.03.05 Transportation equipment,19 Total,EBal|2031,/mnt/c/Users/Work/github/leap_utilities/data/leap balances exports/20_USA/full model output all years 492026 REF.xlsx,14_03_05_transportation_equipment,19_total,Transportation equipment,Total
20_USA,Reference,,esto__Transportation_equipment,14_03_05_transportation_equipment,Transportation equipment,Total,2032,405.6721080999612,Energy Balance,Petajoule,Energy balance (PJ),,19_total,14.03.05 Transportation equipment,19 Total,EBal|2032,/mnt/c/Users/Work/github/leap_utilities/data/leap balances exports/20_USA/full model output all years 492026 REF.xlsx,14_03_05_transportation_equipment,19_total,Transportation equipment,Total
20_USA,Reference,,esto__Transportation_equipment,14_03_05_transportation_equipment,Transportation equipment,Total,2033,409.7823871995351,Energy Balance,Petajoule,Energy balance (PJ),,19_total,14.03.05 Transportation equipment,19 Total,EBal|2033,/mnt/c/Users/Work/github/leap_utilities/data/leap balances exports/20_USA/full model output all years 492026 REF.xlsx,14_03_05_transportation_equipment,19_total,Transportation equipment,Total
20_USA,Reference,,esto__Transportation_equipment,14_03_05_transportation_equipment,Transportation equipment,Total,2034,413.7509336998398,Energy Balance,Petajoule,Energy balance (PJ),,19_total,14.03.05 Transportation equipment,19 Total,EBal|2034,/mnt/c/Users/Work/github/leap_utilities/data/leap balances exports/20_USA/full model output all years 492026 REF.xlsx,14_03_05_transportation_equipment,19_total,Transportation equipment,Total
20_USA,Reference,,esto__Transportation_equipment,14_03_05_transportation_equipment,Transportation equipment,Total,2035,417.57951450081345,Energy Balance,Petajoule,Energy balance (PJ),,19_total,14.03.05 Transportation equipment,19 Total,EBal|2035,/mnt/c/Users/Work/github/leap_utilities/data/leap balances exports/20_USA/full model output all years 492026 REF.xlsx,14_03_05_transportation_equipment,19_total,Transportation equipment,Total
20_USA,Reference,,esto__Transportation_equipment,14_03_05_transportation_equipment,Transportation equipment,Total,2036,421.269880200514,Energy Balance,Petajoule,Energy balance (PJ),,19_total,14.03.05 Transportation equipment,19 Total,EBal|2036,/mnt/c/Users/Work/github/leap_utilities/data/leap balances exports/20_USA/full model output all years 492026 REF.xlsx,14_03_05_transportation_equipment,19_total,Transportation equipment,Total
20_USA,Reference,,esto__Transportation_equipment,14_03_05_transportation_equipment,Transportation equipment,Total,2037,424.82376530063857,Energy Balance,Petajoule,Energy balance (PJ),,19_total,14.03.05 Transportation equipment,19 Total,EBal|2037,/mnt/c/Users/Work/github/leap_utilities/data/leap balances exports/20_USA/full model output all years 492026 REF.xlsx,14_03_05_transportation_equipment,19_total,Transportation equipment,Total
20_USA,Reference,,esto__Transportation_equipment,14_03_05_transportation_equipment,Transportation equipment,Total,2038,428.2428878002452,Energy Balance,Petajoule,Energy balance (PJ),,19_total,14.03.05 Transportation equipment,19 Total,EBal|2038,/mnt/c/Users/Work/github/leap_utilities/data/leap balances exports/20_USA/full model output all years 492026 REF.xlsx,14_03_05_transportation_equipment,19_total,Transportation equipment,Total
20_USA,Reference,,esto__Transportation_equipment,14_03_05_transportation_equipment,Transportation equipment,Total,2039,431.5289502001276,Energy Balance,Petajoule,Energy balance (PJ),,19_total,14.03.05 Transportation equipment,19 Total,EBal|2039,/mnt/c/Users/Work/github/leap_utilities/data/leap balances exports/20_USA/full model output all years 492026 REF.xlsx,14_03_05_transportation_equipment,19_total,Transportation equipment,Total
20_USA,Reference,,esto__Transportation_equipment,14_03_05_transportation_equipment,Transportation equipment,Total,2040,434.6836387002727,Energy Balance,Petajoule,Energy balance (PJ),,19_total,14.03.05 Transportation equipment,19 Total,EBal|2040,/mnt/c/Users/Work/github/leap_utilities/data/leap balances exports/20_USA/full model output all years 492026 REF.xlsx,14_03_05_transportation_equipment,19_total,Transportation equipment,Total
20_USA,Reference,,esto__Transportation_equipment,14_03_05_transportation_equipment,Transportation equipment,Total,2041,437.7086240005357,Energy Balance,Petajoule,Energy balance (PJ),,19_total,14.03.05 Transportation equipment,19 Total,EBal|2041,/mnt/c/Users/Work/github/leap_utilities/data/leap balances exports/20_USA/full model output all years 492026 REF.xlsx,14_03_05_transportation_equipment,19_total,Transportation equipment,Total
20_USA,Reference,,esto__Transportation_equipment,14_03_05_transportation_equipment,Transportation equipment,Total,2042,440.6055610005851,Energy Balance,Petajoule,Energy balance (PJ),,19_total,14.03.05 Transportation equipment,19 Total,EBal|2042,/mnt/c/Users/Work/github/leap_utilities/data/leap balances exports/20_USA/full model output all years 492026 REF.xlsx,14_03_05_transportation_equipment,19_total,Transportation equipment,Total
20_USA,Reference,,esto__Transportation_equipment,14_03_05_transportation_equipment,Transportation equipment,Total,2043,443.37608930032064,Energy Balance,Petajoule,Energy balance (PJ),,19_total,14.03.05 Transportation equipment,19 Total,EBal|2043,/mnt/c/Users/Work/github/leap_utilities/data/leap balances exports/20_USA/full model output all years 492026 REF.xlsx,14_03_05_transportation_equipment,19_total,Transportation equipment,Total
20_USA,Reference,,esto__Transportation_equipment,14_03_05_transportation_equipment,Transportation equipment,Total,2044,446.0218330997373,Energy Balance,Petajoule,Energy balance (PJ),,19_total,14.03.05 Transportation equipment,19 Total,EBal|2044,/mnt/c/Users/Work/github/leap_utilities/data/leap balances exports/20_USA/full model output all years 492026 REF.xlsx,14_03_05_transportation_equipment,19_total,Transportation equipment,Total
20_USA,Reference,,esto__Transportation_equipment,14_03_05_transportation_equipment,Transportation equipment,Total,2045,448.5444012007637,Energy Balance,Petajoule,Energy balance (PJ),,19_total,14.03.05 Transportation equipment,19 Total,EBal|2045,/mnt/c/Users/Work/github/leap_utilities/data/leap balances exports/20_USA/full model output all years 492026 REF.xlsx,14_03_05_transportation_equipment,19_total,Transportation equipment,Total
20_USA,Reference,,esto__Transportation_equipment,14_03_05_transportation_equipment,Transportation equipment,Total,2046,450.9453874002164,Energy Balance,Petajoule,Energy balance (PJ),,19_total,14.03.05 Transportation equipment,19 Total,EBal|2046,/mnt/c/Users/Work/github/leap_utilities/data/leap balances exports/20_USA/full model output all years 492026 REF.xlsx,14_03_05_transportation_equipment,19_total,Transportation equipment,Total
20_USA,Reference,,esto__Transportation_equipment,14_03_05_transportation_equipment,Transportation equipment,Total,2047,453.2263704993487,Energy Balance,Petajoule,Energy balance (PJ),,19_total,14.03.05 Transportation equipment,19 Total,EBal|2047,/mnt/c/Users/Work/github/leap_utilities/data/leap balances exports/20_USA/full model output all years 492026 REF.xlsx,14_03_05_transportation_equipment,19_total,Transportation equipment,Total
20_USA,Reference,,esto__Transportation_equipment,14_03_05_transportation_equipment,Transportation equipment,Total,2048,455.38891439994177,Energy Balance,Petajoule,Energy balance (PJ),,19_total,14.03.05 Transportation equipment,19 Total,EBal|2048,/mnt/c/Users/Work/github/leap_utilities/data/leap balances exports/20_USA/full model output all years 492026 REF.xlsx,14_03_05_transportation_equipment,19_total,Transportation equipment,Total
20_USA,Reference,,esto__Transportation_equipment,14_03_05_transportation_equipment,Transportation equipment,Total,2049,457.43456829991135,Energy Balance,Petajoule,Energy balance (PJ),,19_total,14.03.05 Transportation equipment,19 Total,EBal|2049,/mnt/c/Users/Work/github/leap_utilities/data/leap balances exports/20_USA/full model output all years 492026 REF.xlsx,14_03_05_transportation_equipment,19_total,Transportation equipment,Total
20_USA,Reference,,esto__Transportation_equipment,14_03_05_transportation_equipment,Transportation equipment,Total,2050,459.36486660012406,Energy Balance,Petajoule,Energy balance (PJ),,19_total,14.03.05 Transportation equipment,19 Total,EBal|2050,/mnt/c/Users/Work/github/leap_utilities/data/leap balances exports/20_USA/full model output all years 492026 REF.xlsx,14_03_05_transportation_equipment,19_total,Transportation equipment,Total
20_USA,Reference,,esto__Transportation_equipment,14_03_05_transportation_equipment,Transportation equipment,Total,2051,461.1813293992744,Energy Balance,Petajoule,Energy balance (PJ),,19_total,14.03.05 Transportation equipment,19 Total,EBal|2051,/mnt/c/Users/Work/github/leap_utilities/data/leap balances exports/20_USA/full model output all years 492026 REF.xlsx,14_03_05_transportation_equipment,19_total,Transportation equipment,Total
20_USA,Reference,,esto__Transportation_equipment,14_03_05_transportation_equipment,Transportation equipment,Total,2052,462.88546219937325,Energy Balance,Petajoule,Energy balance (PJ),,19_total,14.03.05 Transportation equipment,19 Total,EBal|2052,/mnt/c/Users/Work/github/leap_utilities/data/leap balances exports/20_USA/full model output all years 492026 REF.xlsx,14_03_05_transportation_equipment,19_total,Transportation equipment,Total
20_USA,Reference,,esto__Transportation_equipment,14_03_05_transportation_equipment,Transportation equipment,Total,2053,464.4787562995674,Energy Balance,Petajoule,Energy balance (PJ),,19_total,14.03.05 Transportation equipment,19 Total,EBal|2053,/mnt/c/Users/Work/github/leap_utilities/data/leap balances exports/20_USA/full model output all years 492026 REF.xlsx,14_03_05_transportation_equipment,19_total,Transportation equipment,Total
20_USA,Reference,,esto__Transportation_equipment,14_03_05_transportation_equipment,Transportation equipment,Total,2054,465.9626888000831,Energy Balance,Petajoule,Energy balance (PJ),,19_total,14.03.05 Transportation equipment,19 Total,EBal|2054,/mnt/c/Users/Work/github/leap_utilities/data/leap balances exports/20_USA/full model output all years 492026 REF.xlsx,14_03_05_transportation_equipment,19_total,Transportation equipment,Total
20_USA,Reference,,esto__Transportation_equipment,14_03_05_transportation_equipment,Transportation equipment,Total,2055,467.3387228990884,Energy Balance,Petajoule,Energy balance (PJ),,19_total,14.03.05 Transportation equipment,19 Total,EBal|2055,/mnt/c/Users/Work/github/leap_utilities/data/leap balances exports/20_USA/full model output all years 492026 REF.xlsx,14_03_05_transportation_equipment,19_total,Transportation equipment,Total
20_USA,Reference,,esto__Transportation_equipment,14_03_05_transportation_equipment,Transportation equipment,Total,2056,468.6083076004429,Energy Balance,Petajoule,Energy balance (PJ),,19_total,14.03.05 Transportation equipment,19 Total,EBal|2056,/mnt/c/Users/Work/github/leap_utilities/data/leap balances exports/20_USA/full model output all years 492026 REF.xlsx,14_03_05_transportation_equipment,19_total,Transportation equipment,Total
20_USA,Reference,,esto__Transportation_equipment,14_03_05_transportation_equipment,Transportation equipment,Total,2057,469.7728782008641,Energy Balance,Petajoule,Energy balance (PJ),,19_total,14.03.05 Transportation equipment,19 Total,EBal|2057,/mnt/c/Users/Work/github/leap_utilities/data/leap balances exports/20_USA/full model output all years 492026 REF.xlsx,14_03_05_transportation_equipment,19_total,Transportation equipment,Total
20_USA,Reference,,esto__Transportation_equipment,14_03_05_transportation_equipment,Transportation equipment,Total,2058,470.833856299994,Energy Balance,Petajoule,Energy balance (PJ),,19_total,14.03.05 Transportation equipment,19 Total,EBal|2058,/mnt/c/Users/Work/github/leap_utilities/data/leap balances exports/20_USA/full model output all years 492026 REF.xlsx,14_03_05_transportation_equipment,19_total,Transportation equipment,Total
20_USA,Reference,,esto__Transportation_equipment,14_03_05_transportation_equipment,Transportation equipment,Total,2059,471.79264989956914,Energy Balance,Petajoule,Energy balance (PJ),,19_total,14.03.05 Transportation equipment,19 Total,EBal|2059,/mnt/c/Users/Work/github/leap_utilities/data/leap balances exports/20_USA/full model output all years 492026 REF.xlsx,14_03_05_transportation_equipment,19_total,Transportation equipment,Total
20_USA,Reference,,esto__Transportation_equipment,14_03_05_transportation_equipment,Transportation equipment,Total,2060,472.6506533993069,Energy Balance,Petajoule,Energy balance (PJ),,19_total,14.03.05 Transportation equipment,19 Total,EBal|2060,/mnt/c/Users/Work/github/leap_utilities/data/leap balances exports/20_USA/full model output all years 492026 REF.xlsx,14_03_05_transportation_equipment,19_total,Transportation equipment,Total
20_USA,Target,,esto__Transportation_equipment,14_03_05_transportation_equipment,Transportation equipment,Total,2022,356.8278174987906,Energy Balance,Petajoule,Energy balance (PJ),,19_total,14.03.05 Transportation equipment,19 Total,EBal|2022,/mnt/c/Users/Work/github/leap_utilities/data/leap balances exports/20_USA/full model output all years 492026 TGT.xlsx,14_03_05_transportation_equipment,19_total,Transportation equipment,Total
20_USA,Target,,esto__Transportation_equipment,14_03_05_transportation_equipment,Transportation equipment,Total,2023,360.02026462093266,Energy Balance,Petajoule,Energy balance (PJ),,19_total,14.03.05 Transportation equipment,19 Total,EBal|2023,/mnt/c/Users/Work/github/leap_utilities/data/leap balances exports/20_USA/full model output all years 492026 TGT.xlsx,14_03_05_transportation_equipment,19_total,Transportation equipment,Total
20_USA,Target,,esto__Transportation_equipment,14_03_05_transportation_equipment,Transportation equipment,Total,2024,367.4699428000468,Energy Balance,Petajoule,Energy balance (PJ),,19_total,14.03.05 Transportation equipment,19 Total,EBal|2024,/mnt/c/Users/Work/github/leap_utilities/data/leap balances exports/20_USA/full model output all years 492026 TGT.xlsx,14_03_05_transportation_equipment,19_total,Transportation equipment,Total
20_USA,Target,,esto__Transportation_equipment,14_03_05_transportation_equipment,Transportation equipment,Total,2025,372.77970650034405,Energy Balance,Petajoule,Energy balance (PJ),,19_total,14.03.05 Transportation equipment,19 Total,EBal|2025,/mnt/c/Users/Work/github/leap_utilities/data/leap balances exports/20_USA/full model output all years 492026 TGT.xlsx,14_03_05_transportation_equipment,19_total,Transportation equipment,Total
20_USA,Target,,esto__Transportation_equipment,14_03_05_transportation_equipment,Transportation equipment,Total,2026,377.93299539999884,Energy Balance,Petajoule,Energy balance (PJ),,19_total,14.03.05 Transportation equipment,19 Total,EBal|2026,/mnt/c/Users/Work/github/leap_utilities/data/leap balances exports/20_USA/full model output all years 492026 TGT.xlsx,14_03_05_transportation_equipment,19_total,Transportation equipment,Total
20_USA,Target,,esto__Transportation_equipment,14_03_05_transportation_equipment,Transportation equipment,Total,2027,382.9317126000516,Energy Balance,Petajoule,Energy balance (PJ),,19_total,14.03.05 Transportation equipment,19 Total,EBal|2027,/mnt/c/Users/Work/github/leap_utilities/data/leap balances exports/20_USA/full model output all years 492026 TGT.xlsx,14_03_05_transportation_equipment,19_total,Transportation equipment,Total
20_USA,Target,,esto__Transportation_equipment,14_03_05_transportation_equipment,Transportation equipment,Total,2028,387.7777432001888,Energy Balance,Petajoule,Energy balance (PJ),,19_total,14.03.05 Transportation equipment,19 Total,EBal|2028,/mnt/c/Users/Work/github/leap_utilities/data/leap balances exports/20_USA/full model output all years 492026 TGT.xlsx,14_03_05_transportation_equipment,19_total,Transportation equipment,Total
20_USA,Target,,esto__Transportation_equipment,14_03_05_transportation_equipment,Transportation equipment,Total,2029,392.4729557003549,Energy Balance,Petajoule,Energy balance (PJ),,19_total,14.03.05 Transportation equipment,19 Total,EBal|2029,/mnt/c/Users/Work/github/leap_utilities/data/leap balances exports/20_USA/full model output all years 492026 TGT.xlsx,14_03_05_transportation_equipment,19_total,Transportation equipment,Total
20_USA,Target,,esto__Transportation_equipment,14_03_05_transportation_equipment,Transportation equipment,Total,2030,397.0192009005596,Energy Balance,Petajoule,Energy balance (PJ),,19_total,14.03.05 Transportation equipment,19 Total,EBal|2030,/mnt/c/Users/Work/github/leap_utilities/data/leap balances exports/20_USA/full model output all years 492026 TGT.xlsx,14_03_05_transportation_equipment,19_total,Transportation equipment,Total
20_USA,Target,,esto__Transportation_equipment,14_03_05_transportation_equipment,Transportation equipment,Total,2031,401.41831270034123,Energy Balance,Petajoule,Energy balance (PJ),,19_total,14.03.05 Transportation equipment,19 Total,EBal|2031,/mnt/c/Users/Work/github/leap_utilities/data/leap balances exports/20_USA/full model output all years 492026 TGT.xlsx,14_03_05_transportation_equipment,19_total,Transportation equipment,Total
20_USA,Target,,esto__Transportation_equipment,14_03_05_transportation_equipment,Transportation equipment,Total,2032,405.6721080999612,Energy Balance,Petajoule,Energy balance (PJ),,19_total,14.03.05 Transportation equipment,19 Total,EBal|2032,/mnt/c/Users/Work/github/leap_utilities/data/leap balances exports/20_USA/full model output all years 492026 TGT.xlsx,14_03_05_transportation_equipment,19_total,Transportation equipment,Total
20_USA,Target,,esto__Transportation_equipment,14_03_05_transportation_equipment,Transportation equipment,Total,2033,409.7823871995351,Energy Balance,Petajoule,Energy balance (PJ),,19_total,14.03.05 Transportation equipment,19 Total,EBal|2033,/mnt/c/Users/Work/github/leap_utilities/data/leap balances exports/20_USA/full model output all years 492026 TGT.xlsx,14_03_05_transportation_equipment,19_total,Transportation equipment,Total
20_USA,Target,,esto__Transportation_equipment,14_03_05_transportation_equipment,Transportation equipment,Total,2034,413.7509336998398,Energy Balance,Petajoule,Energy balance (PJ),,19_total,14.03.05 Transportation equipment,19 Total,EBal|2034,/mnt/c/Users/Work/github/leap_utilities/data/leap balances exports/20_USA/full model output all years 492026 TGT.xlsx,14_03_05_transportation_equipment,19_total,Transportation equipment,Total
20_USA,Target,,esto__Transportation_equipment,14_03_05_transportation_equipment,Transportation equipment,Total,2035,417.57951450081345,Energy Balance,Petajoule,Energy balance (PJ),,19_total,14.03.05 Transportation equipment,19 Total,EBal|2035,/mnt/c/Users/Work/github/leap_utilities/data/leap balances exports/20_USA/full model output all years 492026 TGT.xlsx,14_03_05_transportation_equipment,19_total,Transportation equipment,Total
20_USA,Target,,esto__Transportation_equipment,14_03_05_transportation_equipment,Transportation equipment,Total,2036,421.269880200514,Energy Balance,Petajoule,Energy balance (PJ),,19_total,14.03.05 Transportation equipment,19 Total,EBal|2036,/mnt/c/Users/Work/github/leap_utilities/data/leap balances exports/20_USA/full model output all years 492026 TGT.xlsx,14_03_05_transportation_equipment,19_total,Transportation equipment,Total
20_USA,Target,,esto__Transportation_equipment,14_03_05_transportation_equipment,Transportation equipment,Total,2037,424.8237652002857,Energy Balance,Petajoule,Energy balance (PJ),,19_total,14.03.05 Transportation equipment,19 Total,EBal|2037,/mnt/c/Users/Work/github/leap_utilities/data/leap balances exports/20_USA/full model output all years 492026 TGT.xlsx,14_03_05_transportation_equipment,19_total,Transportation equipment,Total
20_USA,Target,,esto__Transportation_equipment,14_03_05_transportation_equipment,Transportation equipment,Total,2038,428.2428878002452,Energy Balance,Petajoule,Energy balance (PJ),,19_total,14.03.05 Transportation equipment,19 Total,EBal|2038,/mnt/c/Users/Work/github/leap_utilities/data/leap balances exports/20_USA/full model output all years 492026 TGT.xlsx,14_03_05_transportation_equipment,19_total,Transportation equipment,Total
20_USA,Target,,esto__Transportation_equipment,14_03_05_transportation_equipment,Transportation equipment,Total,2039,431.5289500996153,Energy Balance,Petajoule,Energy balance (PJ),,19_total,14.03.05 Transportation equipment,19 Total,EBal|2039,/mnt/c/Users/Work/github/leap_utilities/data/leap balances exports/20_USA/full model output all years 492026 TGT.xlsx,14_03_05_transportation_equipment,19_total,Transportation equipment,Total
20_USA,Target,,esto__Transportation_equipment,14_03_05_transportation_equipment,Transportation equipment,Total,2040,434.6836387002727,Energy Balance,Petajoule,Energy balance (PJ),,19_total,14.03.05 Transportation equipment,19 Total,EBal|2040,/mnt/c/Users/Work/github/leap_utilities/data/leap balances exports/20_USA/full model output all years 492026 TGT.xlsx,14_03_05_transportation_equipment,19_total,Transportation equipment,Total
20_USA,Target,,esto__Transportation_equipment,14_03_05_transportation_equipment,Transportation equipment,Total,2041,437.7086240005357,Energy Balance,Petajoule,Energy balance (PJ),,19_total,14.03.05 Transportation equipment,19 Total,EBal|2041,/mnt/c/Users/Work/github/leap_utilities/data/leap balances exports/20_USA/full model output all years 492026 TGT.xlsx,14_03_05_transportation_equipment,19_total,Transportation equipment,Total
20_USA,Target,,esto__Transportation_equipment,14_03_05_transportation_equipment,Transportation equipment,Total,2042,440.6055610005851,Energy Balance,Petajoule,Energy balance (PJ),,19_total,14.03.05 Transportation equipment,19 Total,EBal|2042,/mnt/c/Users/Work/github/leap_utilities/data/leap balances exports/20_USA/full model output all years 492026 TGT.xlsx,14_03_05_transportation_equipment,19_total,Transportation equipment,Total
20_USA,Target,,esto__Transportation_equipment,14_03_05_transportation_equipment,Transportation equipment,Total,2043,443.37608930032064,Energy Balance,Petajoule,Energy balance (PJ),,19_total,14.03.05 Transportation equipment,19 Total,EBal|2043,/mnt/c/Users/Work/github/leap_utilities/data/leap balances exports/20_USA/full model output all years 492026 TGT.xlsx,14_03_05_transportation_equipment,19_total,Transportation equipment,Total
20_USA,Target,,esto__Transportation_equipment,14_03_05_transportation_equipment,Transportation equipment,Total,2044,446.0218330997373,Energy Balance,Petajoule,Energy balance (PJ),,19_total,14.03.05 Transportation equipment,19 Total,EBal|2044,/mnt/c/Users/Work/github/leap_utilities/data/leap balances exports/20_USA/full model output all years 492026 TGT.xlsx,14_03_05_transportation_equipment,19_total,Transportation equipment,Total
20_USA,Target,,esto__Transportation_equipment,14_03_05_transportation_equipment,Transportation equipment,Total,2045,448.5444010996632,Energy Balance,Petajoule,Energy balance (PJ),,19_total,14.03.05 Transportation equipment,19 Total,EBal|2045,/mnt/c/Users/Work/github/leap_utilities/data/leap balances exports/20_USA/full model output all years 492026 TGT.xlsx,14_03_05_transportation_equipment,19_total,Transportation equipment,Total
20_USA,Target,,esto__Transportation_equipment,14_03_05_transportation_equipment,Transportation equipment,Total,2046,450.9453874002164,Energy Balance,Petajoule,Energy balance (PJ),,19_total,14.03.05 Transportation equipment,19 Total,EBal|2046,/mnt/c/Users/Work/github/leap_utilities/data/leap balances exports/20_USA/full model output all years 492026 TGT.xlsx,14_03_05_transportation_equipment,19_total,Transportation equipment,Total
20_USA,Target,,esto__Transportation_equipment,14_03_05_transportation_equipment,Transportation equipment,Total,2047,453.22637059985357,Energy Balance,Petajoule,Energy balance (PJ),,19_total,14.03.05 Transportation equipment,19 Total,EBal|2047,/mnt/c/Users/Work/github/leap_utilities/data/leap balances exports/20_USA/full model output all years 492026 TGT.xlsx,14_03_05_transportation_equipment,19_total,Transportation equipment,Total
20_USA,Target,,esto__Transportation_equipment,14_03_05_transportation_equipment,Transportation equipment,Total,2048,455.38891439994177,Energy Balance,Petajoule,Energy balance (PJ),,19_total,14.03.05 Transportation equipment,19 Total,EBal|2048,/mnt/c/Users/Work/github/leap_utilities/data/leap balances exports/20_USA/full model output all years 492026 TGT.xlsx,14_03_05_transportation_equipment,19_total,Transportation equipment,Total
20_USA,Target,,esto__Transportation_equipment,14_03_05_transportation_equipment,Transportation equipment,Total,2049,457.43456829991135,Energy Balance,Petajoule,Energy balance (PJ),,19_total,14.03.05 Transportation equipment,19 Total,EBal|2049,/mnt/c/Users/Work/github/leap_utilities/data/leap balances exports/20_USA/full model output all years 492026 TGT.xlsx,14_03_05_transportation_equipment,19_total,Transportation equipment,Total
20_USA,Target,,esto__Transportation_equipment,14_03_05_transportation_equipment,Transportation equipment,Total,2050,459.36486660012406,Energy Balance,Petajoule,Energy balance (PJ),,19_total,14.03.05 Transportation equipment,19 Total,EBal|2050,/mnt/c/Users/Work/github/leap_utilities/data/leap balances exports/20_USA/full model output all years 492026 TGT.xlsx,14_03_05_transportation_equipment,19_total,Transportation equipment,Total
20_USA,Target,,esto__Transportation_equipment,14_03_05_transportation_equipment,Transportation equipment,Total,2051,461.1813293992744,Energy Balance,Petajoule,Energy balance (PJ),,19_total,14.03.05 Transportation equipment,19 Total,EBal|2051,/mnt/c/Users/Work/github/leap_utilities/data/leap balances exports/20_USA/full model output all years 492026 TGT.xlsx,14_03_05_transportation_equipment,19_total,Transportation equipment,Total
20_USA,Target,,esto__Transportation_equipment,14_03_05_transportation_equipment,Transportation equipment,Total,2052,462.8854620997347,Energy Balance,Petajoule,Energy balance (PJ),,19_total,14.03.05 Transportation equipment,19 Total,EBal|2052,/mnt/c/Users/Work/github/leap_utilities/data/leap balances exports/20_USA/full model output all years 492026 TGT.xlsx,14_03_05_transportation_equipment,19_total,Transportation equipment,Total
20_USA,Target,,esto__Transportation_equipment,14_03_05_transportation_equipment,Transportation equipment,Total,2053,464.4787562995674,Energy Balance,Petajoule,Energy balance (PJ),,19_total,14.03.05 Transportation equipment,19 Total,EBal|2053,/mnt/c/Users/Work/github/leap_utilities/data/leap balances exports/20_USA/full model output all years 492026 TGT.xlsx,14_03_05_transportation_equipment,19_total,Transportation equipment,Total
20_USA,Target,,esto__Transportation_equipment,14_03_05_transportation_equipment,Transportation equipment,Total,2054,465.96268889996753,Energy Balance,Petajoule,Energy balance (PJ),,19_total,14.03.05 Transportation equipment,19 Total,EBal|2054,/mnt/c/Users/Work/github/leap_utilities/data/leap balances exports/20_USA/full model output all years 492026 TGT.xlsx,14_03_05_transportation_equipment,19_total,Transportation equipment,Total
20_USA,Target,,esto__Transportation_equipment,14_03_05_transportation_equipment,Transportation equipment,Total,2055,467.3387227998439,Energy Balance,Petajoule,Energy balance (PJ),,19_total,14.03.05 Transportation equipment,19 Total,EBal|2055,/mnt/c/Users/Work/github/leap_utilities/data/leap balances exports/20_USA/full model output all years 492026 TGT.xlsx,14_03_05_transportation_equipment,19_total,Transportation equipment,Total
20_USA,Target,,esto__Transportation_equipment,14_03_05_transportation_equipment,Transportation equipment,Total,2056,468.6083076004429,Energy Balance,Petajoule,Energy balance (PJ),,19_total,14.03.05 Transportation equipment,19 Total,EBal|2056,/mnt/c/Users/Work/github/leap_utilities/data/leap balances exports/20_USA/full model output all years 492026 TGT.xlsx,14_03_05_transportation_equipment,19_total,Transportation equipment,Total
20_USA,Target,,esto__Transportation_equipment,14_03_05_transportation_equipment,Transportation equipment,Total,2057,469.7728782008641,Energy Balance,Petajoule,Energy balance (PJ),,19_total,14.03.05 Transportation equipment,19 Total,EBal|2057,/mnt/c/Users/Work/github/leap_utilities/data/leap balances exports/20_USA/full model output all years 492026 TGT.xlsx,14_03_05_transportation_equipment,19_total,Transportation equipment,Total
20_USA,Target,,esto__Transportation_equipment,14_03_05_transportation_equipment,Transportation equipment,Total,2058,470.833856299994,Energy Balance,Petajoule,Energy balance (PJ),,19_total,14.03.05 Transportation equipment,19 Total,EBal|2058,/mnt/c/Users/Work/github/leap_utilities/data/leap balances exports/20_USA/full model output all years 492026 TGT.xlsx,14_03_05_transportation_equipment,19_total,Transportation equipment,Total
20_USA,Target,,esto__Transportation_equipment,14_03_05_transportation_equipment,Transportation equipment,Total,2059,471.79264989956914,Energy Balance,Petajoule,Energy balance (PJ),,19_total,14.03.05 Transportation equipment,19 Total,EBal|2059,/mnt/c/Users/Work/github/leap_utilities/data/leap balances exports/20_USA/full model output all years 492026 TGT.xlsx,14_03_05_transportation_equipment,19_total,Transportation equipment,Total
20_USA,Target,,esto__Transportation_equipment,14_03_05_transportation_equipment,Transportation equipment,Total,2060,472.6506533993069,Energy Balance,Petajoule,Energy balance (PJ),,19_total,14.03.05 Transportation equipment,19 Total,EBal|2060,/mnt/c/Users/Work/github/leap_utilities/data/leap balances exports/20_USA/full model output all years 492026 TGT.xlsx,14_03_05_transportation_equipment,19_total,Transportation equipment,Total
