sheet,fuel_label,scenario,base_abs_gap,base_gap_ratio,projection_abs_gap,projection_gap_ratio,ninth_fuel_code,mapping_source,flow_source,fuel_source,sector_match_method,mapping_note,comparator_scope,worst_gap_ratio,worst_abs_gap,issue_cause,agent_debug_hint
esto__07__Total_primary_energy_supply,Fuel oil,Target,,,417.28971432599985,9414.333659925918,07_08_fuel_oil,balance_table_esto_axis,esto_flow,esto_product,esto_pair_axis,,esto_pair,9414.333659925918,417.28971432599985,direct_mapping_numeric_gap,"Mapping looks direct; inspect source data values, signs, and scenario-specific series."
esto__13__Total_final_energy_consumption,Gasoline type jet fuel,Target,,,2739.158991316502,8134.629429767991,07_x_jet_fuel,balance_table_esto_axis,esto_flow,esto_product,esto_pair_axis,,esto_pair,8134.629429767991,2739.158991316502,aggregate_fuel_mapping,The 9th fuel is an aggregate bucket; compare against sibling fuels and the shared aggregate fuel audit.
esto__09__Total_transformation_sector,Refinery gas (not liquefied),Target,,,626.2815941362716,7344.351351912303,07_10_refinery_gas_not_liquefied,balance_table_esto_axis,esto_flow,esto_product,esto_pair_axis,,esto_pair,7344.351351912303,626.2815941362716,direct_mapping_numeric_gap,"Mapping looks direct; inspect source data values, signs, and scenario-specific series."
esto__07__Total_primary_energy_supply,Gasoline type jet fuel,Target,,,1238.161814183498,3677.036478861413,07_x_jet_fuel,balance_table_esto_axis,esto_flow,esto_product,esto_pair_axis,,esto_pair,3677.036478861413,1238.161814183498,aggregate_fuel_mapping,The 9th fuel is an aggregate bucket; compare against sibling fuels and the shared aggregate fuel audit.
esto__09__Total_transformation_sector,Kerosene type jet fuel,Target,,,3974.863000442914,922.6466589812939,07_x_jet_fuel,balance_table_esto_axis,esto_flow,esto_product,esto_pair_axis,,esto_pair,922.6466589812939,3974.863000442914,aggregate_fuel_mapping,The 9th fuel is an aggregate bucket; compare against sibling fuels and the shared aggregate fuel audit.
esto__02__Imports,Fuel oil,Target,,,28.05194937400019,632.870646343974,07_08_fuel_oil,balance_table_esto_axis,esto_flow,esto_product,esto_pair_axis,,esto_pair,632.870646343974,28.05194937400019,direct_mapping_numeric_gap,"Mapping looks direct; inspect source data values, signs, and scenario-specific series."
esto__16_01__Commercial_and_public_services,Anthracite,Target,,,11.481343813173318,423.959985470852,01_x_thermal_coal,balance_table_esto_axis,esto_flow,esto_product,esto_pair_axis,,esto_pair,423.959985470852,11.481343813173318,aggregate_fuel_mapping,The 9th fuel is an aggregate bucket; compare against sibling fuels and the shared aggregate fuel audit.
esto__02__Imports,White spirit SBP,Target,,,100.53264921650185,298.5572759966177,07_03_naphtha,balance_table_esto_axis,esto_flow,esto_product,esto_pair_axis,,esto_pair,298.5572759966177,100.53264921650185,direct_mapping_numeric_gap,"Mapping looks direct; inspect source data values, signs, and scenario-specific series."
esto__07__Total_primary_energy_supply,White spirit SBP,Target,,,100.53264921650185,298.5572759966177,07_03_naphtha,balance_table_esto_axis,esto_flow,esto_product,esto_pair_axis,,esto_pair,298.5572759966177,100.53264921650185,direct_mapping_numeric_gap,"Mapping looks direct; inspect source data values, signs, and scenario-specific series."
esto__14_03_11__Non-specified_industry,Other biomass,Target,,,1.219352350080329,255.0000001179807,15_05_other_biomass,balance_table_esto_axis,esto_flow,esto_product,esto_pair_axis,,esto_pair,255.0000001179807,1.219352350080329,direct_mapping_numeric_gap,"Mapping looks direct; inspect source data values, signs, and scenario-specific series."
esto__14_03_09__Wood_and_wood_products,Other biomass,Target,,,118.87972031840087,255.00000002278276,15_05_other_biomass,balance_table_esto_axis,esto_flow,esto_product,esto_pair_axis,,esto_pair,255.00000002278276,118.87972031840087,direct_mapping_numeric_gap,"Mapping looks direct; inspect source data values, signs, and scenario-specific series."
esto__14_03_04__Non-metallic_mineral_products,Other biomass,Target,,,13.907001309960114,254.99999999613013,15_05_other_biomass,balance_table_esto_axis,esto_flow,esto_product,esto_pair_axis,,esto_pair,254.99999999613013,13.907001309960114,direct_mapping_numeric_gap,"Mapping looks direct; inspect source data values, signs, and scenario-specific series."
esto__14_03_07__Food__beverages_and_tobacco,Other biomass,Target,,,13.862155665222712,254.9999999450746,15_05_other_biomass,balance_table_esto_axis,esto_flow,esto_product,esto_pair_axis,,esto_pair,254.9999999450746,13.862155665222712,direct_mapping_numeric_gap,"Mapping looks direct; inspect source data values, signs, and scenario-specific series."
esto__14_03__Manufacturing,Other biomass,Target,,,1254.735956194716,252.7000777097774,15_05_other_biomass,balance_table_esto_axis,esto_flow,esto_product,esto_pair_axis,,esto_pair,252.7000777097774,1254.735956194716,direct_mapping_numeric_gap,"Mapping looks direct; inspect source data values, signs, and scenario-specific series."
esto__14__Industry_sector,Other biomass,Target,,,1254.735956194716,252.7000777097774,15_05_other_biomass,balance_table_esto_axis,esto_flow,esto_product,esto_pair_axis,,esto_pair,252.7000777097774,1254.735956194716,direct_mapping_numeric_gap,"Mapping looks direct; inspect source data values, signs, and scenario-specific series."
esto__14_03_08__Pulp__paper_and_printing,Other biomass,Target,,,1106.867726551052,252.39596502116945,15_05_other_biomass,balance_table_esto_axis,esto_flow,esto_product,esto_pair_axis,,esto_pair,252.39596502116945,1106.867726551052,direct_mapping_numeric_gap,"Mapping looks direct; inspect source data values, signs, and scenario-specific series."
esto__01__Production,Anthracite,Target,,,8929.6578133216,234.08676916069638,01_x_thermal_coal,balance_table_esto_axis,esto_flow,esto_product,esto_pair_axis,,esto_pair,234.08676916069638,8929.6578133216,aggregate_fuel_mapping,The 9th fuel is an aggregate bucket; compare against sibling fuels and the shared aggregate fuel audit.
esto__07__Total_primary_energy_supply,Anthracite,Target,,,8018.658420221602,210.20534961514613,01_x_thermal_coal,balance_table_esto_axis,esto_flow,esto_product,esto_pair_axis,,esto_pair,210.20534961514613,8018.658420221602,aggregate_fuel_mapping,The 9th fuel is an aggregate bucket; compare against sibling fuels and the shared aggregate fuel audit.
esto__14_03_11__Non-specified_industry,Bitumen,Target,,,17.26526233320387,195.00000008989034,07_x_other_petroleum_products,balance_table_esto_axis,esto_flow,esto_product,esto_pair_axis,,esto_pair,195.00000008989034,17.26526233320387,aggregate_fuel_mapping,The 9th fuel is an aggregate bucket; compare against sibling fuels and the shared aggregate fuel audit.
esto__13__Total_final_energy_consumption,Bitumen,Target,,,65.66199578950183,195.00000002185544,07_x_other_petroleum_products,balance_table_esto_axis,esto_flow,esto_product,esto_pair_axis,,esto_pair,195.00000002185544,65.66199578950183,aggregate_fuel_mapping,The 9th fuel is an aggregate bucket; compare against sibling fuels and the shared aggregate fuel audit.
esto__14_03__Manufacturing,Bitumen,Target,,,65.66199578950183,195.00000002185544,07_x_other_petroleum_products,balance_table_esto_axis,esto_flow,esto_product,esto_pair_axis,,esto_pair,195.00000002185544,65.66199578950183,aggregate_fuel_mapping,The 9th fuel is an aggregate bucket; compare against sibling fuels and the shared aggregate fuel audit.
esto__14__Industry_sector,Bitumen,Target,,,65.66199578950183,195.00000002185544,07_x_other_petroleum_products,balance_table_esto_axis,esto_flow,esto_product,esto_pair_axis,,esto_pair,195.00000002185544,65.66199578950183,aggregate_fuel_mapping,The 9th fuel is an aggregate bucket; compare against sibling fuels and the shared aggregate fuel audit.
esto__14_03_02__Chemical__incl__petrochemical,Bitumen,Target,,,17.846710537500012,195.00000000002578,07_x_other_petroleum_products,balance_table_esto_axis,esto_flow,esto_product,esto_pair_axis,,esto_pair,195.00000000002578,17.846710537500012,aggregate_fuel_mapping,The 9th fuel is an aggregate bucket; compare against sibling fuels and the shared aggregate fuel audit.
esto__14_03_04__Non-metallic_mineral_products,Bitumen,Target,,,28.317913470916153,194.9999999970114,07_x_other_petroleum_products,balance_table_esto_axis,esto_flow,esto_product,esto_pair_axis,,esto_pair,194.9999999970114,28.317913470916153,aggregate_fuel_mapping,The 9th fuel is an aggregate bucket; compare against sibling fuels and the shared aggregate fuel audit.
esto__14_03_03__Non_ferrous_metals,Bitumen,Target,,,0.09654386426018287,194.9999999916013,07_x_other_petroleum_products,balance_table_esto_axis,esto_flow,esto_product,esto_pair_axis,,esto_pair,194.9999999916013,0.09654386426018287,aggregate_fuel_mapping,The 9th fuel is an aggregate bucket; compare against sibling fuels and the shared aggregate fuel audit.
esto__14_03_06__Machinery,Bitumen,Target,,,1.8152004557136339,194.99999998627257,07_x_other_petroleum_products,balance_table_esto_axis,esto_flow,esto_product,esto_pair_axis,,esto_pair,194.99999998627257,1.8152004557136339,aggregate_fuel_mapping,The 9th fuel is an aggregate bucket; compare against sibling fuels and the shared aggregate fuel audit.
esto__14_03_08__Pulp__paper_and_printing,Bitumen,Target,,,0.3203651279079799,194.9999999781217,07_x_other_petroleum_products,balance_table_esto_axis,esto_flow,esto_product,esto_pair_axis,,esto_pair,194.9999999781217,0.3203651279079799,aggregate_fuel_mapping,The 9th fuel is an aggregate bucket; compare against sibling fuels and the shared aggregate fuel audit.
esto__07__Total_primary_energy_supply,Refinery gas (not liquefied),Target,,,60.466638101335285,143.2851597010102,07_10_refinery_gas_not_liquefied,balance_table_esto_axis,esto_flow,esto_product,esto_pair_axis,,esto_pair,143.2851597010102,60.466638101335285,direct_mapping_numeric_gap,"Mapping looks direct; inspect source data values, signs, and scenario-specific series."
esto__09_08__Coal_transformation,Blast furnace gas,Target,,,233.4304020454544,120.70134142626516,02_coal_products|16_02_industrial_waste,balance_table_esto_axis,esto_flow,esto_product,esto_pair_axis,,esto_pair,120.70134142626516,233.4304020454544,direct_mapping_numeric_gap,"Mapping looks direct; inspect source data values, signs, and scenario-specific series."
esto__09_06_02__Liquefaction_regasification_plants,LNG,Target,,,7449.147538822097,85.85961940411296,08_02_lng,balance_table_esto_axis,esto_flow,esto_product,esto_pair_axis,,esto_pair,85.85961940411296,7449.147538822097,direct_mapping_numeric_gap,"Mapping looks direct; inspect source data values, signs, and scenario-specific series."
esto__09_06__Gas_processing_plants,LNG,Target,,,7449.147538822097,85.85961940411296,08_02_lng,balance_table_esto_axis,esto_flow,esto_product,esto_pair_axis,,esto_pair,85.85961940411296,7449.147538822097,direct_mapping_numeric_gap,"Mapping looks direct; inspect source data values, signs, and scenario-specific series."
esto__09__Total_transformation_sector,LNG,Target,,,7449.147538822097,85.85961940411296,08_02_lng,balance_table_esto_axis,esto_flow,esto_product,esto_pair_axis,,esto_pair,85.85961940411296,7449.147538822097,direct_mapping_numeric_gap,"Mapping looks direct; inspect source data values, signs, and scenario-specific series."
esto__09__Total_transformation_sector,Coke oven coke,Target,,,211.8823967315879,84.59879138500209,02_coal_products,balance_table_esto_axis,esto_flow,esto_product,esto_pair_axis,,esto_pair,84.59879138500209,211.8823967315879,direct_mapping_numeric_gap,"Mapping looks direct; inspect source data values, signs, and scenario-specific series."
esto__09_06_02__Liquefaction_regasification_plants,Natural gas,Target,,,7443.707552596638,80.73470426440674,08_01_natural_gas,balance_table_esto_axis,esto_flow,esto_product,esto_pair_axis,,esto_pair,80.73470426440674,7443.707552596638,direct_mapping_numeric_gap,"Mapping looks direct; inspect source data values, signs, and scenario-specific series."
esto__09_06__Gas_processing_plants,Natural gas,Target,,,7443.707552596638,80.73470426440674,08_01_natural_gas,balance_table_esto_axis,esto_flow,esto_product,esto_pair_axis,,esto_pair,80.73470426440674,7443.707552596638,direct_mapping_numeric_gap,"Mapping looks direct; inspect source data values, signs, and scenario-specific series."
esto__09_08__Coal_transformation,Coking coal,Target,,,444.11421000992954,80.31006229325573,01_01_coking_coal,balance_table_esto_axis,esto_flow,esto_product,esto_pair_axis,,esto_pair,80.31006229325573,444.11421000992954,direct_mapping_numeric_gap,"Mapping looks direct; inspect source data values, signs, and scenario-specific series."
esto__09__Total_transformation_sector,Coking coal,Target,,,444.11421000992954,80.31006229325573,01_01_coking_coal,balance_table_esto_axis,esto_flow,esto_product,esto_pair_axis,,esto_pair,80.31006229325573,444.11421000992954,direct_mapping_numeric_gap,"Mapping looks direct; inspect source data values, signs, and scenario-specific series."
esto__07__Total_primary_energy_supply,Coking coal,Target,,,444.11420965492954,80.31006222906066,01_01_coking_coal,balance_table_esto_axis,esto_flow,esto_product,esto_pair_axis,,esto_pair,80.31006222906066,444.11420965492954,direct_mapping_numeric_gap,"Mapping looks direct; inspect source data values, signs, and scenario-specific series."
esto__07__Total_primary_energy_supply,Other sources,Target,,,332.5407350107161,66.97271179964001,16_others_unallocated,balance_table_esto_axis,esto_flow,esto_product,esto_pair_axis,,esto_pair,66.97271179964001,332.5407350107161,catch_all_fuel_bucket,Catch-all fuel labels often hide reassignment problems; compare against specific fuels in the same sheet.
esto__14_03_11__Non-specified_industry,BKB/PB,Target,,,19.131052992328968,63.00000002981502,02_coal_products,balance_table_esto_axis,esto_flow,esto_product,esto_pair_axis,,esto_pair,63.00000002981502,19.131052992328968,direct_mapping_numeric_gap,"Mapping looks direct; inspect source data values, signs, and scenario-specific series."
esto__13__Total_final_energy_consumption,BKB/PB,Target,,,121.8388723454544,63.000000004696055,02_coal_products,balance_table_esto_axis,esto_flow,esto_product,esto_pair_axis,,esto_pair,63.000000004696055,121.8388723454544,direct_mapping_numeric_gap,"Mapping looks direct; inspect source data values, signs, and scenario-specific series."
esto__14_03__Manufacturing,BKB/PB,Target,,,121.83887234545439,63.00000000469605,02_coal_products,balance_table_esto_axis,esto_flow,esto_product,esto_pair_axis,,esto_pair,63.00000000469605,121.83887234545439,direct_mapping_numeric_gap,"Mapping looks direct; inspect source data values, signs, and scenario-specific series."
esto__14__Industry_sector,BKB/PB,Target,,,121.83887234545439,63.00000000469605,02_coal_products,balance_table_esto_axis,esto_flow,esto_product,esto_pair_axis,,esto_pair,63.00000000469605,121.83887234545439,direct_mapping_numeric_gap,"Mapping looks direct; inspect source data values, signs, and scenario-specific series."
esto__14_03_01__Iron_and_steel,BKB/PB,Target,,,102.70781935312543,63.00000000001722,02_coal_products,balance_table_esto_axis,esto_flow,esto_product,esto_pair_axis,,esto_pair,63.00000000001722,102.70781935312543,direct_mapping_numeric_gap,"Mapping looks direct; inspect source data values, signs, and scenario-specific series."
esto__07__Total_primary_energy_supply,Additives/ oxygenates,Target,,,1005.6757344594781,20.47939633631577,07_x_other_petroleum_products,balance_table_esto_axis,esto_flow,esto_product,esto_pair_axis,,esto_pair,20.47939633631577,1005.6757344594781,aggregate_fuel_mapping,The 9th fuel is an aggregate bucket; compare against sibling fuels and the shared aggregate fuel audit.
esto__07__Total_primary_energy_supply,LPG,Target,,,2273.0017389035506,18.50119345939286,07_09_lpg,balance_table_esto_axis,esto_flow,esto_product,esto_pair_axis,,esto_pair,18.50119345939286,2273.0017389035506,direct_mapping_numeric_gap,"Mapping looks direct; inspect source data values, signs, and scenario-specific series."
esto__14_03_11__Non-specified_industry,Anthracite,Target,,,23.54115591634831,15.000000007374062,01_x_thermal_coal,balance_table_esto_axis,esto_flow,esto_product,esto_pair_axis,,esto_pair,15.000000007374062,23.54115591634831,aggregate_fuel_mapping,The 9th fuel is an aggregate bucket; compare against sibling fuels and the shared aggregate fuel audit.
esto__14_03_08__Pulp__paper_and_printing,Anthracite,Target,,,19.95362400922514,14.999999998197515,01_x_thermal_coal,balance_table_esto_axis,esto_flow,esto_product,esto_pair_axis,,esto_pair,14.999999998197515,19.95362400922514,aggregate_fuel_mapping,The 9th fuel is an aggregate bucket; compare against sibling fuels and the shared aggregate fuel audit.
esto__14_03_07__Food__beverages_and_tobacco,Anthracite,Target,,,98.05724090483747,14.999999996542757,01_x_thermal_coal,balance_table_esto_axis,esto_flow,esto_product,esto_pair_axis,,esto_pair,14.999999996542757,98.05724090483747,aggregate_fuel_mapping,The 9th fuel is an aggregate bucket; compare against sibling fuels and the shared aggregate fuel audit.
template__Power__CHP_plants,Natural gas,Target,,,1715.409009706783,12.717539329475494,08_01_natural_gas,dashboard_template_esto_axis,dashboard_template,dashboard_template,esto_pair_axis,Template-declared ESTO-axis row with no LEAP export row.,esto_pair,12.717539329475494,1715.409009706783,direct_mapping_numeric_gap,"Mapping looks direct; inspect source data values, signs, and scenario-specific series."
esto__13__Total_final_energy_consumption,Anthracite,Target,,,353.81368628460245,9.275058959553878,01_x_thermal_coal,balance_table_esto_axis,esto_flow,esto_product,esto_pair_axis,,esto_pair,9.275058959553878,353.81368628460245,aggregate_fuel_mapping,The 9th fuel is an aggregate bucket; compare against sibling fuels and the shared aggregate fuel audit.
esto__14_03__Manufacturing,Anthracite,Target,,,342.3323424714291,8.980456357864249,01_x_thermal_coal,balance_table_esto_axis,esto_flow,esto_product,esto_pair_axis,,esto_pair,8.980456357864249,342.3323424714291,aggregate_fuel_mapping,The 9th fuel is an aggregate bucket; compare against sibling fuels and the shared aggregate fuel audit.
esto__14__Industry_sector,Anthracite,Target,,,342.3323424714291,8.980456357864249,01_x_thermal_coal,balance_table_esto_axis,esto_flow,esto_product,esto_pair_axis,,esto_pair,8.980456357864249,342.3323424714291,aggregate_fuel_mapping,The 9th fuel is an aggregate bucket; compare against sibling fuels and the shared aggregate fuel audit.
esto__16_01_01__Datacentres,Electricity,Target,,,2747.3928848402284,7.141280554693534,17_electricity,balance_table_esto_axis,esto_flow,esto_product,esto_pair_axis,,esto_pair,7.141280554693534,2747.3928848402284,direct_mapping_numeric_gap,"Mapping looks direct; inspect source data values, signs, and scenario-specific series."
esto__14_03_02__Chemical__incl__petrochemical,Anthracite,Target,,,43.82034842500148,7.000000000001892,01_x_thermal_coal,balance_table_esto_axis,esto_flow,esto_product,esto_pair_axis,,esto_pair,7.000000000001892,43.82034842500148,aggregate_fuel_mapping,The 9th fuel is an aggregate bucket; compare against sibling fuels and the shared aggregate fuel audit.
esto__14_03_01__Iron_and_steel,Anthracite,Target,,,1.9439396663746422,6.999999999989692,01_x_thermal_coal,balance_table_esto_axis,esto_flow,esto_product,esto_pair_axis,,esto_pair,6.999999999989692,1.9439396663746422,aggregate_fuel_mapping,The 9th fuel is an aggregate bucket; compare against sibling fuels and the shared aggregate fuel audit.
esto__14_03_04__Non-metallic_mineral_products,Anthracite,Target,,,155.01603354964212,6.999999999870716,01_x_thermal_coal,balance_table_esto_axis,esto_flow,esto_product,esto_pair_axis,,esto_pair,6.999999999870716,155.01603354964212,aggregate_fuel_mapping,The 9th fuel is an aggregate bucket; compare against sibling fuels and the shared aggregate fuel audit.
esto__09_08__Coal_transformation,Other bituminous coal,Target,,,12.133381130561359,3.460135497052026,01_x_thermal_coal,balance_table_esto_axis,esto_flow,esto_product,esto_pair_axis,,esto_pair,3.460135497052026,12.133381130561359,aggregate_fuel_mapping,The 9th fuel is an aggregate bucket; compare against sibling fuels and the shared aggregate fuel audit.
template__Power__CHP_plants,Electricity,Target,,,1932.523613627327,2.4808940832807154,17_electricity,dashboard_template_esto_axis,dashboard_template,dashboard_template,esto_pair_axis,Template-declared ESTO-axis row with no LEAP export row.,esto_pair,2.4808940832807154,1932.523613627327,direct_mapping_numeric_gap,"Mapping looks direct; inspect source data values, signs, and scenario-specific series."
esto__03__Exports,Natural gas liquids,Target,,,958.6950629999999,2.055499388935499,06_02_natural_gas_liquids,balance_table_esto_axis,esto_flow,esto_product,esto_pair_axis,,esto_pair,2.055499388935499,958.6950629999999,direct_mapping_numeric_gap,"Mapping looks direct; inspect source data values, signs, and scenario-specific series."
esto__13__Total_final_energy_consumption,Other biomass,Target,,,1251.2443573155674,1.8529998976938067,15_05_other_biomass,balance_table_esto_axis,esto_flow,esto_product,esto_pair_axis,,esto_pair,1.8529998976938067,1251.2443573155674,direct_mapping_numeric_gap,"Mapping looks direct; inspect source data values, signs, and scenario-specific series."
esto__01__Production,Other biomass,Target,,,1251.2443573155674,1.8529998976938065,15_05_other_biomass,balance_table_esto_axis,esto_flow,esto_product,esto_pair_axis,,esto_pair,1.8529998976938065,1251.2443573155674,direct_mapping_numeric_gap,"Mapping looks direct; inspect source data values, signs, and scenario-specific series."
esto__07__Total_primary_energy_supply,Other biomass,Target,,,1251.2443573155674,1.8529998976938065,15_05_other_biomass,balance_table_esto_axis,esto_flow,esto_product,esto_pair_axis,,esto_pair,1.8529998976938065,1251.2443573155674,direct_mapping_numeric_gap,"Mapping looks direct; inspect source data values, signs, and scenario-specific series."
esto__09__Total_transformation_sector,Other bituminous coal,Target,,,4727.646992372033,1.609585618433284,01_x_thermal_coal,balance_table_esto_axis,esto_flow,esto_product,esto_pair_axis,,esto_pair,1.609585618433284,4727.646992372033,aggregate_fuel_mapping,The 9th fuel is an aggregate bucket; compare against sibling fuels and the shared aggregate fuel audit.
template__Power__Electricity_plants,Other bituminous coal,Target,,,4512.680349241473,1.5382340330050224,01_x_thermal_coal,dashboard_template_esto_axis,dashboard_template,dashboard_template,esto_pair_axis,Template-declared ESTO-axis row with no LEAP export row.,esto_pair,1.5382340330050224,4512.680349241473,aggregate_fuel_mapping,The 9th fuel is an aggregate bucket; compare against sibling fuels and the shared aggregate fuel audit.
esto__13__Total_final_energy_consumption,Blast furnace gas,Target,,,2.412546480454405,1.247470740282401,16_02_industrial_waste,balance_table_esto_axis,esto_flow,esto_product,esto_pair_axis,,esto_pair,1.247470740282401,2.412546480454405,direct_mapping_numeric_gap,"Mapping looks direct; inspect source data values, signs, and scenario-specific series."
esto__14_03__Manufacturing,Blast furnace gas,Target,,,2.412546480454405,1.247470740282401,16_02_industrial_waste,balance_table_esto_axis,esto_flow,esto_product,esto_pair_axis,,esto_pair,1.247470740282401,2.412546480454405,direct_mapping_numeric_gap,"Mapping looks direct; inspect source data values, signs, and scenario-specific series."
esto__14__Industry_sector,Blast furnace gas,Target,,,2.412546480454405,1.247470740282401,16_02_industrial_waste,balance_table_esto_axis,esto_flow,esto_product,esto_pair_axis,,esto_pair,1.247470740282401,2.412546480454405,direct_mapping_numeric_gap,"Mapping looks direct; inspect source data values, signs, and scenario-specific series."
esto__09__Total_transformation_sector,Kerosene,Target,,,178.05538250995065,1.000032851926813,07_06_kerosene,balance_table_esto_axis,esto_flow,esto_product,esto_pair_axis,,esto_pair,1.000032851926813,178.05538250995065,direct_mapping_numeric_gap,"Mapping looks direct; inspect source data values, signs, and scenario-specific series."
esto__09__Total_transformation_sector,Electricity,Target,,,17796.66283230815,1.0,17_x_green_electricity,balance_table_esto_axis,esto_flow,esto_product,esto_pair_axis,,esto_pair,1.0,17796.66283230815,aggregate_fuel_mapping,The 9th fuel is an aggregate bucket; compare against sibling fuels and the shared aggregate fuel audit.
template__Power__Electricity_plants,Sub-bituminous coal,Target,,,4442.858255853812,1.0,01_x_thermal_coal,dashboard_template_esto_axis,dashboard_template,dashboard_template,esto_pair_axis,Template-declared ESTO-axis row with no LEAP export row.,esto_pair,1.0,4442.858255853812,aggregate_fuel_mapping,The 9th fuel is an aggregate bucket; compare against sibling fuels and the shared aggregate fuel audit.
esto__09__Total_transformation_sector,PetProd nonspecified,Target,,,3918.3269367176767,1.0,07_petroleum_products_unallocated,balance_table_esto_axis,esto_flow,esto_product,esto_pair_axis,,esto_pair,1.0,3918.3269367176767,direct_mapping_numeric_gap,"Mapping looks direct; inspect source data values, signs, and scenario-specific series."
esto__02__Imports,Motor gasoline,Target,,,2140.894156377312,1.0,07_01_motor_gasoline,balance_table_esto_axis,esto_flow,esto_product,esto_pair_axis,,esto_pair,1.0,2140.894156377312,direct_mapping_numeric_gap,"Mapping looks direct; inspect source data values, signs, and scenario-specific series."
esto__03__Exports,Motor gasoline,Target,,,2140.894156377312,1.0,07_01_motor_gasoline,balance_table_esto_axis,esto_flow,esto_product,esto_pair_axis,,esto_pair,1.0,2140.894156377312,direct_mapping_numeric_gap,"Mapping looks direct; inspect source data values, signs, and scenario-specific series."
esto__07__Total_primary_energy_supply,Electricity,Target,,,1019.8772836668348,1.0,17_x_green_electricity,balance_table_esto_axis,esto_flow,esto_product,esto_pair_axis,,esto_pair,1.0,1019.8772836668348,aggregate_fuel_mapping,The 9th fuel is an aggregate bucket; compare against sibling fuels and the shared aggregate fuel audit.
esto__07__Total_primary_energy_supply,Bio jet kerosene,Target,,,256.7284721202452,1.0,16_07_bio_jet_kerosene,balance_table_esto_axis,esto_flow,esto_product,esto_pair_axis,,esto_pair,1.0,256.7284721202452,direct_mapping_numeric_gap,"Mapping looks direct; inspect source data values, signs, and scenario-specific series."
esto__13__Total_final_energy_consumption,Bio jet kerosene,Target,,,256.7284721202452,1.0,16_07_bio_jet_kerosene,balance_table_esto_axis,esto_flow,esto_product,esto_pair_axis,,esto_pair,1.0,256.7284721202452,direct_mapping_numeric_gap,"Mapping looks direct; inspect source data values, signs, and scenario-specific series."
esto__15_01__Domestic_air_transport,Bio jet kerosene,Target,,,251.76315526096127,1.0,16_07_bio_jet_kerosene,balance_table_esto_axis,esto_flow,esto_product,esto_pair_axis,,esto_pair,1.0,251.76315526096127,direct_mapping_numeric_gap,"Mapping looks direct; inspect source data values, signs, and scenario-specific series."
esto__15__Transport_sector,Bio jet kerosene,Target,,,251.76315526096127,1.0,16_07_bio_jet_kerosene,balance_table_esto_axis,esto_flow,esto_product,esto_pair_axis,,esto_pair,1.0,251.76315526096127,direct_mapping_numeric_gap,"Mapping looks direct; inspect source data values, signs, and scenario-specific series."
esto__09_13_03__SMR_w_CCS,Natural gas,Target,,,141.8346559204727,1.0,08_01_natural_gas,balance_table_esto_axis,esto_flow,esto_product,esto_pair_axis,,esto_pair,1.0,141.8346559204727,direct_mapping_numeric_gap,"Mapping looks direct; inspect source data values, signs, and scenario-specific series."
esto__09_13__Hydrogen_transformation,Natural gas,Target,,,141.8346559204727,1.0,08_01_natural_gas,balance_table_esto_axis,esto_flow,esto_product,esto_pair_axis,,esto_pair,1.0,141.8346559204727,direct_mapping_numeric_gap,"Mapping looks direct; inspect source data values, signs, and scenario-specific series."
esto__02__Imports,Municipal solid waste (non-renewable),Target,,,109.7930112412327,1.0,16_04_municipal_solid_waste_nonrenewable,balance_table_esto_axis,esto_flow,esto_product,esto_pair_axis,,esto_pair,1.0,109.7930112412327,direct_mapping_numeric_gap,"Mapping looks direct; inspect source data values, signs, and scenario-specific series."
esto__15__Transport_sector,Hydrogen,Target,,,107.16534550203608,1.0,16_x_hydrogen,balance_table_esto_axis,esto_flow,esto_product,esto_pair_axis,,esto_pair,1.0,107.16534550203608,aggregate_fuel_mapping,The 9th fuel is an aggregate bucket; compare against sibling fuels and the shared aggregate fuel audit.
esto__13__Total_final_energy_consumption,Hydrogen,Target,,,107.16534550203606,1.0,16_x_hydrogen,balance_table_esto_axis,esto_flow,esto_product,esto_pair_axis,,esto_pair,1.0,107.16534550203606,aggregate_fuel_mapping,The 9th fuel is an aggregate bucket; compare against sibling fuels and the shared aggregate fuel audit.
esto__03__Exports,Refinery gas (not liquefied),Target,,,96.63300008459576,1.0,07_10_refinery_gas_not_liquefied,balance_table_esto_axis,esto_flow,esto_product,esto_pair_axis,,esto_pair,1.0,96.63300008459576,direct_mapping_numeric_gap,"Mapping looks direct; inspect source data values, signs, and scenario-specific series."
esto__09__Total_transformation_sector,Municipal solid waste (non-renewable),Target,,,93.0794525902338,1.0,16_04_municipal_solid_waste_nonrenewable,balance_table_esto_axis,esto_flow,esto_product,esto_pair_axis,,esto_pair,1.0,93.0794525902338,direct_mapping_numeric_gap,"Mapping looks direct; inspect source data values, signs, and scenario-specific series."
esto__15_02__Road,Hydrogen,Target,,,78.32411002094537,1.0,16_x_hydrogen,balance_table_esto_axis,esto_flow,esto_product,esto_pair_axis,,esto_pair,1.0,78.32411002094537,aggregate_fuel_mapping,The 9th fuel is an aggregate bucket; compare against sibling fuels and the shared aggregate fuel audit.
esto__15_02__Road,Hydrogen,Target,,,78.32411002094537,1.0,16_x_hydrogen,dashboard_template_esto_axis,dashboard_template,dashboard_template,esto_pair_axis,Template-declared ESTO-axis row with no LEAP export row.,esto_pair,1.0,78.32411002094537,aggregate_fuel_mapping,The 9th fuel is an aggregate bucket; compare against sibling fuels and the shared aggregate fuel audit.
esto__09__Total_transformation_sector,Biogas,Target,,,77.90904457138352,1.0,16_01_biogas,balance_table_esto_axis,esto_flow,esto_product,esto_pair_axis,,esto_pair,1.0,77.90904457138352,direct_mapping_numeric_gap,"Mapping looks direct; inspect source data values, signs, and scenario-specific series."
template__Power__Electricity_plants,Biogas,Target,,,77.9090445713835,1.0,16_01_biogas,dashboard_template_esto_axis,dashboard_template,dashboard_template,esto_pair_axis,Template-declared ESTO-axis row with no LEAP export row.,esto_pair,1.0,77.9090445713835,direct_mapping_numeric_gap,"Mapping looks direct; inspect source data values, signs, and scenario-specific series."
esto__09__Total_transformation_sector,Municipal solid waste (renewable),Target,,,76.10916565389283,1.0,16_03_municipal_solid_waste_renewable,balance_table_esto_axis,esto_flow,esto_product,esto_pair_axis,,esto_pair,1.0,76.10916565389283,direct_mapping_numeric_gap,"Mapping looks direct; inspect source data values, signs, and scenario-specific series."
esto__02__Imports,Municipal solid waste (renewable),Target,,,70.50982651116965,1.0,16_03_municipal_solid_waste_renewable,balance_table_esto_axis,esto_flow,esto_product,esto_pair_axis,,esto_pair,1.0,70.50982651116965,direct_mapping_numeric_gap,"Mapping looks direct; inspect source data values, signs, and scenario-specific series."
esto__09_13_03__SMR_w_CCS,Hydrogen,Target,,,55.85529145498443,1.0,16_x_hydrogen,balance_table_esto_axis,esto_flow,esto_product,esto_pair_axis,,esto_pair,1.0,55.85529145498443,aggregate_fuel_mapping,The 9th fuel is an aggregate bucket; compare against sibling fuels and the shared aggregate fuel audit.
esto__09_13__Hydrogen_transformation,Hydrogen,Target,,,55.85529145498443,1.0,16_x_hydrogen,balance_table_esto_axis,esto_flow,esto_product,esto_pair_axis,,esto_pair,1.0,55.85529145498443,aggregate_fuel_mapping,The 9th fuel is an aggregate bucket; compare against sibling fuels and the shared aggregate fuel audit.
esto__02__Imports,Hydrogen,Target,,,55.85529145498435,1.0,16_x_hydrogen,balance_table_esto_axis,esto_flow,esto_product,esto_pair_axis,,esto_pair,1.0,55.85529145498435,aggregate_fuel_mapping,The 9th fuel is an aggregate bucket; compare against sibling fuels and the shared aggregate fuel audit.
esto__07__Total_primary_energy_supply,Hydrogen,Target,,,55.85529145498435,1.0,16_x_hydrogen,balance_table_esto_axis,esto_flow,esto_product,esto_pair_axis,,esto_pair,1.0,55.85529145498435,aggregate_fuel_mapping,The 9th fuel is an aggregate bucket; compare against sibling fuels and the shared aggregate fuel audit.
esto__02__Imports,Bio jet kerosene,Target,,,52.245315779245196,1.0,16_07_bio_jet_kerosene,balance_table_esto_axis,esto_flow,esto_product,esto_pair_axis,,esto_pair,1.0,52.245315779245196,direct_mapping_numeric_gap,"Mapping looks direct; inspect source data values, signs, and scenario-specific series."
esto__09__Total_transformation_sector,Hydrogen,Target,,,51.31005404705171,1.0,16_x_hydrogen,balance_table_esto_axis,esto_flow,esto_product,esto_pair_axis,,esto_pair,1.0,51.31005404705171,aggregate_fuel_mapping,The 9th fuel is an aggregate bucket; compare against sibling fuels and the shared aggregate fuel audit.
esto__02__Imports,Additives/ oxygenates,Target,,,49.10670792947789,1.0,07_x_other_petroleum_products,balance_table_esto_axis,esto_flow,esto_product,esto_pair_axis,,esto_pair,1.0,49.10670792947789,aggregate_fuel_mapping,The 9th fuel is an aggregate bucket; compare against sibling fuels and the shared aggregate fuel audit.
esto__07__Total_primary_energy_supply,Coal nonspecified,Target,,,38.11970448157084,1.0,01_coal_unallocated,balance_table_esto_axis,esto_flow,esto_product,esto_pair_axis,,esto_pair,1.0,38.11970448157084,direct_mapping_numeric_gap,"Mapping looks direct; inspect source data values, signs, and scenario-specific series."
esto__13__Total_final_energy_consumption,Coal nonspecified,Target,,,38.119704481570835,1.0,01_coal_unallocated,balance_table_esto_axis,esto_flow,esto_product,esto_pair_axis,,esto_pair,1.0,38.119704481570835,direct_mapping_numeric_gap,"Mapping looks direct; inspect source data values, signs, and scenario-specific series."
esto__14_03__Manufacturing,Coal nonspecified,Target,,,38.119704481570835,1.0,01_coal_unallocated,balance_table_esto_axis,esto_flow,esto_product,esto_pair_axis,,esto_pair,1.0,38.119704481570835,direct_mapping_numeric_gap,"Mapping looks direct; inspect source data values, signs, and scenario-specific series."
esto__14__Industry_sector,Coal nonspecified,Target,,,38.119704481570835,1.0,01_coal_unallocated,balance_table_esto_axis,esto_flow,esto_product,esto_pair_axis,,esto_pair,1.0,38.119704481570835,direct_mapping_numeric_gap,"Mapping looks direct; inspect source data values, signs, and scenario-specific series."
esto__14_03_04__Non-metallic_mineral_products,Coal nonspecified,Target,,,22.145147650357877,1.0,01_coal_unallocated,balance_table_esto_axis,esto_flow,esto_product,esto_pair_axis,,esto_pair,1.0,22.145147650357877,direct_mapping_numeric_gap,"Mapping looks direct; inspect source data values, signs, and scenario-specific series."
esto__05__International_aviation_bunkers,Hydrogen,Target,,,21.95841981886318,1.0,16_x_hydrogen,balance_table_esto_axis,esto_flow,esto_product,esto_pair_axis,,esto_pair,1.0,21.95841981886318,aggregate_fuel_mapping,The 9th fuel is an aggregate bucket; compare against sibling fuels and the shared aggregate fuel audit.
esto__13__Total_final_energy_consumption,Ammonia,Target,,,18.546905172087175,1.0,16_x_ammonia,balance_table_esto_axis,esto_flow,esto_product,esto_pair_axis,,esto_pair,1.0,18.546905172087175,aggregate_fuel_mapping,The 9th fuel is an aggregate bucket; compare against sibling fuels and the shared aggregate fuel audit.
esto__15__Transport_sector,Ammonia,Target,,,18.546905172087175,1.0,16_x_ammonia,balance_table_esto_axis,esto_flow,esto_product,esto_pair_axis,,esto_pair,1.0,18.546905172087175,aggregate_fuel_mapping,The 9th fuel is an aggregate bucket; compare against sibling fuels and the shared aggregate fuel audit.
esto__04__International_marine_bunkers,Ammonia,Target,,,14.556392199386925,1.0,16_x_ammonia,balance_table_esto_axis,esto_flow,esto_product,esto_pair_axis,,esto_pair,1.0,14.556392199386925,aggregate_fuel_mapping,The 9th fuel is an aggregate bucket; compare against sibling fuels and the shared aggregate fuel audit.
esto__09_13_03__SMR_w_CCS,Ammonia,Target,,,12.32573867216344,1.0,16_x_ammonia,balance_table_esto_axis,esto_flow,esto_product,esto_pair_axis,,esto_pair,1.0,12.32573867216344,aggregate_fuel_mapping,The 9th fuel is an aggregate bucket; compare against sibling fuels and the shared aggregate fuel audit.
esto__09_13__Hydrogen_transformation,Ammonia,Target,,,12.32573867216344,1.0,16_x_ammonia,balance_table_esto_axis,esto_flow,esto_product,esto_pair_axis,,esto_pair,1.0,12.32573867216344,aggregate_fuel_mapping,The 9th fuel is an aggregate bucket; compare against sibling fuels and the shared aggregate fuel audit.
esto__09__Total_transformation_sector,Ammonia,Target,,,12.32573867216344,1.0,16_x_ammonia,balance_table_esto_axis,esto_flow,esto_product,esto_pair_axis,,esto_pair,1.0,12.32573867216344,aggregate_fuel_mapping,The 9th fuel is an aggregate bucket; compare against sibling fuels and the shared aggregate fuel audit.
esto__15_01__Domestic_air_transport,Hydrogen,Target,,,6.882815662227517,1.0,16_x_hydrogen,balance_table_esto_axis,esto_flow,esto_product,esto_pair_axis,,esto_pair,1.0,6.882815662227517,aggregate_fuel_mapping,The 9th fuel is an aggregate bucket; compare against sibling fuels and the shared aggregate fuel audit.
esto__14_03_07__Food__beverages_and_tobacco,Coal nonspecified,Target,,,6.537149395162532,1.0,01_coal_unallocated,balance_table_esto_axis,esto_flow,esto_product,esto_pair_axis,,esto_pair,1.0,6.537149395162532,direct_mapping_numeric_gap,"Mapping looks direct; inspect source data values, signs, and scenario-specific series."
esto__14_03_02__Chemical__incl__petrochemical,Coal nonspecified,Target,,,6.260049774998519,1.0,01_coal_unallocated,balance_table_esto_axis,esto_flow,esto_product,esto_pair_axis,,esto_pair,1.0,6.260049774998519,direct_mapping_numeric_gap,"Mapping looks direct; inspect source data values, signs, and scenario-specific series."
esto__02__Imports,Ammonia,Target,,,6.2211664999237355,1.0,16_x_ammonia,balance_table_esto_axis,esto_flow,esto_product,esto_pair_axis,,esto_pair,1.0,6.2211664999237355,aggregate_fuel_mapping,The 9th fuel is an aggregate bucket; compare against sibling fuels and the shared aggregate fuel audit.
esto__07__Total_primary_energy_supply,Ammonia,Target,,,6.2211664999237355,1.0,16_x_ammonia,balance_table_esto_axis,esto_flow,esto_product,esto_pair_axis,,esto_pair,1.0,6.2211664999237355,aggregate_fuel_mapping,The 9th fuel is an aggregate bucket; compare against sibling fuels and the shared aggregate fuel audit.
template__Power__Electricity_plants,Industrial waste,Target,,,5.656762312113655,1.0,16_02_industrial_waste,dashboard_template_esto_axis,dashboard_template,dashboard_template,esto_pair_axis,Template-declared ESTO-axis row with no LEAP export row.,esto_pair,1.0,5.656762312113655,direct_mapping_numeric_gap,"Mapping looks direct; inspect source data values, signs, and scenario-specific series."
esto__13__Total_final_energy_consumption,Black liqour,Target,,,4.965316859283927,1.0,15_04_black_liquor,balance_table_esto_axis,esto_flow,esto_product,esto_pair_axis,,esto_pair,1.0,4.965316859283927,direct_mapping_numeric_gap,"Mapping looks direct; inspect source data values, signs, and scenario-specific series."
esto__13__Total_final_energy_consumption,Charcoal,Target,,,4.965316859283927,1.0,15_03_charcoal,balance_table_esto_axis,esto_flow,esto_product,esto_pair_axis,,esto_pair,1.0,4.965316859283927,direct_mapping_numeric_gap,"Mapping looks direct; inspect source data values, signs, and scenario-specific series."
esto__14_03__Manufacturing,Bio jet kerosene,Target,,,4.965316859283927,1.0,16_07_bio_jet_kerosene,balance_table_esto_axis,esto_flow,esto_product,esto_pair_axis,,esto_pair,1.0,4.965316859283927,direct_mapping_numeric_gap,"Mapping looks direct; inspect source data values, signs, and scenario-specific series."
esto__14_03__Manufacturing,Biogasoline,Target,,,4.965316859283927,1.0,16_05_biogasoline,balance_table_esto_axis,esto_flow,esto_product,esto_pair_axis,,esto_pair,1.0,4.965316859283927,direct_mapping_numeric_gap,"Mapping looks direct; inspect source data values, signs, and scenario-specific series."
esto__14_03__Manufacturing,Black liqour,Target,,,4.965316859283927,1.0,15_04_black_liquor,balance_table_esto_axis,esto_flow,esto_product,esto_pair_axis,,esto_pair,1.0,4.965316859283927,direct_mapping_numeric_gap,"Mapping looks direct; inspect source data values, signs, and scenario-specific series."
esto__14_03__Manufacturing,Charcoal,Target,,,4.965316859283927,1.0,15_03_charcoal,balance_table_esto_axis,esto_flow,esto_product,esto_pair_axis,,esto_pair,1.0,4.965316859283927,direct_mapping_numeric_gap,"Mapping looks direct; inspect source data values, signs, and scenario-specific series."
esto__14_03__Manufacturing,Municipal solid waste (renewable),Target,,,4.965316859283927,1.0,16_03_municipal_solid_waste_renewable,balance_table_esto_axis,esto_flow,esto_product,esto_pair_axis,,esto_pair,1.0,4.965316859283927,direct_mapping_numeric_gap,"Mapping looks direct; inspect source data values, signs, and scenario-specific series."
esto__14__Industry_sector,Bio jet kerosene,Target,,,4.965316859283927,1.0,16_07_bio_jet_kerosene,balance_table_esto_axis,esto_flow,esto_product,esto_pair_axis,,esto_pair,1.0,4.965316859283927,direct_mapping_numeric_gap,"Mapping looks direct; inspect source data values, signs, and scenario-specific series."
esto__14__Industry_sector,Biogasoline,Target,,,4.965316859283927,1.0,16_05_biogasoline,balance_table_esto_axis,esto_flow,esto_product,esto_pair_axis,,esto_pair,1.0,4.965316859283927,direct_mapping_numeric_gap,"Mapping looks direct; inspect source data values, signs, and scenario-specific series."
esto__14__Industry_sector,Black liqour,Target,,,4.965316859283927,1.0,15_04_black_liquor,balance_table_esto_axis,esto_flow,esto_product,esto_pair_axis,,esto_pair,1.0,4.965316859283927,direct_mapping_numeric_gap,"Mapping looks direct; inspect source data values, signs, and scenario-specific series."
esto__14__Industry_sector,Charcoal,Target,,,4.965316859283927,1.0,15_03_charcoal,balance_table_esto_axis,esto_flow,esto_product,esto_pair_axis,,esto_pair,1.0,4.965316859283927,direct_mapping_numeric_gap,"Mapping looks direct; inspect source data values, signs, and scenario-specific series."
esto__14__Industry_sector,Municipal solid waste (renewable),Target,,,4.965316859283927,1.0,16_03_municipal_solid_waste_renewable,balance_table_esto_axis,esto_flow,esto_product,esto_pair_axis,,esto_pair,1.0,4.965316859283927,direct_mapping_numeric_gap,"Mapping looks direct; inspect source data values, signs, and scenario-specific series."
esto__01__Production,Bagasse,Target,,,4.965316859283926,1.0,15_02_bagasse,balance_table_esto_axis,esto_flow,esto_product,esto_pair_axis,,esto_pair,1.0,4.965316859283926,direct_mapping_numeric_gap,"Mapping looks direct; inspect source data values, signs, and scenario-specific series."
esto__01__Production,Black liqour,Target,,,4.965316859283926,1.0,15_04_black_liquor,balance_table_esto_axis,esto_flow,esto_product,esto_pair_axis,,esto_pair,1.0,4.965316859283926,direct_mapping_numeric_gap,"Mapping looks direct; inspect source data values, signs, and scenario-specific series."
esto__01__Production,Fuelwood & woodwaste,Target,,,4.965316859283926,1.0,15_01_fuelwood_and_woodwaste,balance_table_esto_axis,esto_flow,esto_product,esto_pair_axis,,esto_pair,1.0,4.965316859283926,direct_mapping_numeric_gap,"Mapping looks direct; inspect source data values, signs, and scenario-specific series."
esto__02__Imports,Charcoal,Target,,,4.965316859283926,1.0,15_03_charcoal,balance_table_esto_axis,esto_flow,esto_product,esto_pair_axis,,esto_pair,1.0,4.965316859283926,direct_mapping_numeric_gap,"Mapping looks direct; inspect source data values, signs, and scenario-specific series."
esto__02__Imports,Other sources,Target,,,4.965316859283926,1.0,16_others_unallocated,balance_table_esto_axis,esto_flow,esto_product,esto_pair_axis,,esto_pair,1.0,4.965316859283926,catch_all_fuel_bucket,Catch-all fuel labels often hide reassignment problems; compare against specific fuels in the same sheet.
esto__07__Total_primary_energy_supply,Bagasse,Target,,,4.965316859283926,1.0,15_02_bagasse,balance_table_esto_axis,esto_flow,esto_product,esto_pair_axis,,esto_pair,1.0,4.965316859283926,direct_mapping_numeric_gap,"Mapping looks direct; inspect source data values, signs, and scenario-specific series."
esto__07__Total_primary_energy_supply,Black liqour,Target,,,4.965316859283926,1.0,15_04_black_liquor,balance_table_esto_axis,esto_flow,esto_product,esto_pair_axis,,esto_pair,1.0,4.965316859283926,direct_mapping_numeric_gap,"Mapping looks direct; inspect source data values, signs, and scenario-specific series."
esto__07__Total_primary_energy_supply,Charcoal,Target,,,4.965316859283926,1.0,15_03_charcoal,balance_table_esto_axis,esto_flow,esto_product,esto_pair_axis,,esto_pair,1.0,4.965316859283926,direct_mapping_numeric_gap,"Mapping looks direct; inspect source data values, signs, and scenario-specific series."
esto__07__Total_primary_energy_supply,Fuelwood & woodwaste,Target,,,4.965316859283926,1.0,15_01_fuelwood_and_woodwaste,balance_table_esto_axis,esto_flow,esto_product,esto_pair_axis,,esto_pair,1.0,4.965316859283926,direct_mapping_numeric_gap,"Mapping looks direct; inspect source data values, signs, and scenario-specific series."
esto__13__Total_final_energy_consumption,Bagasse,Target,,,4.965316859283926,1.0,15_02_bagasse,balance_table_esto_axis,esto_flow,esto_product,esto_pair_axis,,esto_pair,1.0,4.965316859283926,direct_mapping_numeric_gap,"Mapping looks direct; inspect source data values, signs, and scenario-specific series."
esto__13__Total_final_energy_consumption,Fuelwood & woodwaste,Target,,,4.965316859283926,1.0,15_01_fuelwood_and_woodwaste,balance_table_esto_axis,esto_flow,esto_product,esto_pair_axis,,esto_pair,1.0,4.965316859283926,direct_mapping_numeric_gap,"Mapping looks direct; inspect source data values, signs, and scenario-specific series."
esto__13__Total_final_energy_consumption,Other sources,Target,,,4.965316859283926,1.0,16_others_unallocated,balance_table_esto_axis,esto_flow,esto_product,esto_pair_axis,,esto_pair,1.0,4.965316859283926,catch_all_fuel_bucket,Catch-all fuel labels often hide reassignment problems; compare against specific fuels in the same sheet.
esto__14_03__Manufacturing,Bagasse,Target,,,4.965316859283926,1.0,15_02_bagasse,balance_table_esto_axis,esto_flow,esto_product,esto_pair_axis,,esto_pair,1.0,4.965316859283926,direct_mapping_numeric_gap,"Mapping looks direct; inspect source data values, signs, and scenario-specific series."
esto__14_03__Manufacturing,Fuelwood & woodwaste,Target,,,4.965316859283926,1.0,15_01_fuelwood_and_woodwaste,balance_table_esto_axis,esto_flow,esto_product,esto_pair_axis,,esto_pair,1.0,4.965316859283926,direct_mapping_numeric_gap,"Mapping looks direct; inspect source data values, signs, and scenario-specific series."
esto__14_03__Manufacturing,Municipal solid waste (non-renewable),Target,,,4.965316859283926,1.0,16_04_municipal_solid_waste_nonrenewable,balance_table_esto_axis,esto_flow,esto_product,esto_pair_axis,,esto_pair,1.0,4.965316859283926,direct_mapping_numeric_gap,"Mapping looks direct; inspect source data values, signs, and scenario-specific series."
esto__14_03__Manufacturing,Other sources,Target,,,4.965316859283926,1.0,16_others_unallocated,balance_table_esto_axis,esto_flow,esto_product,esto_pair_axis,,esto_pair,1.0,4.965316859283926,catch_all_fuel_bucket,Catch-all fuel labels often hide reassignment problems; compare against specific fuels in the same sheet.
esto__14__Industry_sector,Bagasse,Target,,,4.965316859283926,1.0,15_02_bagasse,balance_table_esto_axis,esto_flow,esto_product,esto_pair_axis,,esto_pair,1.0,4.965316859283926,direct_mapping_numeric_gap,"Mapping looks direct; inspect source data values, signs, and scenario-specific series."
esto__14__Industry_sector,Fuelwood & woodwaste,Target,,,4.965316859283926,1.0,15_01_fuelwood_and_woodwaste,balance_table_esto_axis,esto_flow,esto_product,esto_pair_axis,,esto_pair,1.0,4.965316859283926,direct_mapping_numeric_gap,"Mapping looks direct; inspect source data values, signs, and scenario-specific series."
esto__14__Industry_sector,Municipal solid waste (non-renewable),Target,,,4.965316859283926,1.0,16_04_municipal_solid_waste_nonrenewable,balance_table_esto_axis,esto_flow,esto_product,esto_pair_axis,,esto_pair,1.0,4.965316859283926,direct_mapping_numeric_gap,"Mapping looks direct; inspect source data values, signs, and scenario-specific series."
esto__14__Industry_sector,Other sources,Target,,,4.965316859283926,1.0,16_others_unallocated,balance_table_esto_axis,esto_flow,esto_product,esto_pair_axis,,esto_pair,1.0,4.965316859283926,catch_all_fuel_bucket,Catch-all fuel labels often hide reassignment problems; compare against specific fuels in the same sheet.
template__Power__Electricity_plants,Hydrogen,Target,,,4.54523740793272,1.0,16_x_hydrogen,dashboard_template_esto_axis,dashboard_template,dashboard_template,esto_pair_axis,Template-declared ESTO-axis row with no LEAP export row.,esto_pair,1.0,4.54523740793272,aggregate_fuel_mapping,The 9th fuel is an aggregate bucket; compare against sibling fuels and the shared aggregate fuel audit.
esto__14_03_08__Pulp__paper_and_printing,Bagasse,Target,,,4.385441448947945,1.0,15_02_bagasse,balance_table_esto_axis,esto_flow,esto_product,esto_pair_axis,,esto_pair,1.0,4.385441448947945,direct_mapping_numeric_gap,"Mapping looks direct; inspect source data values, signs, and scenario-specific series."
esto__14_03_08__Pulp__paper_and_printing,Bio jet kerosene,Target,,,4.385441448947945,1.0,16_07_bio_jet_kerosene,balance_table_esto_axis,esto_flow,esto_product,esto_pair_axis,,esto_pair,1.0,4.385441448947945,direct_mapping_numeric_gap,"Mapping looks direct; inspect source data values, signs, and scenario-specific series."
esto__14_03_08__Pulp__paper_and_printing,Biogasoline,Target,,,4.385441448947945,1.0,16_05_biogasoline,balance_table_esto_axis,esto_flow,esto_product,esto_pair_axis,,esto_pair,1.0,4.385441448947945,direct_mapping_numeric_gap,"Mapping looks direct; inspect source data values, signs, and scenario-specific series."
esto__14_03_08__Pulp__paper_and_printing,Black liqour,Target,,,4.385441448947945,1.0,15_04_black_liquor,balance_table_esto_axis,esto_flow,esto_product,esto_pair_axis,,esto_pair,1.0,4.385441448947945,direct_mapping_numeric_gap,"Mapping looks direct; inspect source data values, signs, and scenario-specific series."
esto__14_03_08__Pulp__paper_and_printing,Charcoal,Target,,,4.385441448947945,1.0,15_03_charcoal,balance_table_esto_axis,esto_flow,esto_product,esto_pair_axis,,esto_pair,1.0,4.385441448947945,direct_mapping_numeric_gap,"Mapping looks direct; inspect source data values, signs, and scenario-specific series."
esto__14_03_08__Pulp__paper_and_printing,Fuelwood & woodwaste,Target,,,4.385441448947945,1.0,15_01_fuelwood_and_woodwaste,balance_table_esto_axis,esto_flow,esto_product,esto_pair_axis,,esto_pair,1.0,4.385441448947945,direct_mapping_numeric_gap,"Mapping looks direct; inspect source data values, signs, and scenario-specific series."
esto__14_03_08__Pulp__paper_and_printing,Municipal solid waste (non-renewable),Target,,,4.385441448947945,1.0,16_04_municipal_solid_waste_nonrenewable,balance_table_esto_axis,esto_flow,esto_product,esto_pair_axis,,esto_pair,1.0,4.385441448947945,direct_mapping_numeric_gap,"Mapping looks direct; inspect source data values, signs, and scenario-specific series."
esto__14_03_08__Pulp__paper_and_printing,Municipal solid waste (renewable),Target,,,4.385441448947945,1.0,16_03_municipal_solid_waste_renewable,balance_table_esto_axis,esto_flow,esto_product,esto_pair_axis,,esto_pair,1.0,4.385441448947945,direct_mapping_numeric_gap,"Mapping looks direct; inspect source data values, signs, and scenario-specific series."
esto__14_03_08__Pulp__paper_and_printing,Other sources,Target,,,4.385441448947945,1.0,16_others_unallocated,balance_table_esto_axis,esto_flow,esto_product,esto_pair_axis,,esto_pair,1.0,4.385441448947945,catch_all_fuel_bucket,Catch-all fuel labels often hide reassignment problems; compare against specific fuels in the same sheet.
esto__15_04__Domestic_navigation,Ammonia,Target,,,3.9905129727002504,1.0,16_x_ammonia,balance_table_esto_axis,esto_flow,esto_product,esto_pair_axis,,esto_pair,1.0,3.9905129727002504,aggregate_fuel_mapping,The 9th fuel is an aggregate bucket; compare against sibling fuels and the shared aggregate fuel audit.
esto__09__Total_transformation_sector,Biodiesel,Target,,,3.8568833946229466,1.0,16_06_biodiesel,balance_table_esto_axis,esto_flow,esto_product,esto_pair_axis,,esto_pair,1.0,3.8568833946229466,direct_mapping_numeric_gap,"Mapping looks direct; inspect source data values, signs, and scenario-specific series."
template__Power__Electricity_plants,Fuel oil,Target,,,3.75205226732799,1.0,07_08_fuel_oil,dashboard_template_esto_axis,dashboard_template,dashboard_template,esto_pair_axis,Template-declared ESTO-axis row with no LEAP export row.,esto_pair,1.0,3.75205226732799,direct_mapping_numeric_gap,"Mapping looks direct; inspect source data values, signs, and scenario-specific series."
template__Power__Electricity_plants,Gas/diesel oil,Target,,,2.6434913701629026,1.0,07_07_gas_diesel_oil,dashboard_template_esto_axis,dashboard_template,dashboard_template,esto_pair_axis,Template-declared ESTO-axis row with no LEAP export row.,esto_pair,1.0,2.6434913701629026,direct_mapping_numeric_gap,"Mapping looks direct; inspect source data values, signs, and scenario-specific series."
esto__02__Imports,Coke oven gas,Target,,,2.1763518147543675,1.0,16_02_industrial_waste,balance_table_esto_axis,esto_flow,esto_product,esto_pair_axis,,esto_pair,1.0,2.1763518147543675,direct_mapping_numeric_gap,"Mapping looks direct; inspect source data values, signs, and scenario-specific series."
esto__02__Imports,BKB/PB,Target,,,1.9339503545455947,1.0,02_coal_products,balance_table_esto_axis,esto_flow,esto_product,esto_pair_axis,,esto_pair,1.0,1.9339503545455947,direct_mapping_numeric_gap,"Mapping looks direct; inspect source data values, signs, and scenario-specific series."
esto__07__Total_primary_energy_supply,BKB/PB,Target,,,1.9339503545455947,1.0,02_coal_products,balance_table_esto_axis,esto_flow,esto_product,esto_pair_axis,,esto_pair,1.0,1.9339503545455947,direct_mapping_numeric_gap,"Mapping looks direct; inspect source data values, signs, and scenario-specific series."
esto__09__Total_transformation_sector,Blast furnace gas,Target,,,1.9339503545455947,1.0,16_02_industrial_waste,balance_table_esto_axis,esto_flow,esto_product,esto_pair_axis,,esto_pair,1.0,1.9339503545455947,direct_mapping_numeric_gap,"Mapping looks direct; inspect source data values, signs, and scenario-specific series."
template__Power__Electricity_plants,Petroleum coke,Target,,,1.7907522184974503,1.0,02_coal_products,dashboard_template_esto_axis,dashboard_template,dashboard_template,esto_pair_axis,Template-declared ESTO-axis row with no LEAP export row.,esto_pair,1.0,1.7907522184974503,direct_mapping_numeric_gap,"Mapping looks direct; inspect source data values, signs, and scenario-specific series."
esto__14_03_01__Iron_and_steel,Blast furnace gas,Target,,,1.6302828468745614,1.0,16_02_industrial_waste,balance_table_esto_axis,esto_flow,esto_product,esto_pair_axis,,esto_pair,1.0,1.6302828468745614,direct_mapping_numeric_gap,"Mapping looks direct; inspect source data values, signs, and scenario-specific series."
esto__14_03_11__Non-specified_industry,Coal nonspecified,Target,,,1.5694103936516919,1.0,01_coal_unallocated,balance_table_esto_axis,esto_flow,esto_product,esto_pair_axis,,esto_pair,1.0,1.5694103936516919,direct_mapping_numeric_gap,"Mapping looks direct; inspect source data values, signs, and scenario-specific series."
esto__14_03_08__Pulp__paper_and_printing,Coal nonspecified,Target,,,1.3302416007748588,1.0,01_coal_unallocated,balance_table_esto_axis,esto_flow,esto_product,esto_pair_axis,,esto_pair,1.0,1.3302416007748588,direct_mapping_numeric_gap,"Mapping looks direct; inspect source data values, signs, and scenario-specific series."
esto__09__Total_transformation_sector,Other liquid biofuels,Target,,,0.5142511192830596,1.0,16_08_other_liquid_biofuels,balance_table_esto_axis,esto_flow,esto_product,esto_pair_axis,,esto_pair,1.0,0.5142511192830596,direct_mapping_numeric_gap,"Mapping looks direct; inspect source data values, signs, and scenario-specific series."
esto__14_03_09__Wood_and_wood_products,Bagasse,Target,,,0.4661949815991359,1.0,15_02_bagasse,balance_table_esto_axis,esto_flow,esto_product,esto_pair_axis,,esto_pair,1.0,0.4661949815991359,direct_mapping_numeric_gap,"Mapping looks direct; inspect source data values, signs, and scenario-specific series."
esto__14_03_09__Wood_and_wood_products,Bio jet kerosene,Target,,,0.4661949815991359,1.0,16_07_bio_jet_kerosene,balance_table_esto_axis,esto_flow,esto_product,esto_pair_axis,,esto_pair,1.0,0.4661949815991359,direct_mapping_numeric_gap,"Mapping looks direct; inspect source data values, signs, and scenario-specific series."
esto__14_03_09__Wood_and_wood_products,Biodiesel,Target,,,0.4661949815991359,1.0,16_06_biodiesel,balance_table_esto_axis,esto_flow,esto_product,esto_pair_axis,,esto_pair,1.0,0.4661949815991359,direct_mapping_numeric_gap,"Mapping looks direct; inspect source data values, signs, and scenario-specific series."
esto__14_03_09__Wood_and_wood_products,Biogas,Target,,,0.4661949815991359,1.0,16_01_biogas,balance_table_esto_axis,esto_flow,esto_product,esto_pair_axis,,esto_pair,1.0,0.4661949815991359,direct_mapping_numeric_gap,"Mapping looks direct; inspect source data values, signs, and scenario-specific series."
esto__14_03_09__Wood_and_wood_products,Biogasoline,Target,,,0.4661949815991359,1.0,16_05_biogasoline,balance_table_esto_axis,esto_flow,esto_product,esto_pair_axis,,esto_pair,1.0,0.4661949815991359,direct_mapping_numeric_gap,"Mapping looks direct; inspect source data values, signs, and scenario-specific series."
esto__14_03_09__Wood_and_wood_products,Black liqour,Target,,,0.4661949815991359,1.0,15_04_black_liquor,balance_table_esto_axis,esto_flow,esto_product,esto_pair_axis,,esto_pair,1.0,0.4661949815991359,direct_mapping_numeric_gap,"Mapping looks direct; inspect source data values, signs, and scenario-specific series."
esto__14_03_09__Wood_and_wood_products,Charcoal,Target,,,0.4661949815991359,1.0,15_03_charcoal,balance_table_esto_axis,esto_flow,esto_product,esto_pair_axis,,esto_pair,1.0,0.4661949815991359,direct_mapping_numeric_gap,"Mapping looks direct; inspect source data values, signs, and scenario-specific series."
esto__14_03_09__Wood_and_wood_products,Fuelwood & woodwaste,Target,,,0.4661949815991359,1.0,15_01_fuelwood_and_woodwaste,balance_table_esto_axis,esto_flow,esto_product,esto_pair_axis,,esto_pair,1.0,0.4661949815991359,direct_mapping_numeric_gap,"Mapping looks direct; inspect source data values, signs, and scenario-specific series."
esto__14_03_09__Wood_and_wood_products,Industrial waste,Target,,,0.4661949815991359,1.0,16_02_industrial_waste,balance_table_esto_axis,esto_flow,esto_product,esto_pair_axis,,esto_pair,1.0,0.4661949815991359,direct_mapping_numeric_gap,"Mapping looks direct; inspect source data values, signs, and scenario-specific series."
esto__14_03_09__Wood_and_wood_products,Municipal solid waste (non-renewable),Target,,,0.4661949815991359,1.0,16_04_municipal_solid_waste_nonrenewable,balance_table_esto_axis,esto_flow,esto_product,esto_pair_axis,,esto_pair,1.0,0.4661949815991359,direct_mapping_numeric_gap,"Mapping looks direct; inspect source data values, signs, and scenario-specific series."
esto__14_03_09__Wood_and_wood_products,Municipal solid waste (renewable),Target,,,0.4661949815991359,1.0,16_03_municipal_solid_waste_renewable,balance_table_esto_axis,esto_flow,esto_product,esto_pair_axis,,esto_pair,1.0,0.4661949815991359,direct_mapping_numeric_gap,"Mapping looks direct; inspect source data values, signs, and scenario-specific series."
esto__14_03_09__Wood_and_wood_products,Other liquid biofuels,Target,,,0.4661949815991359,1.0,16_08_other_liquid_biofuels,balance_table_esto_axis,esto_flow,esto_product,esto_pair_axis,,esto_pair,1.0,0.4661949815991359,direct_mapping_numeric_gap,"Mapping looks direct; inspect source data values, signs, and scenario-specific series."
esto__14_03_09__Wood_and_wood_products,Other sources,Target,,,0.4661949815991359,1.0,16_others_unallocated,balance_table_esto_axis,esto_flow,esto_product,esto_pair_axis,,esto_pair,1.0,0.4661949815991359,catch_all_fuel_bucket,Catch-all fuel labels often hide reassignment problems; compare against specific fuels in the same sheet.
esto__13__Total_final_energy_consumption,Ethane,Target,,,0.33672818349816663,1.0,07_11_ethane,balance_table_esto_axis,esto_flow,esto_product,esto_pair_axis,,esto_pair,1.0,0.33672818349816663,direct_mapping_numeric_gap,"Mapping looks direct; inspect source data values, signs, and scenario-specific series."
esto__14_03__Manufacturing,Ethane,Target,,,0.33672818349816663,1.0,07_11_ethane,balance_table_esto_axis,esto_flow,esto_product,esto_pair_axis,,esto_pair,1.0,0.33672818349816663,direct_mapping_numeric_gap,"Mapping looks direct; inspect source data values, signs, and scenario-specific series."
esto__14__Industry_sector,Ethane,Target,,,0.33672818349816663,1.0,07_11_ethane,balance_table_esto_axis,esto_flow,esto_product,esto_pair_axis,,esto_pair,1.0,0.33672818349816663,direct_mapping_numeric_gap,"Mapping looks direct; inspect source data values, signs, and scenario-specific series."
esto__02__Imports,Gasoline type jet fuel,Target,,,0.3367281834981666,1.0,07_x_jet_fuel,balance_table_esto_axis,esto_flow,esto_product,esto_pair_axis,,esto_pair,1.0,0.3367281834981666,aggregate_fuel_mapping,The 9th fuel is an aggregate bucket; compare against sibling fuels and the shared aggregate fuel audit.
esto__13__Total_final_energy_consumption,Naphtha,Target,,,0.3367281834981666,1.0,07_03_naphtha,balance_table_esto_axis,esto_flow,esto_product,esto_pair_axis,,esto_pair,1.0,0.3367281834981666,direct_mapping_numeric_gap,"Mapping looks direct; inspect source data values, signs, and scenario-specific series."
esto__13__Total_final_energy_consumption,PetProd nonspecified,Target,,,0.3367281834981666,1.0,07_petroleum_products_unallocated,balance_table_esto_axis,esto_flow,esto_product,esto_pair_axis,,esto_pair,1.0,0.3367281834981666,direct_mapping_numeric_gap,"Mapping looks direct; inspect source data values, signs, and scenario-specific series."
esto__13__Total_final_energy_consumption,Refinery gas (not liquefied),Target,,,0.3367281834981666,1.0,07_10_refinery_gas_not_liquefied,balance_table_esto_axis,esto_flow,esto_product,esto_pair_axis,,esto_pair,1.0,0.3367281834981666,direct_mapping_numeric_gap,"Mapping looks direct; inspect source data values, signs, and scenario-specific series."
esto__14_03__Manufacturing,Aviation gasoline,Target,,,0.3367281834981666,1.0,07_02_aviation_gasoline,balance_table_esto_axis,esto_flow,esto_product,esto_pair_axis,,esto_pair,1.0,0.3367281834981666,direct_mapping_numeric_gap,"Mapping looks direct; inspect source data values, signs, and scenario-specific series."
esto__14_03__Manufacturing,Gasoline type jet fuel,Target,,,0.3367281834981666,1.0,07_x_jet_fuel,balance_table_esto_axis,esto_flow,esto_product,esto_pair_axis,,esto_pair,1.0,0.3367281834981666,aggregate_fuel_mapping,The 9th fuel is an aggregate bucket; compare against sibling fuels and the shared aggregate fuel audit.
esto__14_03__Manufacturing,Kerosene,Target,,,0.3367281834981666,1.0,07_06_kerosene,balance_table_esto_axis,esto_flow,esto_product,esto_pair_axis,,esto_pair,1.0,0.3367281834981666,direct_mapping_numeric_gap,"Mapping looks direct; inspect source data values, signs, and scenario-specific series."
esto__14_03__Manufacturing,Naphtha,Target,,,0.3367281834981666,1.0,07_03_naphtha,balance_table_esto_axis,esto_flow,esto_product,esto_pair_axis,,esto_pair,1.0,0.3367281834981666,direct_mapping_numeric_gap,"Mapping looks direct; inspect source data values, signs, and scenario-specific series."
esto__14_03__Manufacturing,PetProd nonspecified,Target,,,0.3367281834981666,1.0,07_petroleum_products_unallocated,balance_table_esto_axis,esto_flow,esto_product,esto_pair_axis,,esto_pair,1.0,0.3367281834981666,direct_mapping_numeric_gap,"Mapping looks direct; inspect source data values, signs, and scenario-specific series."
esto__14_03__Manufacturing,Refinery gas (not liquefied),Target,,,0.3367281834981666,1.0,07_10_refinery_gas_not_liquefied,balance_table_esto_axis,esto_flow,esto_product,esto_pair_axis,,esto_pair,1.0,0.3367281834981666,direct_mapping_numeric_gap,"Mapping looks direct; inspect source data values, signs, and scenario-specific series."
esto__14__Industry_sector,Aviation gasoline,Target,,,0.3367281834981666,1.0,07_02_aviation_gasoline,balance_table_esto_axis,esto_flow,esto_product,esto_pair_axis,,esto_pair,1.0,0.3367281834981666,direct_mapping_numeric_gap,"Mapping looks direct; inspect source data values, signs, and scenario-specific series."
esto__14__Industry_sector,Gasoline type jet fuel,Target,,,0.3367281834981666,1.0,07_x_jet_fuel,balance_table_esto_axis,esto_flow,esto_product,esto_pair_axis,,esto_pair,1.0,0.3367281834981666,aggregate_fuel_mapping,The 9th fuel is an aggregate bucket; compare against sibling fuels and the shared aggregate fuel audit.
esto__14__Industry_sector,Kerosene,Target,,,0.3367281834981666,1.0,07_06_kerosene,balance_table_esto_axis,esto_flow,esto_product,esto_pair_axis,,esto_pair,1.0,0.3367281834981666,direct_mapping_numeric_gap,"Mapping looks direct; inspect source data values, signs, and scenario-specific series."
esto__14__Industry_sector,Naphtha,Target,,,0.3367281834981666,1.0,07_03_naphtha,balance_table_esto_axis,esto_flow,esto_product,esto_pair_axis,,esto_pair,1.0,0.3367281834981666,direct_mapping_numeric_gap,"Mapping looks direct; inspect source data values, signs, and scenario-specific series."
esto__14__Industry_sector,PetProd nonspecified,Target,,,0.3367281834981666,1.0,07_petroleum_products_unallocated,balance_table_esto_axis,esto_flow,esto_product,esto_pair_axis,,esto_pair,1.0,0.3367281834981666,direct_mapping_numeric_gap,"Mapping looks direct; inspect source data values, signs, and scenario-specific series."
esto__14__Industry_sector,Refinery gas (not liquefied),Target,,,0.3367281834981666,1.0,07_10_refinery_gas_not_liquefied,balance_table_esto_axis,esto_flow,esto_product,esto_pair_axis,,esto_pair,1.0,0.3367281834981666,direct_mapping_numeric_gap,"Mapping looks direct; inspect source data values, signs, and scenario-specific series."
esto__09_08__Coal_transformation,Electricity,Target,,,0.30475130347141777,1.0,17_electricity,balance_table_esto_axis,esto_flow,esto_product,esto_pair_axis,,esto_pair,1.0,0.30475130347141777,direct_mapping_numeric_gap,"Mapping looks direct; inspect source data values, signs, and scenario-specific series."
esto__14_03_11__Non-specified_industry,Blast furnace gas,Target,,,0.30366750767103357,1.0,16_02_industrial_waste,balance_table_esto_axis,esto_flow,esto_product,esto_pair_axis,,esto_pair,1.0,0.30366750767103357,direct_mapping_numeric_gap,"Mapping looks direct; inspect source data values, signs, and scenario-specific series."
esto__14_03_01__Iron_and_steel,Coal nonspecified,Target,,,0.27770566662535784,1.0,01_coal_unallocated,balance_table_esto_axis,esto_flow,esto_product,esto_pair_axis,,esto_pair,1.0,0.27770566662535784,direct_mapping_numeric_gap,"Mapping looks direct; inspect source data values, signs, and scenario-specific series."
esto__09_08__Coal_transformation,Natural gas,Target,,,0.266094223198733,1.0,08_01_natural_gas,balance_table_esto_axis,esto_flow,esto_product,esto_pair_axis,,esto_pair,1.0,0.266094223198733,direct_mapping_numeric_gap,"Mapping looks direct; inspect source data values, signs, and scenario-specific series."
template__Power__Electricity_plants,Other products,Target,,,0.17054783033309046,1.0,07_x_other_petroleum_products,dashboard_template_esto_axis,dashboard_template,dashboard_template,esto_pair_axis,Template-declared ESTO-axis row with no LEAP export row.,esto_pair,1.0,0.17054783033309046,aggregate_fuel_mapping,The 9th fuel is an aggregate bucket; compare against sibling fuels and the shared aggregate fuel audit.
esto__14_03_04__Non-metallic_mineral_products,Aviation gasoline,Target,,,0.14522006908384696,1.0,07_02_aviation_gasoline,balance_table_esto_axis,esto_flow,esto_product,esto_pair_axis,,esto_pair,1.0,0.14522006908384696,direct_mapping_numeric_gap,"Mapping looks direct; inspect source data values, signs, and scenario-specific series."
esto__14_03_04__Non-metallic_mineral_products,Ethane,Target,,,0.14522006908384696,1.0,07_11_ethane,balance_table_esto_axis,esto_flow,esto_product,esto_pair_axis,,esto_pair,1.0,0.14522006908384696,direct_mapping_numeric_gap,"Mapping looks direct; inspect source data values, signs, and scenario-specific series."
esto__14_03_04__Non-metallic_mineral_products,Gasoline type jet fuel,Target,,,0.14522006908384696,1.0,07_x_jet_fuel,balance_table_esto_axis,esto_flow,esto_product,esto_pair_axis,,esto_pair,1.0,0.14522006908384696,aggregate_fuel_mapping,The 9th fuel is an aggregate bucket; compare against sibling fuels and the shared aggregate fuel audit.
esto__14_03_04__Non-metallic_mineral_products,Kerosene,Target,,,0.14522006908384696,1.0,07_06_kerosene,balance_table_esto_axis,esto_flow,esto_product,esto_pair_axis,,esto_pair,1.0,0.14522006908384696,direct_mapping_numeric_gap,"Mapping looks direct; inspect source data values, signs, and scenario-specific series."
esto__14_03_04__Non-metallic_mineral_products,Naphtha,Target,,,0.14522006908384696,1.0,07_03_naphtha,balance_table_esto_axis,esto_flow,esto_product,esto_pair_axis,,esto_pair,1.0,0.14522006908384696,direct_mapping_numeric_gap,"Mapping looks direct; inspect source data values, signs, and scenario-specific series."
esto__14_03_04__Non-metallic_mineral_products,PetProd nonspecified,Target,,,0.14522006908384696,1.0,07_petroleum_products_unallocated,balance_table_esto_axis,esto_flow,esto_product,esto_pair_axis,,esto_pair,1.0,0.14522006908384696,direct_mapping_numeric_gap,"Mapping looks direct; inspect source data values, signs, and scenario-specific series."
esto__14_03_04__Non-metallic_mineral_products,Petroleum coke,Target,,,0.14522006908384696,1.0,02_coal_products,balance_table_esto_axis,esto_flow,esto_product,esto_pair_axis,,esto_pair,1.0,0.14522006908384696,direct_mapping_numeric_gap,"Mapping looks direct; inspect source data values, signs, and scenario-specific series."
esto__14_03_04__Non-metallic_mineral_products,Refinery gas (not liquefied),Target,,,0.14522006908384696,1.0,07_10_refinery_gas_not_liquefied,balance_table_esto_axis,esto_flow,esto_product,esto_pair_axis,,esto_pair,1.0,0.14522006908384696,direct_mapping_numeric_gap,"Mapping looks direct; inspect source data values, signs, and scenario-specific series."
esto__05__International_aviation_bunkers,Aviation gasoline,Target,,,0.09235487207528226,1.0,07_02_aviation_gasoline,balance_table_esto_axis,esto_flow,esto_product,esto_pair_axis,,esto_pair,1.0,0.09235487207528226,direct_mapping_numeric_gap,"Mapping looks direct; inspect source data values, signs, and scenario-specific series."
esto__14_03_02__Chemical__incl__petrochemical,Aviation gasoline,Target,,,0.09152159249998797,1.0,07_02_aviation_gasoline,balance_table_esto_axis,esto_flow,esto_product,esto_pair_axis,,esto_pair,1.0,0.09152159249998797,direct_mapping_numeric_gap,"Mapping looks direct; inspect source data values, signs, and scenario-specific series."
esto__14_03_02__Chemical__incl__petrochemical,Ethane,Target,,,0.09152159249998797,1.0,07_11_ethane,balance_table_esto_axis,esto_flow,esto_product,esto_pair_axis,,esto_pair,1.0,0.09152159249998797,direct_mapping_numeric_gap,"Mapping looks direct; inspect source data values, signs, and scenario-specific series."
esto__14_03_02__Chemical__incl__petrochemical,Gasoline type jet fuel,Target,,,0.09152159249998797,1.0,07_x_jet_fuel,balance_table_esto_axis,esto_flow,esto_product,esto_pair_axis,,esto_pair,1.0,0.09152159249998797,aggregate_fuel_mapping,The 9th fuel is an aggregate bucket; compare against sibling fuels and the shared aggregate fuel audit.
esto__14_03_02__Chemical__incl__petrochemical,Kerosene,Target,,,0.09152159249998797,1.0,07_06_kerosene,balance_table_esto_axis,esto_flow,esto_product,esto_pair_axis,,esto_pair,1.0,0.09152159249998797,direct_mapping_numeric_gap,"Mapping looks direct; inspect source data values, signs, and scenario-specific series."
esto__14_03_02__Chemical__incl__petrochemical,Naphtha,Target,,,0.09152159249998797,1.0,07_03_naphtha,balance_table_esto_axis,esto_flow,esto_product,esto_pair_axis,,esto_pair,1.0,0.09152159249998797,direct_mapping_numeric_gap,"Mapping looks direct; inspect source data values, signs, and scenario-specific series."
esto__14_03_02__Chemical__incl__petrochemical,PetProd nonspecified,Target,,,0.09152159249998797,1.0,07_petroleum_products_unallocated,balance_table_esto_axis,esto_flow,esto_product,esto_pair_axis,,esto_pair,1.0,0.09152159249998797,direct_mapping_numeric_gap,"Mapping looks direct; inspect source data values, signs, and scenario-specific series."
esto__14_03_02__Chemical__incl__petrochemical,Petroleum coke,Target,,,0.09152159249998797,1.0,02_coal_products,balance_table_esto_axis,esto_flow,esto_product,esto_pair_axis,,esto_pair,1.0,0.09152159249998797,direct_mapping_numeric_gap,"Mapping looks direct; inspect source data values, signs, and scenario-specific series."
esto__14_03_02__Chemical__incl__petrochemical,Refinery gas (not liquefied),Target,,,0.09152159249998797,1.0,07_10_refinery_gas_not_liquefied,balance_table_esto_axis,esto_flow,esto_product,esto_pair_axis,,esto_pair,1.0,0.09152159249998797,direct_mapping_numeric_gap,"Mapping looks direct; inspect source data values, signs, and scenario-specific series."
esto__14_03_11__Non-specified_industry,Aviation gasoline,Target,,,0.0885398067961282,1.0,07_02_aviation_gasoline,balance_table_esto_axis,esto_flow,esto_product,esto_pair_axis,,esto_pair,1.0,0.0885398067961282,direct_mapping_numeric_gap,"Mapping looks direct; inspect source data values, signs, and scenario-specific series."
esto__14_03_11__Non-specified_industry,Ethane,Target,,,0.0885398067961282,1.0,07_11_ethane,balance_table_esto_axis,esto_flow,esto_product,esto_pair_axis,,esto_pair,1.0,0.0885398067961282,direct_mapping_numeric_gap,"Mapping looks direct; inspect source data values, signs, and scenario-specific series."
esto__14_03_11__Non-specified_industry,Gasoline type jet fuel,Target,,,0.0885398067961282,1.0,07_x_jet_fuel,balance_table_esto_axis,esto_flow,esto_product,esto_pair_axis,,esto_pair,1.0,0.0885398067961282,aggregate_fuel_mapping,The 9th fuel is an aggregate bucket; compare against sibling fuels and the shared aggregate fuel audit.
esto__14_03_11__Non-specified_industry,Kerosene,Target,,,0.0885398067961282,1.0,07_06_kerosene,balance_table_esto_axis,esto_flow,esto_product,esto_pair_axis,,esto_pair,1.0,0.0885398067961282,direct_mapping_numeric_gap,"Mapping looks direct; inspect source data values, signs, and scenario-specific series."
esto__14_03_11__Non-specified_industry,Naphtha,Target,,,0.0885398067961282,1.0,07_03_naphtha,balance_table_esto_axis,esto_flow,esto_product,esto_pair_axis,,esto_pair,1.0,0.0885398067961282,direct_mapping_numeric_gap,"Mapping looks direct; inspect source data values, signs, and scenario-specific series."
esto__14_03_11__Non-specified_industry,PetProd nonspecified,Target,,,0.0885398067961282,1.0,07_petroleum_products_unallocated,balance_table_esto_axis,esto_flow,esto_product,esto_pair_axis,,esto_pair,1.0,0.0885398067961282,direct_mapping_numeric_gap,"Mapping looks direct; inspect source data values, signs, and scenario-specific series."
esto__14_03_11__Non-specified_industry,Refinery gas (not liquefied),Target,,,0.0885398067961282,1.0,07_10_refinery_gas_not_liquefied,balance_table_esto_axis,esto_flow,esto_product,esto_pair_axis,,esto_pair,1.0,0.0885398067961282,direct_mapping_numeric_gap,"Mapping looks direct; inspect source data values, signs, and scenario-specific series."
esto__14_03_04__Non-metallic_mineral_products,Bagasse,Target,,,0.054537260039886924,1.0,15_02_bagasse,balance_table_esto_axis,esto_flow,esto_product,esto_pair_axis,,esto_pair,1.0,0.054537260039886924,direct_mapping_numeric_gap,"Mapping looks direct; inspect source data values, signs, and scenario-specific series."
esto__14_03_04__Non-metallic_mineral_products,Bio jet kerosene,Target,,,0.054537260039886924,1.0,16_07_bio_jet_kerosene,balance_table_esto_axis,esto_flow,esto_product,esto_pair_axis,,esto_pair,1.0,0.054537260039886924,direct_mapping_numeric_gap,"Mapping looks direct; inspect source data values, signs, and scenario-specific series."
esto__14_03_04__Non-metallic_mineral_products,Biodiesel,Target,,,0.054537260039886924,1.0,16_06_biodiesel,balance_table_esto_axis,esto_flow,esto_product,esto_pair_axis,,esto_pair,1.0,0.054537260039886924,direct_mapping_numeric_gap,"Mapping looks direct; inspect source data values, signs, and scenario-specific series."
esto__14_03_04__Non-metallic_mineral_products,Biogas,Target,,,0.054537260039886924,1.0,16_01_biogas,balance_table_esto_axis,esto_flow,esto_product,esto_pair_axis,,esto_pair,1.0,0.054537260039886924,direct_mapping_numeric_gap,"Mapping looks direct; inspect source data values, signs, and scenario-specific series."
esto__14_03_04__Non-metallic_mineral_products,Biogasoline,Target,,,0.054537260039886924,1.0,16_05_biogasoline,balance_table_esto_axis,esto_flow,esto_product,esto_pair_axis,,esto_pair,1.0,0.054537260039886924,direct_mapping_numeric_gap,"Mapping looks direct; inspect source data values, signs, and scenario-specific series."
esto__14_03_04__Non-metallic_mineral_products,Black liqour,Target,,,0.054537260039886924,1.0,15_04_black_liquor,balance_table_esto_axis,esto_flow,esto_product,esto_pair_axis,,esto_pair,1.0,0.054537260039886924,direct_mapping_numeric_gap,"Mapping looks direct; inspect source data values, signs, and scenario-specific series."
esto__14_03_04__Non-metallic_mineral_products,Charcoal,Target,,,0.054537260039886924,1.0,15_03_charcoal,balance_table_esto_axis,esto_flow,esto_product,esto_pair_axis,,esto_pair,1.0,0.054537260039886924,direct_mapping_numeric_gap,"Mapping looks direct; inspect source data values, signs, and scenario-specific series."
esto__14_03_04__Non-metallic_mineral_products,Fuelwood & woodwaste,Target,,,0.054537260039886924,1.0,15_01_fuelwood_and_woodwaste,balance_table_esto_axis,esto_flow,esto_product,esto_pair_axis,,esto_pair,1.0,0.054537260039886924,direct_mapping_numeric_gap,"Mapping looks direct; inspect source data values, signs, and scenario-specific series."
esto__14_03_04__Non-metallic_mineral_products,Industrial waste,Target,,,0.054537260039886924,1.0,16_02_industrial_waste,balance_table_esto_axis,esto_flow,esto_product,esto_pair_axis,,esto_pair,1.0,0.054537260039886924,direct_mapping_numeric_gap,"Mapping looks direct; inspect source data values, signs, and scenario-specific series."
esto__14_03_04__Non-metallic_mineral_products,Municipal solid waste (non-renewable),Target,,,0.054537260039886924,1.0,16_04_municipal_solid_waste_nonrenewable,balance_table_esto_axis,esto_flow,esto_product,esto_pair_axis,,esto_pair,1.0,0.054537260039886924,direct_mapping_numeric_gap,"Mapping looks direct; inspect source data values, signs, and scenario-specific series."
esto__14_03_04__Non-metallic_mineral_products,Municipal solid waste (renewable),Target,,,0.054537260039886924,1.0,16_03_municipal_solid_waste_renewable,balance_table_esto_axis,esto_flow,esto_product,esto_pair_axis,,esto_pair,1.0,0.054537260039886924,direct_mapping_numeric_gap,"Mapping looks direct; inspect source data values, signs, and scenario-specific series."
esto__14_03_04__Non-metallic_mineral_products,Other liquid biofuels,Target,,,0.054537260039886924,1.0,16_08_other_liquid_biofuels,balance_table_esto_axis,esto_flow,esto_product,esto_pair_axis,,esto_pair,1.0,0.054537260039886924,direct_mapping_numeric_gap,"Mapping looks direct; inspect source data values, signs, and scenario-specific series."
esto__14_03_04__Non-metallic_mineral_products,Other sources,Target,,,0.054537260039886924,1.0,16_others_unallocated,balance_table_esto_axis,esto_flow,esto_product,esto_pair_axis,,esto_pair,1.0,0.054537260039886924,catch_all_fuel_bucket,Catch-all fuel labels often hide reassignment problems; compare against specific fuels in the same sheet.
esto__14_03_07__Food__beverages_and_tobacco,Bagasse,Target,,,0.054361394777288366,1.0,15_02_bagasse,balance_table_esto_axis,esto_flow,esto_product,esto_pair_axis,,esto_pair,1.0,0.054361394777288366,direct_mapping_numeric_gap,"Mapping looks direct; inspect source data values, signs, and scenario-specific series."
esto__14_03_07__Food__beverages_and_tobacco,Bio jet kerosene,Target,,,0.054361394777288366,1.0,16_07_bio_jet_kerosene,balance_table_esto_axis,esto_flow,esto_product,esto_pair_axis,,esto_pair,1.0,0.054361394777288366,direct_mapping_numeric_gap,"Mapping looks direct; inspect source data values, signs, and scenario-specific series."
esto__14_03_07__Food__beverages_and_tobacco,Biodiesel,Target,,,0.054361394777288366,1.0,16_06_biodiesel,balance_table_esto_axis,esto_flow,esto_product,esto_pair_axis,,esto_pair,1.0,0.054361394777288366,direct_mapping_numeric_gap,"Mapping looks direct; inspect source data values, signs, and scenario-specific series."
esto__14_03_07__Food__beverages_and_tobacco,Biogas,Target,,,0.054361394777288366,1.0,16_01_biogas,balance_table_esto_axis,esto_flow,esto_product,esto_pair_axis,,esto_pair,1.0,0.054361394777288366,direct_mapping_numeric_gap,"Mapping looks direct; inspect source data values, signs, and scenario-specific series."
esto__14_03_07__Food__beverages_and_tobacco,Biogasoline,Target,,,0.054361394777288366,1.0,16_05_biogasoline,balance_table_esto_axis,esto_flow,esto_product,esto_pair_axis,,esto_pair,1.0,0.054361394777288366,direct_mapping_numeric_gap,"Mapping looks direct; inspect source data values, signs, and scenario-specific series."
esto__14_03_07__Food__beverages_and_tobacco,Black liqour,Target,,,0.054361394777288366,1.0,15_04_black_liquor,balance_table_esto_axis,esto_flow,esto_product,esto_pair_axis,,esto_pair,1.0,0.054361394777288366,direct_mapping_numeric_gap,"Mapping looks direct; inspect source data values, signs, and scenario-specific series."
esto__14_03_07__Food__beverages_and_tobacco,Charcoal,Target,,,0.054361394777288366,1.0,15_03_charcoal,balance_table_esto_axis,esto_flow,esto_product,esto_pair_axis,,esto_pair,1.0,0.054361394777288366,direct_mapping_numeric_gap,"Mapping looks direct; inspect source data values, signs, and scenario-specific series."
esto__14_03_07__Food__beverages_and_tobacco,Fuelwood & woodwaste,Target,,,0.054361394777288366,1.0,15_01_fuelwood_and_woodwaste,balance_table_esto_axis,esto_flow,esto_product,esto_pair_axis,,esto_pair,1.0,0.054361394777288366,direct_mapping_numeric_gap,"Mapping looks direct; inspect source data values, signs, and scenario-specific series."
esto__14_03_07__Food__beverages_and_tobacco,Industrial waste,Target,,,0.054361394777288366,1.0,16_02_industrial_waste,balance_table_esto_axis,esto_flow,esto_product,esto_pair_axis,,esto_pair,1.0,0.054361394777288366,direct_mapping_numeric_gap,"Mapping looks direct; inspect source data values, signs, and scenario-specific series."
esto__14_03_07__Food__beverages_and_tobacco,Municipal solid waste (non-renewable),Target,,,0.054361394777288366,1.0,16_04_municipal_solid_waste_nonrenewable,balance_table_esto_axis,esto_flow,esto_product,esto_pair_axis,,esto_pair,1.0,0.054361394777288366,direct_mapping_numeric_gap,"Mapping looks direct; inspect source data values, signs, and scenario-specific series."
esto__14_03_07__Food__beverages_and_tobacco,Municipal solid waste (renewable),Target,,,0.054361394777288366,1.0,16_03_municipal_solid_waste_renewable,balance_table_esto_axis,esto_flow,esto_product,esto_pair_axis,,esto_pair,1.0,0.054361394777288366,direct_mapping_numeric_gap,"Mapping looks direct; inspect source data values, signs, and scenario-specific series."
esto__14_03_07__Food__beverages_and_tobacco,Other liquid biofuels,Target,,,0.054361394777288366,1.0,16_08_other_liquid_biofuels,balance_table_esto_axis,esto_flow,esto_product,esto_pair_axis,,esto_pair,1.0,0.054361394777288366,direct_mapping_numeric_gap,"Mapping looks direct; inspect source data values, signs, and scenario-specific series."
esto__14_03_07__Food__beverages_and_tobacco,Other sources,Target,,,0.054361394777288366,1.0,16_others_unallocated,balance_table_esto_axis,esto_flow,esto_product,esto_pair_axis,,esto_pair,1.0,0.054361394777288366,catch_all_fuel_bucket,Catch-all fuel labels often hide reassignment problems; compare against specific fuels in the same sheet.
esto__09_08__Coal_transformation,Fuel oil,Target,,,0.044324933595914585,1.0,07_08_fuel_oil,balance_table_esto_axis,esto_flow,esto_product,esto_pair_axis,,esto_pair,1.0,0.044324933595914585,direct_mapping_numeric_gap,"Mapping looks direct; inspect source data values, signs, and scenario-specific series."
esto__04__International_marine_bunkers,Natural gas,Target,,,0.044322284055781244,1.0,08_01_natural_gas,balance_table_esto_axis,esto_flow,esto_product,esto_pair_axis,,esto_pair,1.0,0.044322284055781244,direct_mapping_numeric_gap,"Mapping looks direct; inspect source data values, signs, and scenario-specific series."
esto__04__International_marine_bunkers,LPG,Target,,,0.025300668409257876,1.0,07_09_lpg,balance_table_esto_axis,esto_flow,esto_product,esto_pair_axis,,esto_pair,1.0,0.025300668409257876,direct_mapping_numeric_gap,"Mapping looks direct; inspect source data values, signs, and scenario-specific series."
esto__14_03_06__Machinery,Aviation gasoline,Target,,,0.00930872028636625,1.0,07_02_aviation_gasoline,balance_table_esto_axis,esto_flow,esto_product,esto_pair_axis,,esto_pair,1.0,0.00930872028636625,direct_mapping_numeric_gap,"Mapping looks direct; inspect source data values, signs, and scenario-specific series."
esto__14_03_06__Machinery,Ethane,Target,,,0.00930872028636625,1.0,07_11_ethane,balance_table_esto_axis,esto_flow,esto_product,esto_pair_axis,,esto_pair,1.0,0.00930872028636625,direct_mapping_numeric_gap,"Mapping looks direct; inspect source data values, signs, and scenario-specific series."
esto__14_03_06__Machinery,Gasoline type jet fuel,Target,,,0.00930872028636625,1.0,07_x_jet_fuel,balance_table_esto_axis,esto_flow,esto_product,esto_pair_axis,,esto_pair,1.0,0.00930872028636625,aggregate_fuel_mapping,The 9th fuel is an aggregate bucket; compare against sibling fuels and the shared aggregate fuel audit.
esto__14_03_06__Machinery,Kerosene,Target,,,0.00930872028636625,1.0,07_06_kerosene,balance_table_esto_axis,esto_flow,esto_product,esto_pair_axis,,esto_pair,1.0,0.00930872028636625,direct_mapping_numeric_gap,"Mapping looks direct; inspect source data values, signs, and scenario-specific series."
esto__14_03_06__Machinery,Naphtha,Target,,,0.00930872028636625,1.0,07_03_naphtha,balance_table_esto_axis,esto_flow,esto_product,esto_pair_axis,,esto_pair,1.0,0.00930872028636625,direct_mapping_numeric_gap,"Mapping looks direct; inspect source data values, signs, and scenario-specific series."
esto__14_03_06__Machinery,PetProd nonspecified,Target,,,0.00930872028636625,1.0,07_petroleum_products_unallocated,balance_table_esto_axis,esto_flow,esto_product,esto_pair_axis,,esto_pair,1.0,0.00930872028636625,direct_mapping_numeric_gap,"Mapping looks direct; inspect source data values, signs, and scenario-specific series."
esto__14_03_06__Machinery,Petroleum coke,Target,,,0.00930872028636625,1.0,02_coal_products,balance_table_esto_axis,esto_flow,esto_product,esto_pair_axis,,esto_pair,1.0,0.00930872028636625,direct_mapping_numeric_gap,"Mapping looks direct; inspect source data values, signs, and scenario-specific series."
esto__14_03_06__Machinery,Refinery gas (not liquefied),Target,,,0.00930872028636625,1.0,07_10_refinery_gas_not_liquefied,balance_table_esto_axis,esto_flow,esto_product,esto_pair_axis,,esto_pair,1.0,0.00930872028636625,direct_mapping_numeric_gap,"Mapping looks direct; inspect source data values, signs, and scenario-specific series."
esto__05__International_aviation_bunkers,Motor gasoline,Target,,,0.008931994593776001,1.0,07_01_motor_gasoline,balance_table_esto_axis,esto_flow,esto_product,esto_pair_axis,,esto_pair,1.0,0.008931994593776001,direct_mapping_numeric_gap,"Mapping looks direct; inspect source data values, signs, and scenario-specific series."
esto__14_03_11__Non-specified_industry,Bagasse,Target,,,0.004781773919671262,1.0,15_02_bagasse,balance_table_esto_axis,esto_flow,esto_product,esto_pair_axis,,esto_pair,1.0,0.004781773919671262,direct_mapping_numeric_gap,"Mapping looks direct; inspect source data values, signs, and scenario-specific series."
esto__14_03_11__Non-specified_industry,Bio jet kerosene,Target,,,0.004781773919671262,1.0,16_07_bio_jet_kerosene,balance_table_esto_axis,esto_flow,esto_product,esto_pair_axis,,esto_pair,1.0,0.004781773919671262,direct_mapping_numeric_gap,"Mapping looks direct; inspect source data values, signs, and scenario-specific series."
esto__14_03_11__Non-specified_industry,Biodiesel,Target,,,0.004781773919671262,1.0,16_06_biodiesel,balance_table_esto_axis,esto_flow,esto_product,esto_pair_axis,,esto_pair,1.0,0.004781773919671262,direct_mapping_numeric_gap,"Mapping looks direct; inspect source data values, signs, and scenario-specific series."
esto__14_03_11__Non-specified_industry,Biogas,Target,,,0.004781773919671262,1.0,16_01_biogas,balance_table_esto_axis,esto_flow,esto_product,esto_pair_axis,,esto_pair,1.0,0.004781773919671262,direct_mapping_numeric_gap,"Mapping looks direct; inspect source data values, signs, and scenario-specific series."
esto__14_03_11__Non-specified_industry,Biogasoline,Target,,,0.004781773919671262,1.0,16_05_biogasoline,balance_table_esto_axis,esto_flow,esto_product,esto_pair_axis,,esto_pair,1.0,0.004781773919671262,direct_mapping_numeric_gap,"Mapping looks direct; inspect source data values, signs, and scenario-specific series."
esto__14_03_11__Non-specified_industry,Black liqour,Target,,,0.004781773919671262,1.0,15_04_black_liquor,balance_table_esto_axis,esto_flow,esto_product,esto_pair_axis,,esto_pair,1.0,0.004781773919671262,direct_mapping_numeric_gap,"Mapping looks direct; inspect source data values, signs, and scenario-specific series."
esto__14_03_11__Non-specified_industry,Charcoal,Target,,,0.004781773919671262,1.0,15_03_charcoal,balance_table_esto_axis,esto_flow,esto_product,esto_pair_axis,,esto_pair,1.0,0.004781773919671262,direct_mapping_numeric_gap,"Mapping looks direct; inspect source data values, signs, and scenario-specific series."
esto__14_03_11__Non-specified_industry,Fuelwood & woodwaste,Target,,,0.004781773919671262,1.0,15_01_fuelwood_and_woodwaste,balance_table_esto_axis,esto_flow,esto_product,esto_pair_axis,,esto_pair,1.0,0.004781773919671262,direct_mapping_numeric_gap,"Mapping looks direct; inspect source data values, signs, and scenario-specific series."
esto__14_03_11__Non-specified_industry,Municipal solid waste (non-renewable),Target,,,0.004781773919671262,1.0,16_04_municipal_solid_waste_nonrenewable,balance_table_esto_axis,esto_flow,esto_product,esto_pair_axis,,esto_pair,1.0,0.004781773919671262,direct_mapping_numeric_gap,"Mapping looks direct; inspect source data values, signs, and scenario-specific series."
esto__14_03_11__Non-specified_industry,Municipal solid waste (renewable),Target,,,0.004781773919671262,1.0,16_03_municipal_solid_waste_renewable,balance_table_esto_axis,esto_flow,esto_product,esto_pair_axis,,esto_pair,1.0,0.004781773919671262,direct_mapping_numeric_gap,"Mapping looks direct; inspect source data values, signs, and scenario-specific series."
esto__14_03_11__Non-specified_industry,Other liquid biofuels,Target,,,0.004781773919671262,1.0,16_08_other_liquid_biofuels,balance_table_esto_axis,esto_flow,esto_product,esto_pair_axis,,esto_pair,1.0,0.004781773919671262,direct_mapping_numeric_gap,"Mapping looks direct; inspect source data values, signs, and scenario-specific series."
esto__14_03_11__Non-specified_industry,Other sources,Target,,,0.004781773919671262,1.0,16_others_unallocated,balance_table_esto_axis,esto_flow,esto_product,esto_pair_axis,,esto_pair,1.0,0.004781773919671262,catch_all_fuel_bucket,Catch-all fuel labels often hide reassignment problems; compare against specific fuels in the same sheet.
esto__14_03_08__Pulp__paper_and_printing,Aviation gasoline,Target,,,0.0016428980920201214,1.0,07_02_aviation_gasoline,balance_table_esto_axis,esto_flow,esto_product,esto_pair_axis,,esto_pair,1.0,0.0016428980920201214,direct_mapping_numeric_gap,"Mapping looks direct; inspect source data values, signs, and scenario-specific series."
esto__14_03_08__Pulp__paper_and_printing,Ethane,Target,,,0.0016428980920201214,1.0,07_11_ethane,balance_table_esto_axis,esto_flow,esto_product,esto_pair_axis,,esto_pair,1.0,0.0016428980920201214,direct_mapping_numeric_gap,"Mapping looks direct; inspect source data values, signs, and scenario-specific series."
esto__14_03_08__Pulp__paper_and_printing,Gasoline type jet fuel,Target,,,0.0016428980920201214,1.0,07_x_jet_fuel,balance_table_esto_axis,esto_flow,esto_product,esto_pair_axis,,esto_pair,1.0,0.0016428980920201214,aggregate_fuel_mapping,The 9th fuel is an aggregate bucket; compare against sibling fuels and the shared aggregate fuel audit.
esto__14_03_08__Pulp__paper_and_printing,Kerosene,Target,,,0.0016428980920201214,1.0,07_06_kerosene,balance_table_esto_axis,esto_flow,esto_product,esto_pair_axis,,esto_pair,1.0,0.0016428980920201214,direct_mapping_numeric_gap,"Mapping looks direct; inspect source data values, signs, and scenario-specific series."
esto__14_03_08__Pulp__paper_and_printing,Naphtha,Target,,,0.0016428980920201214,1.0,07_03_naphtha,balance_table_esto_axis,esto_flow,esto_product,esto_pair_axis,,esto_pair,1.0,0.0016428980920201214,direct_mapping_numeric_gap,"Mapping looks direct; inspect source data values, signs, and scenario-specific series."
esto__14_03_08__Pulp__paper_and_printing,PetProd nonspecified,Target,,,0.0016428980920201214,1.0,07_petroleum_products_unallocated,balance_table_esto_axis,esto_flow,esto_product,esto_pair_axis,,esto_pair,1.0,0.0016428980920201214,direct_mapping_numeric_gap,"Mapping looks direct; inspect source data values, signs, and scenario-specific series."
esto__14_03_08__Pulp__paper_and_printing,Petroleum coke,Target,,,0.0016428980920201214,1.0,02_coal_products,balance_table_esto_axis,esto_flow,esto_product,esto_pair_axis,,esto_pair,1.0,0.0016428980920201214,direct_mapping_numeric_gap,"Mapping looks direct; inspect source data values, signs, and scenario-specific series."
esto__14_03_08__Pulp__paper_and_printing,Refinery gas (not liquefied),Target,,,0.0016428980920201214,1.0,07_10_refinery_gas_not_liquefied,balance_table_esto_axis,esto_flow,esto_product,esto_pair_axis,,esto_pair,1.0,0.0016428980920201214,direct_mapping_numeric_gap,"Mapping looks direct; inspect source data values, signs, and scenario-specific series."
esto__14_03_03__Non_ferrous_metals,Aviation gasoline,Target,,,0.0004950967398171335,1.0,07_02_aviation_gasoline,balance_table_esto_axis,esto_flow,esto_product,esto_pair_axis,,esto_pair,1.0,0.0004950967398171335,direct_mapping_numeric_gap,"Mapping looks direct; inspect source data values, signs, and scenario-specific series."
esto__14_03_03__Non_ferrous_metals,Ethane,Target,,,0.0004950967398171335,1.0,07_11_ethane,balance_table_esto_axis,esto_flow,esto_product,esto_pair_axis,,esto_pair,1.0,0.0004950967398171335,direct_mapping_numeric_gap,"Mapping looks direct; inspect source data values, signs, and scenario-specific series."
esto__14_03_03__Non_ferrous_metals,Gasoline type jet fuel,Target,,,0.0004950967398171335,1.0,07_x_jet_fuel,balance_table_esto_axis,esto_flow,esto_product,esto_pair_axis,,esto_pair,1.0,0.0004950967398171335,aggregate_fuel_mapping,The 9th fuel is an aggregate bucket; compare against sibling fuels and the shared aggregate fuel audit.
esto__14_03_03__Non_ferrous_metals,Kerosene,Target,,,0.0004950967398171335,1.0,07_06_kerosene,balance_table_esto_axis,esto_flow,esto_product,esto_pair_axis,,esto_pair,1.0,0.0004950967398171335,direct_mapping_numeric_gap,"Mapping looks direct; inspect source data values, signs, and scenario-specific series."
esto__14_03_03__Non_ferrous_metals,Naphtha,Target,,,0.0004950967398171335,1.0,07_03_naphtha,balance_table_esto_axis,esto_flow,esto_product,esto_pair_axis,,esto_pair,1.0,0.0004950967398171335,direct_mapping_numeric_gap,"Mapping looks direct; inspect source data values, signs, and scenario-specific series."
esto__14_03_03__Non_ferrous_metals,PetProd nonspecified,Target,,,0.0004950967398171335,1.0,07_petroleum_products_unallocated,balance_table_esto_axis,esto_flow,esto_product,esto_pair_axis,,esto_pair,1.0,0.0004950967398171335,direct_mapping_numeric_gap,"Mapping looks direct; inspect source data values, signs, and scenario-specific series."
esto__14_03_03__Non_ferrous_metals,Petroleum coke,Target,,,0.0004950967398171335,1.0,02_coal_products,balance_table_esto_axis,esto_flow,esto_product,esto_pair_axis,,esto_pair,1.0,0.0004950967398171335,direct_mapping_numeric_gap,"Mapping looks direct; inspect source data values, signs, and scenario-specific series."
esto__14_03_03__Non_ferrous_metals,Refinery gas (not liquefied),Target,,,0.0004950967398171335,1.0,07_10_refinery_gas_not_liquefied,balance_table_esto_axis,esto_flow,esto_product,esto_pair_axis,,esto_pair,1.0,0.0004950967398171335,direct_mapping_numeric_gap,"Mapping looks direct; inspect source data values, signs, and scenario-specific series."
esto__09__Total_transformation_sector,Ethane,Target,,,2573.7397583286447,0.9998553400276149,07_11_ethane,balance_table_esto_axis,esto_flow,esto_product,esto_pair_axis,,esto_pair,0.9998553400276149,2573.7397583286447,direct_mapping_numeric_gap,"Mapping looks direct; inspect source data values, signs, and scenario-specific series."
esto__09_07__Oil_refineries,Kerosene,Target,,,33.79381031776508,0.9998269429246823,07_06_kerosene,balance_table_esto_axis,esto_flow,esto_product,esto_pair_axis,,esto_pair,0.9998269429246823,33.79381031776508,direct_mapping_numeric_gap,"Mapping looks direct; inspect source data values, signs, and scenario-specific series."
esto__07__Total_primary_energy_supply,Coke oven gas,Target,,,2.1701450202456325,0.9971480739158731,16_02_industrial_waste,balance_table_esto_axis,esto_flow,esto_product,esto_pair_axis,,esto_pair,0.9971480739158731,2.1701450202456325,direct_mapping_numeric_gap,"Mapping looks direct; inspect source data values, signs, and scenario-specific series."
esto__14_03__Manufacturing,Biodiesel,Target,,,4.939674694283927,0.99483574447982,16_06_biodiesel,balance_table_esto_axis,esto_flow,esto_product,esto_pair_axis,,esto_pair,0.99483574447982,4.939674694283927,direct_mapping_numeric_gap,"Mapping looks direct; inspect source data values, signs, and scenario-specific series."
esto__14__Industry_sector,Biodiesel,Target,,,4.939674694283927,0.99483574447982,16_06_biodiesel,balance_table_esto_axis,esto_flow,esto_product,esto_pair_axis,,esto_pair,0.99483574447982,4.939674694283927,direct_mapping_numeric_gap,"Mapping looks direct; inspect source data values, signs, and scenario-specific series."
esto__14_03_08__Pulp__paper_and_printing,Biodiesel,Target,,,4.359799283947945,0.9941528885293518,16_06_biodiesel,balance_table_esto_axis,esto_flow,esto_product,esto_pair_axis,,esto_pair,0.9941528885293518,4.359799283947945,direct_mapping_numeric_gap,"Mapping looks direct; inspect source data values, signs, and scenario-specific series."
esto__09_07__Oil_refineries,Aviation gasoline,Target,,,3813.7436609724896,0.9930803474855681,07_02_aviation_gasoline,balance_table_esto_axis,esto_flow,esto_product,esto_pair_axis,,esto_pair,0.9930803474855681,3813.7436609724896,direct_mapping_numeric_gap,"Mapping looks direct; inspect source data values, signs, and scenario-specific series."
esto__09__Total_transformation_sector,Aviation gasoline,Target,,,3813.7436609724896,0.9930803474855681,07_02_aviation_gasoline,balance_table_esto_axis,esto_flow,esto_product,esto_pair_axis,,esto_pair,0.9930803474855681,3813.7436609724896,direct_mapping_numeric_gap,"Mapping looks direct; inspect source data values, signs, and scenario-specific series."
esto__08__Transfers,Kerosene,Target,,,209.57676390054914,0.9896717296164923,07_06_kerosene,balance_table_esto_axis,esto_flow,esto_product,esto_pair_axis,,esto_pair,0.9896717296164923,209.57676390054914,direct_mapping_numeric_gap,"Mapping looks direct; inspect source data values, signs, and scenario-specific series."
esto__14_03__Manufacturing,Biogas,Target,,,4.868204259283926,0.9804418121235459,16_01_biogas,balance_table_esto_axis,esto_flow,esto_product,esto_pair_axis,,esto_pair,0.9804418121235459,4.868204259283926,direct_mapping_numeric_gap,"Mapping looks direct; inspect source data values, signs, and scenario-specific series."
esto__14__Industry_sector,Biogas,Target,,,4.868204259283926,0.9804418121235459,16_01_biogas,balance_table_esto_axis,esto_flow,esto_product,esto_pair_axis,,esto_pair,0.9804418121235459,4.868204259283926,direct_mapping_numeric_gap,"Mapping looks direct; inspect source data values, signs, and scenario-specific series."
esto__14_03_08__Pulp__paper_and_printing,Biogas,Target,,,4.288328848947945,0.9778556842838941,16_01_biogas,balance_table_esto_axis,esto_flow,esto_product,esto_pair_axis,,esto_pair,0.9778556842838941,4.288328848947945,direct_mapping_numeric_gap,"Mapping looks direct; inspect source data values, signs, and scenario-specific series."
esto__01__Production,Biogas,Target,,,82.60154063270241,0.9613211187510868,16_01_biogas,balance_table_esto_axis,esto_flow,esto_product,esto_pair_axis,,esto_pair,0.9613211187510868,82.60154063270241,direct_mapping_numeric_gap,"Mapping looks direct; inspect source data values, signs, and scenario-specific series."
esto__07__Total_primary_energy_supply,Biogas,Target,,,82.60154063270241,0.9613211187510868,16_01_biogas,balance_table_esto_axis,esto_flow,esto_product,esto_pair_axis,,esto_pair,0.9613211187510868,82.60154063270241,direct_mapping_numeric_gap,"Mapping looks direct; inspect source data values, signs, and scenario-specific series."
esto__15__Transport_sector,Natural gas,Target,,,1304.3544719561744,0.9521355789289258,08_01_natural_gas,balance_table_esto_axis,esto_flow,esto_product,esto_pair_axis,,esto_pair,0.9521355789289258,1304.3544719561744,direct_mapping_numeric_gap,"Mapping looks direct; inspect source data values, signs, and scenario-specific series."
esto__15_04__Domestic_navigation,Electricity,Target,,,0.9303784618194512,0.9460085640081389,17_electricity,balance_table_esto_axis,esto_flow,esto_product,esto_pair_axis,,esto_pair,0.9460085640081389,0.9303784618194512,direct_mapping_numeric_gap,"Mapping looks direct; inspect source data values, signs, and scenario-specific series."
esto__02__Imports,Kerosene,Target,,,200.01475889754914,0.9445176492986419,07_06_kerosene,balance_table_esto_axis,esto_flow,esto_product,esto_pair_axis,,esto_pair,0.9445176492986419,200.01475889754914,direct_mapping_numeric_gap,"Mapping looks direct; inspect source data values, signs, and scenario-specific series."
esto__07__Total_primary_energy_supply,Kerosene,Target,,,200.01475889754914,0.9445176492986419,07_06_kerosene,balance_table_esto_axis,esto_flow,esto_product,esto_pair_axis,,esto_pair,0.9445176492986419,200.01475889754914,direct_mapping_numeric_gap,"Mapping looks direct; inspect source data values, signs, and scenario-specific series."
esto__15__Transport_sector,Fuel oil,Target,,,382.52402146410805,0.9374215837708089,07_08_fuel_oil,balance_table_esto_axis,esto_flow,esto_product,esto_pair_axis,,esto_pair,0.9374215837708089,382.52402146410805,direct_mapping_numeric_gap,"Mapping looks direct; inspect source data values, signs, and scenario-specific series."
template__Power__CHP_plants,Heat,Target,,,232.68057945171628,0.9293067092856006,18_heat,dashboard_template_esto_axis,dashboard_template,dashboard_template,esto_pair_axis,Template-declared ESTO-axis row with no LEAP export row.,esto_pair,0.9293067092856006,232.68057945171628,direct_mapping_numeric_gap,"Mapping looks direct; inspect source data values, signs, and scenario-specific series."
esto__09__Total_transformation_sector,Heat,Target,,,232.68057945171623,0.9293067092856001,18_heat,balance_table_esto_axis,esto_flow,esto_product,esto_pair_axis,,esto_pair,0.9293067092856001,232.68057945171623,direct_mapping_numeric_gap,"Mapping looks direct; inspect source data values, signs, and scenario-specific series."
esto__15__Transport_sector,Electricity,Target,,,2082.0157667265385,0.914106582363313,17_electricity,balance_table_esto_axis,esto_flow,esto_product,esto_pair_axis,,esto_pair,0.914106582363313,2082.0157667265385,direct_mapping_numeric_gap,"Mapping looks direct; inspect source data values, signs, and scenario-specific series."
esto__13__Total_final_energy_consumption,LNG,Target,,,79.2187088569035,0.9130827596971574,08_02_lng,balance_table_esto_axis,esto_flow,esto_product,esto_pair_axis,,esto_pair,0.9130827596971574,79.2187088569035,direct_mapping_numeric_gap,"Mapping looks direct; inspect source data values, signs, and scenario-specific series."
esto__15__Transport_sector,LNG,Target,,,79.2187088569035,0.9130827596971574,08_02_lng,balance_table_esto_axis,esto_flow,esto_product,esto_pair_axis,,esto_pair,0.9130827596971574,79.2187088569035,direct_mapping_numeric_gap,"Mapping looks direct; inspect source data values, signs, and scenario-specific series."
esto__15_02__Road,Electricity,Target,,,2030.224224166741,0.9121080048742705,17_electricity,balance_table_esto_axis,esto_flow,esto_product,esto_pair_axis,,esto_pair,0.9121080048742705,2030.224224166741,direct_mapping_numeric_gap,"Mapping looks direct; inspect source data values, signs, and scenario-specific series."
esto__15_02__Road,Electricity,Target,,,2030.224224166741,0.9121080048742705,17_electricity,dashboard_template_esto_axis,dashboard_template,dashboard_template,esto_pair_axis,Template-declared ESTO-axis row with no LEAP export row.,esto_pair,0.9121080048742705,2030.224224166741,direct_mapping_numeric_gap,"Mapping looks direct; inspect source data values, signs, and scenario-specific series."
esto__03__Exports,Other hydrocarbons,Target,,,8725.7509548,0.9043097545947829,06_x_other_hydrocarbons,balance_table_esto_axis,esto_flow,esto_product,esto_pair_axis,,esto_pair,0.9043097545947829,8725.7509548,aggregate_fuel_mapping,The 9th fuel is an aggregate bucket; compare against sibling fuels and the shared aggregate fuel audit.
esto__02__Imports,LPG,Target,,,2272.9805088603507,0.903444563217992,07_09_lpg,balance_table_esto_axis,esto_flow,esto_product,esto_pair_axis,,esto_pair,0.903444563217992,2272.9805088603507,direct_mapping_numeric_gap,"Mapping looks direct; inspect source data values, signs, and scenario-specific series."
esto__09__Total_transformation_sector,Natural gas liquids,Target,,,6410.810109037609,0.8937699647262558,06_02_natural_gas_liquids,balance_table_esto_axis,esto_flow,esto_product,esto_pair_axis,,esto_pair,0.8937699647262558,6410.810109037609,direct_mapping_numeric_gap,"Mapping looks direct; inspect source data values, signs, and scenario-specific series."
esto__07__Total_primary_energy_supply,Municipal solid waste (renewable),Target,,,80.44046022976966,0.8870139034537791,16_03_municipal_solid_waste_renewable,balance_table_esto_axis,esto_flow,esto_product,esto_pair_axis,,esto_pair,0.8870139034537791,80.44046022976966,direct_mapping_numeric_gap,"Mapping looks direct; inspect source data values, signs, and scenario-specific series."
esto__07__Total_primary_energy_supply,Municipal solid waste (non-renewable),Target,,,97.26960873123271,0.8859362506919125,16_04_municipal_solid_waste_nonrenewable,balance_table_esto_axis,esto_flow,esto_product,esto_pair_axis,,esto_pair,0.8859362506919125,97.26960873123271,direct_mapping_numeric_gap,"Mapping looks direct; inspect source data values, signs, and scenario-specific series."
esto__09__Total_transformation_sector,LPG,Target,,,3610.8220510680835,0.8762692034649266,07_09_lpg,balance_table_esto_axis,esto_flow,esto_product,esto_pair_axis,,esto_pair,0.8762692034649266,3610.8220510680835,direct_mapping_numeric_gap,"Mapping looks direct; inspect source data values, signs, and scenario-specific series."
esto__02__Imports,Other hydrocarbons,Target,,,9214.729025104563,0.8686806575937899,06_x_other_hydrocarbons,balance_table_esto_axis,esto_flow,esto_product,esto_pair_axis,,esto_pair,0.8686806575937899,9214.729025104563,aggregate_fuel_mapping,The 9th fuel is an aggregate bucket; compare against sibling fuels and the shared aggregate fuel audit.
esto__09__Total_transformation_sector,Solar nonspecified,Target,,,104.25079549179846,0.7909905709245425,12_x_other_solar,balance_table_esto_axis,esto_flow,esto_product,esto_pair_axis,,esto_pair,0.7909905709245425,104.25079549179846,aggregate_fuel_mapping,The 9th fuel is an aggregate bucket; compare against sibling fuels and the shared aggregate fuel audit.
template__Power__Electricity_plants,Solar nonspecified,Target,,,104.25079549179846,0.7909905709245425,12_x_other_solar,dashboard_template_esto_axis,dashboard_template,dashboard_template,esto_pair_axis,Template-declared ESTO-axis row with no LEAP export row.,esto_pair,0.7909905709245425,104.25079549179846,aggregate_fuel_mapping,The 9th fuel is an aggregate bucket; compare against sibling fuels and the shared aggregate fuel audit.
esto__15_02__Road,Natural gas,Target,,,28.829850327881317,0.7846816545844504,08_01_natural_gas,balance_table_esto_axis,esto_flow,esto_product,esto_pair_axis,,esto_pair,0.7846816545844504,28.829850327881317,direct_mapping_numeric_gap,"Mapping looks direct; inspect source data values, signs, and scenario-specific series."
esto__15_02__Road,Natural gas,Target,,,28.829850327881317,0.7846816545844504,08_01_natural_gas,dashboard_template_esto_axis,dashboard_template,dashboard_template,esto_pair_axis,Template-declared ESTO-axis row with no LEAP export row.,esto_pair,0.7846816545844504,28.829850327881317,direct_mapping_numeric_gap,"Mapping looks direct; inspect source data values, signs, and scenario-specific series."
esto__15_03__Rail,Electricity,Target,,,34.46587598705797,0.7769925108002774,17_electricity,balance_table_esto_axis,esto_flow,esto_product,esto_pair_axis,,esto_pair,0.7769925108002774,34.46587598705797,direct_mapping_numeric_gap,"Mapping looks direct; inspect source data values, signs, and scenario-specific series."
esto__15_02__Road,Motor gasoline,Target,,,6277.476759278541,0.7383308113924145,07_01_motor_gasoline,balance_table_esto_axis,esto_flow,esto_product,esto_pair_axis,,esto_pair,0.7383308113924145,6277.476759278541,direct_mapping_numeric_gap,"Mapping looks direct; inspect source data values, signs, and scenario-specific series."
esto__15_02__Road,Motor gasoline,Target,,,6277.476759278541,0.7383308113924145,07_01_motor_gasoline,dashboard_template_esto_axis,dashboard_template,dashboard_template,esto_pair_axis,Template-declared ESTO-axis row with no LEAP export row.,esto_pair,0.7383308113924145,6277.476759278541,direct_mapping_numeric_gap,"Mapping looks direct; inspect source data values, signs, and scenario-specific series."
esto__13__Total_final_energy_consumption,Fuel oil,Target,,,383.2993717433208,0.7102803855380306,07_08_fuel_oil,balance_table_esto_axis,esto_flow,esto_product,esto_pair_axis,,esto_pair,0.7102803855380306,383.2993717433208,direct_mapping_numeric_gap,"Mapping looks direct; inspect source data values, signs, and scenario-specific series."
esto__15__Transport_sector,Motor gasoline,Target,,,6133.91679271777,0.7094665901483692,07_01_motor_gasoline,balance_table_esto_axis,esto_flow,esto_product,esto_pair_axis,,esto_pair,0.7094665901483692,6133.91679271777,direct_mapping_numeric_gap,"Mapping looks direct; inspect source data values, signs, and scenario-specific series."
esto__13__Total_final_energy_consumption,Motor gasoline,Target,,,6255.595494631336,0.7020395546980536,07_01_motor_gasoline,balance_table_esto_axis,esto_flow,esto_product,esto_pair_axis,,esto_pair,0.7020395546980536,6255.595494631336,direct_mapping_numeric_gap,"Mapping looks direct; inspect source data values, signs, and scenario-specific series."
esto__01__Production,Bio jet kerosene,Target,,,142.591902021,0.6973283500339316,16_07_bio_jet_kerosene,balance_table_esto_axis,esto_flow,esto_product,esto_pair_axis,,esto_pair,0.6973283500339316,142.591902021,direct_mapping_numeric_gap,"Mapping looks direct; inspect source data values, signs, and scenario-specific series."
esto__15_02__Road,Gas/diesel oil,Target,,,2261.742637412605,0.687121044433708,07_07_gas_diesel_oil,balance_table_esto_axis,esto_flow,esto_product,esto_pair_axis,,esto_pair,0.687121044433708,2261.742637412605,direct_mapping_numeric_gap,"Mapping looks direct; inspect source data values, signs, and scenario-specific series."
esto__15_02__Road,Gas/diesel oil,Target,,,2261.742637412605,0.687121044433708,07_07_gas_diesel_oil,dashboard_template_esto_axis,dashboard_template,dashboard_template,esto_pair_axis,Template-declared ESTO-axis row with no LEAP export row.,esto_pair,0.687121044433708,2261.742637412605,direct_mapping_numeric_gap,"Mapping looks direct; inspect source data values, signs, and scenario-specific series."
esto__15_02__Road,LPG,Target,,,0.982576284979966,0.671635614422978,07_09_lpg,balance_table_esto_axis,esto_flow,esto_product,esto_pair_axis,,esto_pair,0.671635614422978,0.982576284979966,direct_mapping_numeric_gap,"Mapping looks direct; inspect source data values, signs, and scenario-specific series."
esto__15_02__Road,LPG,Target,,,0.982576284979966,0.671635614422978,07_09_lpg,dashboard_template_esto_axis,dashboard_template,dashboard_template,esto_pair_axis,Template-declared ESTO-axis row with no LEAP export row.,esto_pair,0.671635614422978,0.982576284979966,direct_mapping_numeric_gap,"Mapping looks direct; inspect source data values, signs, and scenario-specific series."
esto__02__Imports,Crude oil,Target,,,28643.788128744745,0.6530361609756593,06_01_crude_oil,balance_table_esto_axis,esto_flow,esto_product,esto_pair_axis,,esto_pair,0.6530361609756593,28643.788128744745,direct_mapping_numeric_gap,"Mapping looks direct; inspect source data values, signs, and scenario-specific series."
esto__15__Transport_sector,LPG,Target,,,0.9572756165707079,0.643217549732181,07_09_lpg,balance_table_esto_axis,esto_flow,esto_product,esto_pair_axis,,esto_pair,0.643217549732181,0.9572756165707079,direct_mapping_numeric_gap,"Mapping looks direct; inspect source data values, signs, and scenario-specific series."
esto__13__Total_final_energy_consumption,Biogas,Target,,,4.69249606131889,0.5853926946611797,16_01_biogas,balance_table_esto_axis,esto_flow,esto_product,esto_pair_axis,,esto_pair,0.5853926946611797,4.69249606131889,direct_mapping_numeric_gap,"Mapping looks direct; inspect source data values, signs, and scenario-specific series."
esto__14_03_08__Pulp__paper_and_printing,Other liquid biofuels,Target,,,2.5651497580520557,0.5849239552992842,16_08_other_liquid_biofuels,balance_table_esto_axis,esto_flow,esto_product,esto_pair_axis,,esto_pair,0.5849239552992842,2.5651497580520557,direct_mapping_numeric_gap,"Mapping looks direct; inspect source data values, signs, and scenario-specific series."
esto__15_03__Rail,Biodiesel,Target,,,28.644775228598537,0.5701674216632794,16_06_biodiesel,balance_table_esto_axis,esto_flow,esto_product,esto_pair_axis,,esto_pair,0.5701674216632794,28.644775228598537,direct_mapping_numeric_gap,"Mapping looks direct; inspect source data values, signs, and scenario-specific series."
esto__03__Exports,Biodiesel,Target,,,56.62060701384182,0.5485708760673687,16_06_biodiesel,balance_table_esto_axis,esto_flow,esto_product,esto_pair_axis,,esto_pair,0.5485708760673687,56.62060701384182,direct_mapping_numeric_gap,"Mapping looks direct; inspect source data values, signs, and scenario-specific series."
esto__09_12__Non-specified_transformation,Natural gas,Target,,,249.24026969655952,0.5465816314744688,08_01_natural_gas,balance_table_esto_axis,esto_flow,esto_product,esto_pair_axis,,esto_pair,0.5465816314744688,249.24026969655952,direct_mapping_numeric_gap,"Mapping looks direct; inspect source data values, signs, and scenario-specific series."
esto__04__International_marine_bunkers,LNG,Target,,,41.58473863106319,0.5212673070154412,08_02_lng,balance_table_esto_axis,esto_flow,esto_product,esto_pair_axis,,esto_pair,0.5212673070154412,41.58473863106319,direct_mapping_numeric_gap,"Mapping looks direct; inspect source data values, signs, and scenario-specific series."
template__Power__CHP_plants,Sub-bituminous coal,Target,,,218.6832764163027,0.5188011773818573,01_x_thermal_coal,dashboard_template_esto_axis,dashboard_template,dashboard_template,esto_pair_axis,Template-declared ESTO-axis row with no LEAP export row.,esto_pair,0.5188011773818573,218.6832764163027,aggregate_fuel_mapping,The 9th fuel is an aggregate bucket; compare against sibling fuels and the shared aggregate fuel audit.
esto__07__Total_primary_energy_supply,Other hydrocarbons,Target,,,488.97807030456426,0.5100663054466164,06_x_other_hydrocarbons,balance_table_esto_axis,esto_flow,esto_product,esto_pair_axis,,esto_pair,0.5100663054466164,488.97807030456426,aggregate_fuel_mapping,The 9th fuel is an aggregate bucket; compare against sibling fuels and the shared aggregate fuel audit.
esto__14_03_04__Non-metallic_mineral_products,Electricity,Target,,,168.9674036070358,0.50000000001041,17_electricity,balance_table_esto_axis,esto_flow,esto_product,esto_pair_axis,,esto_pair,0.50000000001041,168.9674036070358,direct_mapping_numeric_gap,"Mapping looks direct; inspect source data values, signs, and scenario-specific series."
esto__14_03_04__Non-metallic_mineral_products,Natural gas,Target,,,397.13302321520996,0.5000000000095748,08_01_natural_gas,balance_table_esto_axis,esto_flow,esto_product,esto_pair_axis,,esto_pair,0.5000000000095748,397.13302321520996,direct_mapping_numeric_gap,"Mapping looks direct; inspect source data values, signs, and scenario-specific series."
esto__14_03_02__Chemical__incl__petrochemical,Electricity,Target,,,508.7168111017136,0.5000000000008421,17_electricity,balance_table_esto_axis,esto_flow,esto_product,esto_pair_axis,,esto_pair,0.5000000000008421,508.7168111017136,direct_mapping_numeric_gap,"Mapping looks direct; inspect source data values, signs, and scenario-specific series."
esto__14_03_02__Chemical__incl__petrochemical,Natural gas,Target,,,2649.721464993863,0.49999999999942096,08_01_natural_gas,balance_table_esto_axis,esto_flow,esto_product,esto_pair_axis,,esto_pair,0.49999999999942096,2649.721464993863,direct_mapping_numeric_gap,"Mapping looks direct; inspect source data values, signs, and scenario-specific series."
esto__14_03_01__Iron_and_steel,Natural gas,Target,,,241.64127829940202,0.49999999999938133,08_01_natural_gas,balance_table_esto_axis,esto_flow,esto_product,esto_pair_axis,,esto_pair,0.49999999999938133,241.64127829940202,direct_mapping_numeric_gap,"Mapping looks direct; inspect source data values, signs, and scenario-specific series."
esto__14_03_01__Iron_and_steel,Electricity,Target,,,223.32122769905794,0.4999999999989454,17_electricity,balance_table_esto_axis,esto_flow,esto_product,esto_pair_axis,,esto_pair,0.4999999999989454,223.32122769905794,direct_mapping_numeric_gap,"Mapping looks direct; inspect source data values, signs, and scenario-specific series."
esto__15_04__Domestic_navigation,Biodiesel,Target,,,7.82836705346078,0.49718009495260596,16_06_biodiesel,balance_table_esto_axis,esto_flow,esto_product,esto_pair_axis,,esto_pair,0.49718009495260596,7.82836705346078,direct_mapping_numeric_gap,"Mapping looks direct; inspect source data values, signs, and scenario-specific series."
esto__01__Production,Municipal solid waste (renewable),Target,,,9.930633718600001,0.4921763619675607,16_03_municipal_solid_waste_renewable,balance_table_esto_axis,esto_flow,esto_product,esto_pair_axis,,esto_pair,0.4921763619675607,9.930633718600001,direct_mapping_numeric_gap,"Mapping looks direct; inspect source data values, signs, and scenario-specific series."
esto__15__Transport_sector,Biodiesel,Target,,,200.24046451469053,0.4643922510779418,16_06_biodiesel,balance_table_esto_axis,esto_flow,esto_product,esto_pair_axis,,esto_pair,0.4643922510779418,200.24046451469053,direct_mapping_numeric_gap,"Mapping looks direct; inspect source data values, signs, and scenario-specific series."
esto__15_01__Domestic_air_transport,Electricity,Target,,,2.9685549300362593,0.46024033132973036,17_electricity,balance_table_esto_axis,esto_flow,esto_product,esto_pair_axis,,esto_pair,0.46024033132973036,2.9685549300362593,direct_mapping_numeric_gap,"Mapping looks direct; inspect source data values, signs, and scenario-specific series."
esto__07__Total_primary_energy_supply,Solar nonspecified,Target,,,116.28229929158292,0.4154900156467285,12_x_other_solar,balance_table_esto_axis,esto_flow,esto_product,esto_pair_axis,,esto_pair,0.4154900156467285,116.28229929158292,aggregate_fuel_mapping,The 9th fuel is an aggregate bucket; compare against sibling fuels and the shared aggregate fuel audit.
esto__13__Total_final_energy_consumption,Other liquid biofuels,Target,,,1.9852743477160733,0.3998283299894741,16_08_other_liquid_biofuels,balance_table_esto_axis,esto_flow,esto_product,esto_pair_axis,,esto_pair,0.3998283299894741,1.9852743477160733,direct_mapping_numeric_gap,"Mapping looks direct; inspect source data values, signs, and scenario-specific series."
esto__14_03__Manufacturing,Other liquid biofuels,Target,,,1.9852743477160733,0.3998283299894741,16_08_other_liquid_biofuels,balance_table_esto_axis,esto_flow,esto_product,esto_pair_axis,,esto_pair,0.3998283299894741,1.9852743477160733,direct_mapping_numeric_gap,"Mapping looks direct; inspect source data values, signs, and scenario-specific series."
esto__14__Industry_sector,Other liquid biofuels,Target,,,1.9852743477160733,0.3998283299894741,16_08_other_liquid_biofuels,balance_table_esto_axis,esto_flow,esto_product,esto_pair_axis,,esto_pair,0.3998283299894741,1.9852743477160733,direct_mapping_numeric_gap,"Mapping looks direct; inspect source data values, signs, and scenario-specific series."
esto__07__Total_primary_energy_supply,Biodiesel,Target,,,178.0777668834391,0.3899530292427852,16_06_biodiesel,balance_table_esto_axis,esto_flow,esto_product,esto_pair_axis,,esto_pair,0.3899530292427852,178.0777668834391,direct_mapping_numeric_gap,"Mapping looks direct; inspect source data values, signs, and scenario-specific series."
esto__10_02__Transmission_and_distribution_losses,Electricity,Target,,,811.8634246961133,0.3884879910979106,17_electricity,balance_table_esto_axis,esto_flow,esto_product,esto_pair_axis,,esto_pair,0.3884879910979106,811.8634246961133,direct_mapping_numeric_gap,"Mapping looks direct; inspect source data values, signs, and scenario-specific series."
esto__13__Total_final_energy_consumption,Biodiesel,Target,,,175.5930108984706,0.3877870933291835,16_06_biodiesel,balance_table_esto_axis,esto_flow,esto_product,esto_pair_axis,,esto_pair,0.3877870933291835,175.5930108984706,direct_mapping_numeric_gap,"Mapping looks direct; inspect source data values, signs, and scenario-specific series."
esto__02__Imports,Refinery gas (not liquefied),Target,,,36.16636198326049,0.3726377947524096,07_10_refinery_gas_not_liquefied,balance_table_esto_axis,esto_flow,esto_product,esto_pair_axis,,esto_pair,0.3726377947524096,36.16636198326049,direct_mapping_numeric_gap,"Mapping looks direct; inspect source data values, signs, and scenario-specific series."
esto__15_02__Road,Biodiesel,Target,,,134.25569332563123,0.36761891657923795,16_06_biodiesel,balance_table_esto_axis,esto_flow,esto_product,esto_pair_axis,,esto_pair,0.36761891657923795,134.25569332563123,direct_mapping_numeric_gap,"Mapping looks direct; inspect source data values, signs, and scenario-specific series."
esto__15_02__Road,Biodiesel,Target,,,134.25569332563123,0.36761891657923795,16_06_biodiesel,dashboard_template_esto_axis,dashboard_template,dashboard_template,esto_pair_axis,Template-declared ESTO-axis row with no LEAP export row.,esto_pair,0.36761891657923795,134.25569332563123,direct_mapping_numeric_gap,"Mapping looks direct; inspect source data values, signs, and scenario-specific series."
esto__01__Production,Coking coal,Target,,,375.9818244099297,0.36230177124855895,01_01_coking_coal,balance_table_esto_axis,esto_flow,esto_product,esto_pair_axis,,esto_pair,0.36230177124855895,375.9818244099297,direct_mapping_numeric_gap,"Mapping looks direct; inspect source data values, signs, and scenario-specific series."
esto__07__Total_primary_energy_supply,Biogasoline,Target,,,341.99890227158744,0.35787811177447443,16_05_biogasoline,balance_table_esto_axis,esto_flow,esto_product,esto_pair_axis,,esto_pair,0.35787811177447443,341.99890227158744,direct_mapping_numeric_gap,"Mapping looks direct; inspect source data values, signs, and scenario-specific series."
esto__13__Total_final_energy_consumption,Biogasoline,Target,,,341.99890227158744,0.35787811177447443,16_05_biogasoline,balance_table_esto_axis,esto_flow,esto_product,esto_pair_axis,,esto_pair,0.35787811177447443,341.99890227158744,direct_mapping_numeric_gap,"Mapping looks direct; inspect source data values, signs, and scenario-specific series."
esto__14_03__Manufacturing,Natural gas,Target,,,3288.4957665947004,0.35737309311196314,08_01_natural_gas,balance_table_esto_axis,esto_flow,esto_product,esto_pair_axis,,esto_pair,0.35737309311196314,3288.4957665947004,direct_mapping_numeric_gap,"Mapping looks direct; inspect source data values, signs, and scenario-specific series."
esto__15_02__Road,Biogasoline,Target,,,334.5298147868714,0.35189060429488267,16_05_biogasoline,balance_table_esto_axis,esto_flow,esto_product,esto_pair_axis,,esto_pair,0.35189060429488267,334.5298147868714,direct_mapping_numeric_gap,"Mapping looks direct; inspect source data values, signs, and scenario-specific series."
esto__15_02__Road,Biogasoline,Target,,,334.5298147868714,0.35189060429488267,16_05_biogasoline,dashboard_template_esto_axis,dashboard_template,dashboard_template,esto_pair_axis,Template-declared ESTO-axis row with no LEAP export row.,esto_pair,0.35189060429488267,334.5298147868714,direct_mapping_numeric_gap,"Mapping looks direct; inspect source data values, signs, and scenario-specific series."
esto__15__Transport_sector,Biogasoline,Target,,,334.52981478687116,0.3518906042948824,16_05_biogasoline,balance_table_esto_axis,esto_flow,esto_product,esto_pair_axis,,esto_pair,0.3518906042948824,334.52981478687116,direct_mapping_numeric_gap,"Mapping looks direct; inspect source data values, signs, and scenario-specific series."
esto__14__Industry_sector,Natural gas,Target,,,3288.4957666823566,0.344777980757527,08_01_natural_gas,balance_table_esto_axis,esto_flow,esto_product,esto_pair_axis,,esto_pair,0.344777980757527,3288.4957666823566,direct_mapping_numeric_gap,"Mapping looks direct; inspect source data values, signs, and scenario-specific series."
esto__01__Production,Biodiesel,Target,,,190.5085400972809,0.3402670941489448,16_06_biodiesel,balance_table_esto_axis,esto_flow,esto_product,esto_pair_axis,,esto_pair,0.3402670941489448,190.5085400972809,direct_mapping_numeric_gap,"Mapping looks direct; inspect source data values, signs, and scenario-specific series."
esto__03__Exports,Crude oil,Target,,,2821.5975340000005,0.33975414137270277,06_01_crude_oil,balance_table_esto_axis,esto_flow,esto_product,esto_pair_axis,,esto_pair,0.33975414137270277,2821.5975340000005,direct_mapping_numeric_gap,"Mapping looks direct; inspect source data values, signs, and scenario-specific series."
esto__16_01__Commercial_and_public_services,LPG,Target,,,33.10312764763826,0.3172743184473716,07_09_lpg,balance_table_esto_axis,esto_flow,esto_product,esto_pair_axis,,esto_pair,0.3172743184473716,33.10312764763826,direct_mapping_numeric_gap,"Mapping looks direct; inspect source data values, signs, and scenario-specific series."
esto__13__Total_final_energy_consumption,Municipal solid waste (renewable),Target,,,4.331294575876832,0.29711898860596425,16_03_municipal_solid_waste_renewable,balance_table_esto_axis,esto_flow,esto_product,esto_pair_axis,,esto_pair,0.29711898860596425,4.331294575876832,direct_mapping_numeric_gap,"Mapping looks direct; inspect source data values, signs, and scenario-specific series."
esto__13__Total_final_energy_consumption,Gas/diesel oil,Target,,,1791.3365365530417,0.2872850048192205,07_07_gas_diesel_oil,balance_table_esto_axis,esto_flow,esto_product,esto_pair_axis,,esto_pair,0.2872850048192205,1791.3365365530417,direct_mapping_numeric_gap,"Mapping looks direct; inspect source data values, signs, and scenario-specific series."
esto__01__Production,Biogasoline,Target,,,310.6226782822512,0.278992653531866,16_05_biogasoline,balance_table_esto_axis,esto_flow,esto_product,esto_pair_axis,,esto_pair,0.278992653531866,310.6226782822512,direct_mapping_numeric_gap,"Mapping looks direct; inspect source data values, signs, and scenario-specific series."
esto__15__Transport_sector,Gas/diesel oil,Target,,,1180.709478070682,0.27002118345074433,07_07_gas_diesel_oil,balance_table_esto_axis,esto_flow,esto_product,esto_pair_axis,,esto_pair,0.27002118345074433,1180.709478070682,direct_mapping_numeric_gap,"Mapping looks direct; inspect source data values, signs, and scenario-specific series."
esto__02__Imports,Other liquid biofuels,Target,,,1.4710232284330145,0.2684560597088743,16_08_other_liquid_biofuels,balance_table_esto_axis,esto_flow,esto_product,esto_pair_axis,,esto_pair,0.2684560597088743,1.4710232284330145,direct_mapping_numeric_gap,"Mapping looks direct; inspect source data values, signs, and scenario-specific series."
esto__07__Total_primary_energy_supply,Other liquid biofuels,Target,,,1.4710232284330145,0.2684560597088743,16_08_other_liquid_biofuels,balance_table_esto_axis,esto_flow,esto_product,esto_pair_axis,,esto_pair,0.2684560597088743,1.4710232284330145,direct_mapping_numeric_gap,"Mapping looks direct; inspect source data values, signs, and scenario-specific series."
esto__13__Total_final_energy_consumption,Municipal solid waste (non-renewable),Target,,,4.190156140998901,0.2507040079551504,16_04_municipal_solid_waste_nonrenewable,balance_table_esto_axis,esto_flow,esto_product,esto_pair_axis,,esto_pair,0.2507040079551504,4.190156140998901,direct_mapping_numeric_gap,"Mapping looks direct; inspect source data values, signs, and scenario-specific series."
esto__03__Exports,Natural gas,Target,,,1115.8492359999996,0.24659814689718257,08_01_natural_gas,balance_table_esto_axis,esto_flow,esto_product,esto_pair_axis,,esto_pair,0.24659814689718257,1115.8492359999996,direct_mapping_numeric_gap,"Mapping looks direct; inspect source data values, signs, and scenario-specific series."
esto__15_04__Domestic_navigation,Fuel oil,Target,,,5.041778752458136,0.24601297774189365,07_08_fuel_oil,balance_table_esto_axis,esto_flow,esto_product,esto_pair_axis,,esto_pair,0.24601297774189365,5.041778752458136,direct_mapping_numeric_gap,"Mapping looks direct; inspect source data values, signs, and scenario-specific series."
template__Power__Electricity_plants,Natural gas,Target,,,4735.417201157954,0.23747330251087617,08_01_natural_gas,dashboard_template_esto_axis,dashboard_template,dashboard_template,esto_pair_axis,Template-declared ESTO-axis row with no LEAP export row.,esto_pair,0.23747330251087617,4735.417201157954,direct_mapping_numeric_gap,"Mapping looks direct; inspect source data values, signs, and scenario-specific series."
esto__15_03__Rail,Gas/diesel oil,Target,,,97.83195462632966,0.2326921750589968,07_07_gas_diesel_oil,balance_table_esto_axis,esto_flow,esto_product,esto_pair_axis,,esto_pair,0.2326921750589968,97.83195462632966,direct_mapping_numeric_gap,"Mapping looks direct; inspect source data values, signs, and scenario-specific series."
esto__15__Transport_sector,Kerosene type jet fuel,Target,,,804.4486768141096,0.22699246569748072,07_x_jet_fuel,balance_table_esto_axis,esto_flow,esto_product,esto_pair_axis,,esto_pair,0.22699246569748072,804.4486768141096,aggregate_fuel_mapping,The 9th fuel is an aggregate bucket; compare against sibling fuels and the shared aggregate fuel audit.
esto__14_03__Manufacturing,Electricity,Target,,,901.0054423407855,0.2256992673043907,17_electricity,balance_table_esto_axis,esto_flow,esto_product,esto_pair_axis,,esto_pair,0.2256992673043907,901.0054423407855,direct_mapping_numeric_gap,"Mapping looks direct; inspect source data values, signs, and scenario-specific series."
esto__16_02__Residential,LPG,Target,,,42.6355190456467,0.2080732773095986,07_09_lpg,balance_table_esto_axis,esto_flow,esto_product,esto_pair_axis,,esto_pair,0.2080732773095986,42.6355190456467,direct_mapping_numeric_gap,"Mapping looks direct; inspect source data values, signs, and scenario-specific series."
esto__13__Total_final_energy_consumption,LPG,Target,,,74.78137108353303,0.20254506804652275,07_09_lpg,balance_table_esto_axis,esto_flow,esto_product,esto_pair_axis,,esto_pair,0.20254506804652275,74.78137108353303,direct_mapping_numeric_gap,"Mapping looks direct; inspect source data values, signs, and scenario-specific series."
esto__04__International_marine_bunkers,Gas/diesel oil,Target,,,99.53861449471282,0.20157523272766473,07_07_gas_diesel_oil,balance_table_esto_axis,esto_flow,esto_product,esto_pair_axis,,esto_pair,0.20157523272766473,99.53861449471282,direct_mapping_numeric_gap,"Mapping looks direct; inspect source data values, signs, and scenario-specific series."
esto__14__Industry_sector,Electricity,Target,,,901.0054424615896,0.20003604731685512,17_electricity,balance_table_esto_axis,esto_flow,esto_product,esto_pair_axis,,esto_pair,0.20003604731685512,901.0054424615896,direct_mapping_numeric_gap,"Mapping looks direct; inspect source data values, signs, and scenario-specific series."
esto__03__Exports,Biogasoline,Target,,,31.37622398933624,0.1989076257666998,16_05_biogasoline,balance_table_esto_axis,esto_flow,esto_product,esto_pair_axis,,esto_pair,0.1989076257666998,31.37622398933624,direct_mapping_numeric_gap,"Mapping looks direct; inspect source data values, signs, and scenario-specific series."
esto__16_02__Residential,Gas/diesel oil,Target,,,78.9782147792144,0.1839607148092292,07_07_gas_diesel_oil,balance_table_esto_axis,esto_flow,esto_product,esto_pair_axis,,esto_pair,0.1839607148092292,78.9782147792144,direct_mapping_numeric_gap,"Mapping looks direct; inspect source data values, signs, and scenario-specific series."
esto__13__Total_final_energy_consumption,Natural gas,Target,,,3340.368867635383,0.17202260341348274,08_01_natural_gas,balance_table_esto_axis,esto_flow,esto_product,esto_pair_axis,,esto_pair,0.17202260341348274,3340.368867635383,direct_mapping_numeric_gap,"Mapping looks direct; inspect source data values, signs, and scenario-specific series."
esto__15_01__Domestic_air_transport,Kerosene type jet fuel,Target,,,401.54158223921195,0.17174912708496035,07_x_jet_fuel,balance_table_esto_axis,esto_flow,esto_product,esto_pair_axis,,esto_pair,0.17174912708496035,401.54158223921195,aggregate_fuel_mapping,The 9th fuel is an aggregate bucket; compare against sibling fuels and the shared aggregate fuel audit.
esto__16_01__Commercial_and_public_services,Other biomass,Target,,,6.397177720238883,0.16749958349870359,15_05_other_biomass,balance_table_esto_axis,esto_flow,esto_product,esto_pair_axis,,esto_pair,0.16749958349870359,6.397177720238883,direct_mapping_numeric_gap,"Mapping looks direct; inspect source data values, signs, and scenario-specific series."
esto__01__Production,Natural gas liquids,Target,,,1141.4276238084058,0.14941757604277314,06_02_natural_gas_liquids,balance_table_esto_axis,esto_flow,esto_product,esto_pair_axis,,esto_pair,0.14941757604277314,1141.4276238084058,direct_mapping_numeric_gap,"Mapping looks direct; inspect source data values, signs, and scenario-specific series."
esto__04__International_marine_bunkers,Fuel oil,Target,,,57.77586348343385,0.1490736887804588,07_08_fuel_oil,balance_table_esto_axis,esto_flow,esto_product,esto_pair_axis,,esto_pair,0.1490736887804588,57.77586348343385,direct_mapping_numeric_gap,"Mapping looks direct; inspect source data values, signs, and scenario-specific series."
esto__16_01__Commercial_and_public_services,Motor gasoline,Target,,,21.31694799312146,0.14730033964392072,07_01_motor_gasoline,balance_table_esto_axis,esto_flow,esto_product,esto_pair_axis,,esto_pair,0.14730033964392072,21.31694799312146,direct_mapping_numeric_gap,"Mapping looks direct; inspect source data values, signs, and scenario-specific series."
esto__15_04__Domestic_navigation,Gas/diesel oil,Target,,,23.21777286045989,0.13920005415331438,07_07_gas_diesel_oil,balance_table_esto_axis,esto_flow,esto_product,esto_pair_axis,,esto_pair,0.13920005415331438,23.21777286045989,direct_mapping_numeric_gap,"Mapping looks direct; inspect source data values, signs, and scenario-specific series."
esto__09__Total_transformation_sector,Natural gas,Target,,,3014.731710293563,0.13839423583310445,08_01_natural_gas,balance_table_esto_axis,esto_flow,esto_product,esto_pair_axis,,esto_pair,0.13839423583310445,3014.731710293563,direct_mapping_numeric_gap,"Mapping looks direct; inspect source data values, signs, and scenario-specific series."
esto__16_01__Commercial_and_public_services,Electricity,Target,,,714.6085455275033,0.13030828331513497,17_electricity,balance_table_esto_axis,esto_flow,esto_product,esto_pair_axis,,esto_pair,0.13030828331513497,714.6085455275033,direct_mapping_numeric_gap,"Mapping looks direct; inspect source data values, signs, and scenario-specific series."
esto__01__Production,Wind,Target,,,257.82945726628463,0.12823035085930445,14_wind,balance_table_esto_axis,esto_flow,esto_product,esto_pair_axis,,esto_pair,0.12823035085930445,257.82945726628463,direct_mapping_numeric_gap,"Mapping looks direct; inspect source data values, signs, and scenario-specific series."
esto__07__Total_primary_energy_supply,Wind,Target,,,257.82945726628463,0.12823035085930445,14_wind,balance_table_esto_axis,esto_flow,esto_product,esto_pair_axis,,esto_pair,0.12823035085930445,257.82945726628463,direct_mapping_numeric_gap,"Mapping looks direct; inspect source data values, signs, and scenario-specific series."
esto__09__Total_transformation_sector,Wind,Target,,,257.82945726628463,0.12823035085930445,14_wind,balance_table_esto_axis,esto_flow,esto_product,esto_pair_axis,,esto_pair,0.12823035085930445,257.82945726628463,direct_mapping_numeric_gap,"Mapping looks direct; inspect source data values, signs, and scenario-specific series."
template__Power__Electricity_plants,Wind,Target,,,257.82945726628463,0.12823035085930445,14_wind,dashboard_template_esto_axis,dashboard_template,dashboard_template,esto_pair_axis,Template-declared ESTO-axis row with no LEAP export row.,esto_pair,0.12823035085930445,257.82945726628463,direct_mapping_numeric_gap,"Mapping looks direct; inspect source data values, signs, and scenario-specific series."
esto__08__Transfers,Ethane,Target,,,327.58234368181184,0.12726032403591503,07_11_ethane,balance_table_esto_axis,esto_flow,esto_product,esto_pair_axis,,esto_pair,0.12726032403591503,327.58234368181184,direct_mapping_numeric_gap,"Mapping looks direct; inspect source data values, signs, and scenario-specific series."
esto__07__Total_primary_energy_supply,Natural gas,Target,,,4382.385537963535,0.10636380958347824,08_01_natural_gas,balance_table_esto_axis,esto_flow,esto_product,esto_pair_axis,,esto_pair,0.10636380958347824,4382.385537963535,direct_mapping_numeric_gap,"Mapping looks direct; inspect source data values, signs, and scenario-specific series."
esto__16_01__Commercial_and_public_services,Solar nonspecified,Target,,,8.93672909440805,0.10384458847375308,12_x_other_solar,balance_table_esto_axis,esto_flow,esto_product,esto_pair_axis,,esto_pair,0.10384458847375308,8.93672909440805,aggregate_fuel_mapping,The 9th fuel is an aggregate bucket; compare against sibling fuels and the shared aggregate fuel audit.
esto__15_05__Pipeline_transport,Natural gas,Target,,,131.42462403055538,0.09858276252348244,08_01_natural_gas,balance_table_esto_axis,esto_flow,esto_product,esto_pair_axis,,esto_pair,0.09858276252348244,131.42462403055538,direct_mapping_numeric_gap,"Mapping looks direct; inspect source data values, signs, and scenario-specific series."
esto__16_02__Residential,Natural gas,Target,,,506.1495488493365,0.09698527228608876,08_01_natural_gas,balance_table_esto_axis,esto_flow,esto_product,esto_pair_axis,,esto_pair,0.09698527228608876,506.1495488493365,direct_mapping_numeric_gap,"Mapping looks direct; inspect source data values, signs, and scenario-specific series."
esto__16_02__Residential,Electricity,Target,,,497.94934080486473,0.09178343233624499,17_electricity,balance_table_esto_axis,esto_flow,esto_product,esto_pair_axis,,esto_pair,0.09178343233624499,497.94934080486473,direct_mapping_numeric_gap,"Mapping looks direct; inspect source data values, signs, and scenario-specific series."
esto__16_01__Commercial_and_public_services,Natural gas,Target,,,294.06629582192545,0.09141716537642305,08_01_natural_gas,balance_table_esto_axis,esto_flow,esto_product,esto_pair_axis,,esto_pair,0.09141716537642305,294.06629582192545,direct_mapping_numeric_gap,"Mapping looks direct; inspect source data values, signs, and scenario-specific series."
esto__13__Total_final_energy_consumption,Solar nonspecified,Target,,,12.031503799784474,0.08125546799346062,12_x_other_solar,balance_table_esto_axis,esto_flow,esto_product,esto_pair_axis,,esto_pair,0.08125546799346062,12.031503799784474,aggregate_fuel_mapping,The 9th fuel is an aggregate bucket; compare against sibling fuels and the shared aggregate fuel audit.
esto__15_04__Domestic_navigation,LNG,Target,,,0.5575174120333051,0.07983479357958294,08_02_lng,balance_table_esto_axis,esto_flow,esto_product,esto_pair_axis,,esto_pair,0.07983479357958294,0.5575174120333051,direct_mapping_numeric_gap,"Mapping looks direct; inspect source data values, signs, and scenario-specific series."
esto__16_05__Non-specified_others,Electricity,Target,,,66.78259546671177,0.07961512497762474,17_electricity,balance_table_esto_axis,esto_flow,esto_product,esto_pair_axis,,esto_pair,0.07961512497762474,66.78259546671177,direct_mapping_numeric_gap,"Mapping looks direct; inspect source data values, signs, and scenario-specific series."
esto__09_12__Non-specified_transformation,Other hydrocarbons,Target,,,16.802479709688555,0.0691829665275479,06_x_other_hydrocarbons,balance_table_esto_axis,esto_flow,esto_product,esto_pair_axis,,esto_pair,0.0691829665275479,16.802479709688555,aggregate_fuel_mapping,The 9th fuel is an aggregate bucket; compare against sibling fuels and the shared aggregate fuel audit.
esto__01__Production,Nuclear,Target,,,649.679606118134,0.0667745027071524,09_nuclear,balance_table_esto_axis,esto_flow,esto_product,esto_pair_axis,,esto_pair,0.0667745027071524,649.679606118134,direct_mapping_numeric_gap,"Mapping looks direct; inspect source data values, signs, and scenario-specific series."
esto__07__Total_primary_energy_supply,Nuclear,Target,,,649.679606118134,0.0667745027071524,09_nuclear,balance_table_esto_axis,esto_flow,esto_product,esto_pair_axis,,esto_pair,0.0667745027071524,649.679606118134,direct_mapping_numeric_gap,"Mapping looks direct; inspect source data values, signs, and scenario-specific series."
esto__09__Total_transformation_sector,Nuclear,Target,,,649.679606118134,0.0667745027071524,09_nuclear,balance_table_esto_axis,esto_flow,esto_product,esto_pair_axis,,esto_pair,0.0667745027071524,649.679606118134,direct_mapping_numeric_gap,"Mapping looks direct; inspect source data values, signs, and scenario-specific series."
template__Power__Electricity_plants,Nuclear,Target,,,649.679606118134,0.0667745027071524,09_nuclear,dashboard_template_esto_axis,dashboard_template,dashboard_template,esto_pair_axis,Template-declared ESTO-axis row with no LEAP export row.,esto_pair,0.0667745027071524,649.679606118134,direct_mapping_numeric_gap,"Mapping looks direct; inspect source data values, signs, and scenario-specific series."
esto__16_01__Commercial_and_public_services,Municipal solid waste (non-renewable),Target,,,0.7751607182850258,0.06598099801041549,16_04_municipal_solid_waste_nonrenewable,balance_table_esto_axis,esto_flow,esto_product,esto_pair_axis,,esto_pair,0.06598099801041549,0.7751607182850258,direct_mapping_numeric_gap,"Mapping looks direct; inspect source data values, signs, and scenario-specific series."
esto__16_01__Commercial_and_public_services,Municipal solid waste (renewable),Target,,,0.634022283407095,0.06595929717136105,16_03_municipal_solid_waste_renewable,balance_table_esto_axis,esto_flow,esto_product,esto_pair_axis,,esto_pair,0.06595929717136105,0.634022283407095,direct_mapping_numeric_gap,"Mapping looks direct; inspect source data values, signs, and scenario-specific series."
template__Power__Electricity_plants,Electricity,Target,,,1230.4172072210968,0.05885377428263405,17_electricity,dashboard_template_esto_axis,dashboard_template,dashboard_template,esto_pair_axis,Template-declared ESTO-axis row with no LEAP export row.,esto_pair,0.05885377428263405,1230.4172072210968,direct_mapping_numeric_gap,"Mapping looks direct; inspect source data values, signs, and scenario-specific series."
esto__16_01__Commercial_and_public_services,Gas/diesel oil,Target,,,18.67382035819395,0.05835170222103271,07_07_gas_diesel_oil,balance_table_esto_axis,esto_flow,esto_product,esto_pair_axis,,esto_pair,0.05835170222103271,18.67382035819395,direct_mapping_numeric_gap,"Mapping looks direct; inspect source data values, signs, and scenario-specific series."
esto__03__Exports,Coking coal,Target,,,59.789319699999965,0.05792254943541188,01_01_coking_coal,balance_table_esto_axis,esto_flow,esto_product,esto_pair_axis,,esto_pair,0.05792254943541188,59.789319699999965,direct_mapping_numeric_gap,"Mapping looks direct; inspect source data values, signs, and scenario-specific series."
esto__09__Total_transformation_sector,Other hydrocarbons,Target,,,55.46101595133757,0.05785289202232458,06_x_other_hydrocarbons,balance_table_esto_axis,esto_flow,esto_product,esto_pair_axis,,esto_pair,0.05785289202232458,55.46101595133757,aggregate_fuel_mapping,The 9th fuel is an aggregate bucket; compare against sibling fuels and the shared aggregate fuel audit.
esto__16_01__Commercial_and_public_services,Biodiesel,Target,,,0.26084347553376475,0.057598162199823416,16_06_biodiesel,balance_table_esto_axis,esto_flow,esto_product,esto_pair_axis,,esto_pair,0.057598162199823416,0.26084347553376475,direct_mapping_numeric_gap,"Mapping looks direct; inspect source data values, signs, and scenario-specific series."
esto__16_01__Commercial_and_public_services,Biogas,Target,,,0.1757081979650379,0.05759672466892817,16_01_biogas,balance_table_esto_axis,esto_flow,esto_product,esto_pair_axis,,esto_pair,0.05759672466892817,0.1757081979650379,direct_mapping_numeric_gap,"Mapping looks direct; inspect source data values, signs, and scenario-specific series."
esto__15_01__Domestic_air_transport,Aviation gasoline,Target,,,1.3757299990949328,0.05459918508571363,07_02_aviation_gasoline,balance_table_esto_axis,esto_flow,esto_product,esto_pair_axis,,esto_pair,0.05459918508571363,1.3757299990949328,direct_mapping_numeric_gap,"Mapping looks direct; inspect source data values, signs, and scenario-specific series."
esto__16_01__Commercial_and_public_services,Heat,Target,,,2.8203142197394087,0.05338620696740968,18_heat,balance_table_esto_axis,esto_flow,esto_product,esto_pair_axis,,esto_pair,0.05338620696740968,2.8203142197394087,direct_mapping_numeric_gap,"Mapping looks direct; inspect source data values, signs, and scenario-specific series."
template__Power__Electricity_plants,Geothermal,Target,,,36.742273295588234,0.05141251433731489,11_geothermal,dashboard_template_esto_axis,dashboard_template,dashboard_template,esto_pair_axis,Template-declared ESTO-axis row with no LEAP export row.,esto_pair,0.05141251433731489,36.742273295588234,direct_mapping_numeric_gap,"Mapping looks direct; inspect source data values, signs, and scenario-specific series."
esto__09__Total_transformation_sector,Geothermal,Target,,,36.74227329558812,0.051412514337314745,11_geothermal,balance_table_esto_axis,esto_flow,esto_product,esto_pair_axis,,esto_pair,0.051412514337314745,36.74227329558812,direct_mapping_numeric_gap,"Mapping looks direct; inspect source data values, signs, and scenario-specific series."
esto__07__Total_primary_energy_supply,Geothermal,Target,,,37.35223087812733,0.05115725237867852,11_geothermal,balance_table_esto_axis,esto_flow,esto_product,esto_pair_axis,,esto_pair,0.05115725237867852,37.35223087812733,direct_mapping_numeric_gap,"Mapping looks direct; inspect source data values, signs, and scenario-specific series."
esto__15__Transport_sector,Aviation gasoline,Target,,,1.2833751270196494,0.05074785028106594,07_02_aviation_gasoline,balance_table_esto_axis,esto_flow,esto_product,esto_pair_axis,,esto_pair,0.05074785028106594,1.2833751270196494,direct_mapping_numeric_gap,"Mapping looks direct; inspect source data values, signs, and scenario-specific series."
esto__16_02__Residential,Solar nonspecified,Target,,,3.094774705376416,0.049906550029310576,12_x_other_solar,balance_table_esto_axis,esto_flow,esto_product,esto_pair_axis,,esto_pair,0.049906550029310576,3.094774705376416,aggregate_fuel_mapping,The 9th fuel is an aggregate bucket; compare against sibling fuels and the shared aggregate fuel audit.
esto__13__Total_final_energy_consumption,Kerosene,Target,,,0.4507283604387542,0.045015516151121884,07_06_kerosene,balance_table_esto_axis,esto_flow,esto_product,esto_pair_axis,,esto_pair,0.045015516151121884,0.4507283604387542,direct_mapping_numeric_gap,"Mapping looks direct; inspect source data values, signs, and scenario-specific series."
esto__09__Total_transformation_sector,Fuel oil,Target,,,22.808672192260246,0.03950198864881728,07_08_fuel_oil,balance_table_esto_axis,esto_flow,esto_product,esto_pair_axis,,esto_pair,0.03950198864881728,22.808672192260246,direct_mapping_numeric_gap,"Mapping looks direct; inspect source data values, signs, and scenario-specific series."
esto__13__Total_final_energy_consumption,Geothermal,Target,,,0.6099575825391828,0.039379679097779556,11_geothermal,balance_table_esto_axis,esto_flow,esto_product,esto_pair_axis,,esto_pair,0.039379679097779556,0.6099575825391828,direct_mapping_numeric_gap,"Mapping looks direct; inspect source data values, signs, and scenario-specific series."
esto__16_02__Residential,Geothermal,Target,,,0.6099575825391828,0.039379679097779556,11_geothermal,balance_table_esto_axis,esto_flow,esto_product,esto_pair_axis,,esto_pair,0.039379679097779556,0.6099575825391828,direct_mapping_numeric_gap,"Mapping looks direct; inspect source data values, signs, and scenario-specific series."
template__Power__Electricity_plants,Hydro,Target,,,42.24163783936706,0.03841996154741951,10_hydro,dashboard_template_esto_axis,dashboard_template,dashboard_template,esto_pair_axis,Template-declared ESTO-axis row with no LEAP export row.,esto_pair,0.03841996154741951,42.24163783936706,direct_mapping_numeric_gap,"Mapping looks direct; inspect source data values, signs, and scenario-specific series."
esto__07__Total_primary_energy_supply,Hydro,Target,,,42.24163783936683,0.038419961547419314,10_hydro,balance_table_esto_axis,esto_flow,esto_product,esto_pair_axis,,esto_pair,0.038419961547419314,42.24163783936683,direct_mapping_numeric_gap,"Mapping looks direct; inspect source data values, signs, and scenario-specific series."
esto__09__Total_transformation_sector,Hydro,Target,,,42.24163783936683,0.038419961547419314,10_hydro,balance_table_esto_axis,esto_flow,esto_product,esto_pair_axis,,esto_pair,0.038419961547419314,42.24163783936683,direct_mapping_numeric_gap,"Mapping looks direct; inspect source data values, signs, and scenario-specific series."
esto__13__Total_final_energy_consumption,Aviation gasoline,Target,,,0.9466469435214862,0.03694090805887883,07_02_aviation_gasoline,balance_table_esto_axis,esto_flow,esto_product,esto_pair_axis,,esto_pair,0.03694090805887883,0.9466469435214862,direct_mapping_numeric_gap,"Mapping looks direct; inspect source data values, signs, and scenario-specific series."
esto__16_01__Commercial_and_public_services,Fuel oil,Target,,,0.7753502786877426,0.036376171623613875,07_08_fuel_oil,balance_table_esto_axis,esto_flow,esto_product,esto_pair_axis,,esto_pair,0.036376171623613875,0.7753502786877426,direct_mapping_numeric_gap,"Mapping looks direct; inspect source data values, signs, and scenario-specific series."
esto__09_07__Oil_refineries,Motor gasoline,Target,,,529.1914994467825,0.03615284116299299,07_01_motor_gasoline,balance_table_esto_axis,esto_flow,esto_product,esto_pair_axis,,esto_pair,0.03615284116299299,529.1914994467825,direct_mapping_numeric_gap,"Mapping looks direct; inspect source data values, signs, and scenario-specific series."
esto__09_07__Oil_refineries,Gas/diesel oil,Target,,,365.2606337423931,0.03615263254699798,07_07_gas_diesel_oil,balance_table_esto_axis,esto_flow,esto_product,esto_pair_axis,,esto_pair,0.03615263254699798,365.2606337423931,direct_mapping_numeric_gap,"Mapping looks direct; inspect source data values, signs, and scenario-specific series."
esto__09_07__Oil_refineries,LPG,Target,,,17.789020727336663,0.03615172712593125,07_09_lpg,balance_table_esto_axis,esto_flow,esto_product,esto_pair_axis,,esto_pair,0.03615172712593125,17.789020727336663,direct_mapping_numeric_gap,"Mapping looks direct; inspect source data values, signs, and scenario-specific series."
esto__09_07__Oil_refineries,Naphtha,Target,,,6.978145034681177,0.03615148583620591,07_03_naphtha,balance_table_esto_axis,esto_flow,esto_product,esto_pair_axis,,esto_pair,0.03615148583620591,6.978145034681177,direct_mapping_numeric_gap,"Mapping looks direct; inspect source data values, signs, and scenario-specific series."
esto__09__Total_transformation_sector,Naphtha,Target,,,6.978145034681177,0.03615148583620591,07_03_naphtha,balance_table_esto_axis,esto_flow,esto_product,esto_pair_axis,,esto_pair,0.03615148583620591,6.978145034681177,direct_mapping_numeric_gap,"Mapping looks direct; inspect source data values, signs, and scenario-specific series."
esto__09_07__Oil_refineries,Fuel oil,Target,,,21.01112873633633,0.036151160968611915,07_08_fuel_oil,balance_table_esto_axis,esto_flow,esto_product,esto_pair_axis,,esto_pair,0.036151160968611915,21.01112873633633,direct_mapping_numeric_gap,"Mapping looks direct; inspect source data values, signs, and scenario-specific series."
esto__09_07__Oil_refineries,Natural gas liquids,Target,,,26.537435911105035,0.03365553053834492,06_02_natural_gas_liquids,balance_table_esto_axis,esto_flow,esto_product,esto_pair_axis,,esto_pair,0.03365553053834492,26.537435911105035,direct_mapping_numeric_gap,"Mapping looks direct; inspect source data values, signs, and scenario-specific series."
esto__08__Transfers,Natural gas liquids,Target,,,209.5767638734951,0.032827038349360044,06_02_natural_gas_liquids,balance_table_esto_axis,esto_flow,esto_product,esto_pair_axis,,esto_pair,0.032827038349360044,209.5767638734951,direct_mapping_numeric_gap,"Mapping looks direct; inspect source data values, signs, and scenario-specific series."
esto__07__Total_primary_energy_supply,Crude oil,Target,,,1160.4097527447448,0.032634590585832395,06_01_crude_oil,balance_table_esto_axis,esto_flow,esto_product,esto_pair_axis,,esto_pair,0.032634590585832395,1160.4097527447448,direct_mapping_numeric_gap,"Mapping looks direct; inspect source data values, signs, and scenario-specific series."
esto__09_07__Oil_refineries,Crude oil,Target,,,1160.4097518659328,0.03263459056111727,06_01_crude_oil,balance_table_esto_axis,esto_flow,esto_product,esto_pair_axis,,esto_pair,0.03263459056111727,1160.4097518659328,direct_mapping_numeric_gap,"Mapping looks direct; inspect source data values, signs, and scenario-specific series."
esto__09__Total_transformation_sector,Crude oil,Target,,,1160.4097518659328,0.03263459056111727,06_01_crude_oil,balance_table_esto_axis,esto_flow,esto_product,esto_pair_axis,,esto_pair,0.03263459056111727,1160.4097518659328,direct_mapping_numeric_gap,"Mapping looks direct; inspect source data values, signs, and scenario-specific series."
esto__09_07__Oil_refineries,Other hydrocarbons,Target,,,38.65853624164902,0.032174529525412825,06_x_other_hydrocarbons,balance_table_esto_axis,esto_flow,esto_product,esto_pair_axis,,esto_pair,0.032174529525412825,38.65853624164902,aggregate_fuel_mapping,The 9th fuel is an aggregate bucket; compare against sibling fuels and the shared aggregate fuel audit.
esto__16_02__Residential,Biodiesel,Target,,,0.18534407202989556,0.02993017198813642,16_06_biodiesel,balance_table_esto_axis,esto_flow,esto_product,esto_pair_axis,,esto_pair,0.02993017198813642,0.18534407202989556,direct_mapping_numeric_gap,"Mapping looks direct; inspect source data values, signs, and scenario-specific series."
esto__09__Total_transformation_sector,Gas/diesel oil,Target,,,272.5376151463133,0.02673075883311359,07_07_gas_diesel_oil,balance_table_esto_axis,esto_flow,esto_product,esto_pair_axis,,esto_pair,0.02673075883311359,272.5376151463133,direct_mapping_numeric_gap,"Mapping looks direct; inspect source data values, signs, and scenario-specific series."
esto__05__International_aviation_bunkers,Kerosene type jet fuel,Target,,,31.83482694667873,0.02639725048166512,07_x_jet_fuel,balance_table_esto_axis,esto_flow,esto_product,esto_pair_axis,,esto_pair,0.02639725048166512,31.83482694667873,aggregate_fuel_mapping,The 9th fuel is an aggregate bucket; compare against sibling fuels and the shared aggregate fuel audit.
esto__07__Total_primary_energy_supply,Natural gas liquids,Target,,,183.08836880440595,0.025525461235766825,06_02_natural_gas_liquids,balance_table_esto_axis,esto_flow,esto_product,esto_pair_axis,,esto_pair,0.025525461235766825,183.08836880440595,direct_mapping_numeric_gap,"Mapping looks direct; inspect source data values, signs, and scenario-specific series."
esto__16_01__Commercial_and_public_services,Kerosene,Target,,,0.019699687079752115,0.025520975365657925,07_06_kerosene,balance_table_esto_axis,esto_flow,esto_product,esto_pair_axis,,esto_pair,0.025520975365657925,0.019699687079752115,direct_mapping_numeric_gap,"Mapping looks direct; inspect source data values, signs, and scenario-specific series."
esto__09__Total_transformation_sector,Lignite,Target,,,9.674998453902731,0.017902937883389505,01_05_lignite,balance_table_esto_axis,esto_flow,esto_product,esto_pair_axis,,esto_pair,0.017902937883389505,9.674998453902731,direct_mapping_numeric_gap,"Mapping looks direct; inspect source data values, signs, and scenario-specific series."
template__Power__Electricity_plants,Lignite,Target,,,9.63617301290276,0.017831094000227195,01_05_lignite,dashboard_template_esto_axis,dashboard_template,dashboard_template,esto_pair_axis,Template-declared ESTO-axis row with no LEAP export row.,esto_pair,0.017831094000227195,9.63617301290276,direct_mapping_numeric_gap,"Mapping looks direct; inspect source data values, signs, and scenario-specific series."
esto__01__Production,Lignite,Target,,,9.674998453783815,0.017741406355821335,01_05_lignite|01_x_thermal_coal,balance_table_esto_axis,esto_flow,esto_product,esto_pair_axis,,esto_pair,0.017741406355821335,9.674998453783815,aggregate_fuel_mapping,The 9th fuel is an aggregate bucket; compare against sibling fuels and the shared aggregate fuel audit.
esto__01__Production,Lignite,Target,,,9.674998453783815,0.017741406355821335,01_05_lignite,dashboard_template_esto_axis,dashboard_template,dashboard_template,esto_pair_axis,Template-declared ESTO-axis row with no LEAP export row.,esto_pair,0.017741406355821335,9.674998453783815,direct_mapping_numeric_gap,"Mapping looks direct; inspect source data values, signs, and scenario-specific series."
esto__01__Production,Lignite,Target,,,9.674998453783815,0.017741406355821335,01_x_thermal_coal,dashboard_template_esto_axis,dashboard_template,dashboard_template,esto_pair_axis,Template-declared ESTO-axis row with no LEAP export row.,esto_pair,0.017741406355821335,9.674998453783815,aggregate_fuel_mapping,The 9th fuel is an aggregate bucket; compare against sibling fuels and the shared aggregate fuel audit.
esto__07__Total_primary_energy_supply,Lignite,Target,,,9.674998453783815,0.017741406355821335,01_05_lignite,balance_table_esto_axis,esto_flow,esto_product,esto_pair_axis,,esto_pair,0.017741406355821335,9.674998453783815,direct_mapping_numeric_gap,"Mapping looks direct; inspect source data values, signs, and scenario-specific series."
esto__09__Total_transformation_sector,Motor gasoline,Target,,,216.226983530305,0.014462779289293458,07_01_motor_gasoline,balance_table_esto_axis,esto_flow,esto_product,esto_pair_axis,,esto_pair,0.014462779289293458,216.226983530305,direct_mapping_numeric_gap,"Mapping looks direct; inspect source data values, signs, and scenario-specific series."
esto__13__Total_final_energy_consumption,Heat,Target,,,2.8203142262837844,0.011264098357306266,18_heat,balance_table_esto_axis,esto_flow,esto_product,esto_pair_axis,,esto_pair,0.011264098357306266,2.8203142262837844,direct_mapping_numeric_gap,"Mapping looks direct; inspect source data values, signs, and scenario-specific series."
esto__16_02__Residential,Kerosene,Target,,,0.09430048986083506,0.010590677796939021,07_06_kerosene,balance_table_esto_axis,esto_flow,esto_product,esto_pair_axis,,esto_pair,0.010590677796939021,0.09430048986083506,direct_mapping_numeric_gap,"Mapping looks direct; inspect source data values, signs, and scenario-specific series."
esto__14_03_08__Pulp__paper_and_printing,Industrial waste,Target,,,0.038944613947944795,0.00888043185647536,16_02_industrial_waste,balance_table_esto_axis,esto_flow,esto_product,esto_pair_axis,,esto_pair,0.00888043185647536,0.038944613947944795,direct_mapping_numeric_gap,"Mapping looks direct; inspect source data values, signs, and scenario-specific series."
esto__07__Total_primary_energy_supply,of which: Photovoltaics,Target,,,25.466160323162967,0.008050894878966543,12_01_of_which_photovoltaics,balance_table_esto_axis,esto_flow,esto_product,esto_pair_axis,,esto_pair,0.008050894878966543,25.466160323162967,direct_mapping_numeric_gap,"Mapping looks direct; inspect source data values, signs, and scenario-specific series."
esto__09__Total_transformation_sector,of which: Photovoltaics,Target,,,25.466160323162967,0.008050894878966543,12_01_of_which_photovoltaics,balance_table_esto_axis,esto_flow,esto_product,esto_pair_axis,,esto_pair,0.008050894878966543,25.466160323162967,direct_mapping_numeric_gap,"Mapping looks direct; inspect source data values, signs, and scenario-specific series."
template__Power__Electricity_plants,of which: Photovoltaics,Target,,,25.466160323162967,0.008050894878966543,12_01_of_which_photovoltaics,dashboard_template_esto_axis,dashboard_template,dashboard_template,esto_pair_axis,Template-declared ESTO-axis row with no LEAP export row.,esto_pair,0.008050894878966543,25.466160323162967,direct_mapping_numeric_gap,"Mapping looks direct; inspect source data values, signs, and scenario-specific series."
esto__01__Production,Natural gas,Target,,,312.41450096353947,0.006832194161549222,08_01_natural_gas,balance_table_esto_axis,esto_flow,esto_product,esto_pair_axis,,esto_pair,0.006832194161549222,312.41450096353947,direct_mapping_numeric_gap,"Mapping looks direct; inspect source data values, signs, and scenario-specific series."
esto__16_02__Residential,Other biomass,Target,,,2.905578841090005,0.005249892516775695,15_05_other_biomass,balance_table_esto_axis,esto_flow,esto_product,esto_pair_axis,,esto_pair,0.005249892516775695,2.905578841090005,direct_mapping_numeric_gap,"Mapping looks direct; inspect source data values, signs, and scenario-specific series."
esto__13__Total_final_energy_consumption,Electricity,Target,,,81.57347171274523,0.00433711620679283,17_electricity,balance_table_esto_axis,esto_flow,esto_product,esto_pair_axis,,esto_pair,0.00433711620679283,81.57347171274523,direct_mapping_numeric_gap,"Mapping looks direct; inspect source data values, signs, and scenario-specific series."
esto__15_04__Domestic_navigation,Motor gasoline,Target,,,0.5553749330739493,0.0038688329372538115,07_01_motor_gasoline,balance_table_esto_axis,esto_flow,esto_product,esto_pair_axis,,esto_pair,0.0038688329372538115,0.5553749330739493,direct_mapping_numeric_gap,"Mapping looks direct; inspect source data values, signs, and scenario-specific series."
esto__03__Exports,LPG,Target,,,0.021230043200375803,8.045456384658182e-06,07_09_lpg,balance_table_esto_axis,esto_flow,esto_product,esto_pair_axis,,esto_pair,8.045456384658182e-06,0.021230043200375803,direct_mapping_numeric_gap,"Mapping looks direct; inspect source data values, signs, and scenario-specific series."
esto__08__Transfers,Kerosene type jet fuel,Target,,,2.797352974059919e-05,6.493225993500093e-06,07_x_jet_fuel,balance_table_esto_axis,esto_flow,esto_product,esto_pair_axis,,esto_pair,6.493225993500093e-06,2.797352974059919e-05,aggregate_fuel_mapping,The 9th fuel is an aggregate bucket; compare against sibling fuels and the shared aggregate fuel audit.
esto__08__Transfers,Gas/diesel oil,Target,,,9.336242300150843e-06,9.826961258069688e-08,07_07_gas_diesel_oil,balance_table_esto_axis,esto_flow,esto_product,esto_pair_axis,,esto_pair,9.826961258069688e-08,9.336242300150843e-06,direct_mapping_numeric_gap,"Mapping looks direct; inspect source data values, signs, and scenario-specific series."
esto__08__Transfers,Refinery feedstocks,Target,,,2.3393794890580466e-05,5.408109959812794e-08,06_x_other_hydrocarbons,balance_table_esto_axis,esto_flow,esto_product,esto_pair_axis,,esto_pair,5.408109959812794e-08,2.3393794890580466e-05,aggregate_fuel_mapping,The 9th fuel is an aggregate bucket; compare against sibling fuels and the shared aggregate fuel audit.
esto__08__Transfers,Motor gasoline,Target,,,5.916476823131234e-06,1.8904625036501607e-08,07_01_motor_gasoline,balance_table_esto_axis,esto_flow,esto_product,esto_pair_axis,,esto_pair,1.8904625036501607e-08,5.916476823131234e-06,direct_mapping_numeric_gap,"Mapping looks direct; inspect source data values, signs, and scenario-specific series."
esto__08__Transfers,LPG,Target,,,3.77954202122055e-05,1.041594689107987e-08,07_09_lpg,balance_table_esto_axis,esto_flow,esto_product,esto_pair_axis,,esto_pair,1.041594689107987e-08,3.77954202122055e-05,direct_mapping_numeric_gap,"Mapping looks direct; inspect source data values, signs, and scenario-specific series."
esto__14_03_11__Non-specified_industry,Natural gas,Target,,,2.038298134721117e-07,4.624897587998435e-10,08_01_natural_gas,balance_table_esto_axis,esto_flow,esto_product,esto_pair_axis,,esto_pair,4.624897587998435e-10,2.038298134721117e-07,direct_mapping_numeric_gap,"Mapping looks direct; inspect source data values, signs, and scenario-specific series."
esto__14_03_11__Non-specified_industry,Electricity,Target,,,2.4576877422077814e-07,4.6182532008366537e-10,17_electricity,balance_table_esto_axis,esto_flow,esto_product,esto_pair_axis,,esto_pair,4.6182532008366537e-10,2.4576877422077814e-07,direct_mapping_numeric_gap,"Mapping looks direct; inspect source data values, signs, and scenario-specific series."
esto__14_03_11__Non-specified_industry,Heat,Target,,,4.0172065673971247e-10,4.6174099627501e-10,18_heat,balance_table_esto_axis,esto_flow,esto_product,esto_pair_axis,,esto_pair,4.6174099627501e-10,4.0172065673971247e-10,direct_mapping_numeric_gap,"Mapping looks direct; inspect source data values, signs, and scenario-specific series."
esto__14_03_11__Non-specified_industry,Gas/diesel oil,Target,,,5.893090460062922e-09,4.603293460835875e-10,07_07_gas_diesel_oil,balance_table_esto_axis,esto_flow,esto_product,esto_pair_axis,,esto_pair,4.603293460835875e-10,5.893090460062922e-09,direct_mapping_numeric_gap,"Mapping looks direct; inspect source data values, signs, and scenario-specific series."
esto__14_03_11__Non-specified_industry,LPG,Target,,,6.624287784973149e-10,4.598180523495988e-10,07_09_lpg,balance_table_esto_axis,esto_flow,esto_product,esto_pair_axis,,esto_pair,4.598180523495988e-10,6.624287784973149e-10,direct_mapping_numeric_gap,"Mapping looks direct; inspect source data values, signs, and scenario-specific series."
esto__14_02__Construction,LPG,Target,,,6.880171099510335e-09,4.0664735123110766e-10,07_09_lpg,balance_table_esto_axis,esto_flow,esto_product,esto_pair_axis,,esto_pair,4.0664735123110766e-10,6.880171099510335e-09,direct_mapping_numeric_gap,"Mapping looks direct; inspect source data values, signs, and scenario-specific series."
esto__14_02__Construction,Electricity,Target,,,1.3962153389002196e-07,4.04557198381141e-10,17_electricity,balance_table_esto_axis,esto_flow,esto_product,esto_pair_axis,,esto_pair,4.04557198381141e-10,1.3962153389002196e-07,direct_mapping_numeric_gap,"Mapping looks direct; inspect source data values, signs, and scenario-specific series."
esto__14_02__Construction,Gas/diesel oil,Target,,,2.243845074190176e-07,4.0370976119809896e-10,07_07_gas_diesel_oil,balance_table_esto_axis,esto_flow,esto_product,esto_pair_axis,,esto_pair,4.0370976119809896e-10,2.243845074190176e-07,direct_mapping_numeric_gap,"Mapping looks direct; inspect source data values, signs, and scenario-specific series."
esto__14_02__Construction,Natural gas,Target,,,9.81689254331286e-08,4.0260446408904525e-10,08_01_natural_gas,balance_table_esto_axis,esto_flow,esto_product,esto_pair_axis,,esto_pair,4.0260446408904525e-10,9.81689254331286e-08,direct_mapping_numeric_gap,"Mapping looks direct; inspect source data values, signs, and scenario-specific series."
esto__14__Industry_sector,Gas/diesel oil,Target,,,2.1423295493150363e-07,3.0691022450580616e-10,07_07_gas_diesel_oil,balance_table_esto_axis,esto_flow,esto_product,esto_pair_axis,,esto_pair,3.0691022450580616e-10,2.1423295493150363e-07,direct_mapping_numeric_gap,"Mapping looks direct; inspect source data values, signs, and scenario-specific series."
esto__14_03_07__Food__beverages_and_tobacco,LPG,Target,,,3.530686853991938e-10,2.1965865747562812e-10,07_09_lpg,balance_table_esto_axis,esto_flow,esto_product,esto_pair_axis,,esto_pair,2.1965865747562812e-10,3.530686853991938e-10,direct_mapping_numeric_gap,"Mapping looks direct; inspect source data values, signs, and scenario-specific series."
esto__14_03_07__Food__beverages_and_tobacco,Heat,Target,,,4.763030858612183e-09,2.173367802959282e-10,18_heat,balance_table_esto_axis,esto_flow,esto_product,esto_pair_axis,,esto_pair,2.173367802959282e-10,4.763030858612183e-09,direct_mapping_numeric_gap,"Mapping looks direct; inspect source data values, signs, and scenario-specific series."
esto__14_03_07__Food__beverages_and_tobacco,Fuel oil,Target,,,8.327458722590109e-10,2.1679962334585922e-10,07_08_fuel_oil,balance_table_esto_axis,esto_flow,esto_product,esto_pair_axis,,esto_pair,2.1679962334585922e-10,8.327458722590109e-10,direct_mapping_numeric_gap,"Mapping looks direct; inspect source data values, signs, and scenario-specific series."
esto__14_03_07__Food__beverages_and_tobacco,Electricity,Target,,,9.857302529781009e-08,2.164428431962505e-10,17_electricity,balance_table_esto_axis,esto_flow,esto_product,esto_pair_axis,,esto_pair,2.164428431962505e-10,9.857302529781009e-08,direct_mapping_numeric_gap,"Mapping looks direct; inspect source data values, signs, and scenario-specific series."
esto__14_03_07__Food__beverages_and_tobacco,Natural gas,Target,,,1.7917147943080636e-07,2.1636736781152297e-10,08_01_natural_gas,balance_table_esto_axis,esto_flow,esto_product,esto_pair_axis,,esto_pair,2.1636736781152297e-10,1.7917147943080636e-07,direct_mapping_numeric_gap,"Mapping looks direct; inspect source data values, signs, and scenario-specific series."
esto__14_03_07__Food__beverages_and_tobacco,Gas/diesel oil,Target,,,1.206641009332543e-09,2.1549473669708448e-10,07_07_gas_diesel_oil,balance_table_esto_axis,esto_flow,esto_product,esto_pair_axis,,esto_pair,2.1549473669708448e-10,1.206641009332543e-09,direct_mapping_numeric_gap,"Mapping looks direct; inspect source data values, signs, and scenario-specific series."
esto__14_03_07__Food__beverages_and_tobacco,Lignite,Target,,,1.0812317707831198e-10,2.1527696152178458e-10,01_05_lignite,balance_table_esto_axis,esto_flow,esto_product,esto_pair_axis,,esto_pair,2.1527696152178458e-10,1.0812317707831198e-10,direct_mapping_numeric_gap,"Mapping looks direct; inspect source data values, signs, and scenario-specific series."
esto__14__Industry_sector,LPG,Target,,,6.818801523422735e-09,2.024462527350679e-10,07_09_lpg,balance_table_esto_axis,esto_flow,esto_product,esto_pair_axis,,esto_pair,2.024462527350679e-10,6.818801523422735e-09,direct_mapping_numeric_gap,"Mapping looks direct; inspect source data values, signs, and scenario-specific series."
esto__01__Production,Hydro,Target,,,1.7000002117129043e-07,1.6079765587764424e-10,10_hydro,balance_table_esto_axis,esto_flow,esto_product,esto_pair_axis,,esto_pair,1.6079765587764424e-10,1.7000002117129043e-07,direct_mapping_numeric_gap,"Mapping looks direct; inspect source data values, signs, and scenario-specific series."
esto__14_01__Mining_and_quarrying,Motor gasoline,Target,,,6.865104040798542e-10,1.1579168820477011e-10,07_01_motor_gasoline,balance_table_esto_axis,esto_flow,esto_product,esto_pair_axis,,esto_pair,1.1579168820477011e-10,6.865104040798542e-10,direct_mapping_numeric_gap,"Mapping looks direct; inspect source data values, signs, and scenario-specific series."
esto__14__Industry_sector,Motor gasoline,Target,,,6.865104040798542e-10,1.1579168820477011e-10,07_01_motor_gasoline,balance_table_esto_axis,esto_flow,esto_product,esto_pair_axis,,esto_pair,1.1579168820477011e-10,6.865104040798542e-10,direct_mapping_numeric_gap,"Mapping looks direct; inspect source data values, signs, and scenario-specific series."
esto__14_03_08__Pulp__paper_and_printing,Electricity,Target,,,3.3285402878391324e-08,1.1526393449477317e-10,17_electricity,balance_table_esto_axis,esto_flow,esto_product,esto_pair_axis,,esto_pair,1.1526393449477317e-10,3.3285402878391324e-08,direct_mapping_numeric_gap,"Mapping looks direct; inspect source data values, signs, and scenario-specific series."
esto__14_03_08__Pulp__paper_and_printing,Natural gas,Target,,,7.6778974289482e-08,1.1511089380108828e-10,08_01_natural_gas,balance_table_esto_axis,esto_flow,esto_product,esto_pair_axis,,esto_pair,1.1511089380108828e-10,7.6778974289482e-08,direct_mapping_numeric_gap,"Mapping looks direct; inspect source data values, signs, and scenario-specific series."
esto__14_03_08__Pulp__paper_and_printing,Gas/diesel oil,Target,,,2.408335753045776e-10,1.1465296834666553e-10,07_07_gas_diesel_oil,balance_table_esto_axis,esto_flow,esto_product,esto_pair_axis,,esto_pair,1.1465296834666553e-10,2.408335753045776e-10,direct_mapping_numeric_gap,"Mapping looks direct; inspect source data values, signs, and scenario-specific series."
esto__14_03_08__Pulp__paper_and_printing,Heat,Target,,,1.9986572397101554e-09,1.1446512804722347e-10,18_heat,balance_table_esto_axis,esto_flow,esto_product,esto_pair_axis,,esto_pair,1.1446512804722347e-10,1.9986572397101554e-09,direct_mapping_numeric_gap,"Mapping looks direct; inspect source data values, signs, and scenario-specific series."
esto__14_03_08__Pulp__paper_and_printing,Fuel oil,Target,,,1.550832351426834e-09,1.1440221396636258e-10,07_08_fuel_oil,balance_table_esto_axis,esto_flow,esto_product,esto_pair_axis,,esto_pair,1.1440221396636258e-10,1.550832351426834e-09,direct_mapping_numeric_gap,"Mapping looks direct; inspect source data values, signs, and scenario-specific series."
esto__14_01__Mining_and_quarrying,Natural gas,Target,,,1.0513446113691316e-08,1.1388161323741981e-10,08_01_natural_gas,balance_table_esto_axis,esto_flow,esto_product,esto_pair_axis,,esto_pair,1.1388161323741981e-10,1.0513446113691316e-08,direct_mapping_numeric_gap,"Mapping looks direct; inspect source data values, signs, and scenario-specific series."
esto__14_01__Mining_and_quarrying,Gas/diesel oil,Target,,,5.839176253630285e-09,1.1375978479581993e-10,07_07_gas_diesel_oil,balance_table_esto_axis,esto_flow,esto_product,esto_pair_axis,,esto_pair,1.1375978479581993e-10,5.839176253630285e-09,direct_mapping_numeric_gap,"Mapping looks direct; inspect source data values, signs, and scenario-specific series."
esto__14_03_08__Pulp__paper_and_printing,LPG,Target,,,1.0175149611768575e-10,1.1370333266173879e-10,07_09_lpg,balance_table_esto_axis,esto_flow,esto_product,esto_pair_axis,,esto_pair,1.1370333266173879e-10,1.0175149611768575e-10,direct_mapping_numeric_gap,"Mapping looks direct; inspect source data values, signs, and scenario-specific series."
esto__14_01__Mining_and_quarrying,Fuel oil,Target,,,2.870127246978882e-09,1.1300247459814291e-10,07_08_fuel_oil,balance_table_esto_axis,esto_flow,esto_product,esto_pair_axis,,esto_pair,1.1300247459814291e-10,2.870127246978882e-09,direct_mapping_numeric_gap,"Mapping looks direct; inspect source data values, signs, and scenario-specific series."
esto__14_01__Mining_and_quarrying,Electricity,Target,,,1.8817246427715872e-08,1.1265677772013938e-10,17_electricity,balance_table_esto_axis,esto_flow,esto_product,esto_pair_axis,,esto_pair,1.1265677772013938e-10,1.8817246427715872e-08,direct_mapping_numeric_gap,"Mapping looks direct; inspect source data values, signs, and scenario-specific series."
esto__14_03_09__Wood_and_wood_products,Natural gas,Target,,,5.675445891029085e-09,9.471362620722508e-11,08_01_natural_gas,balance_table_esto_axis,esto_flow,esto_product,esto_pair_axis,,esto_pair,9.471362620722508e-11,5.675445891029085e-09,direct_mapping_numeric_gap,"Mapping looks direct; inspect source data values, signs, and scenario-specific series."
esto__14_03_09__Wood_and_wood_products,Heat,Target,,,8.944631701979233e-10,9.36849825602441e-11,18_heat,balance_table_esto_axis,esto_flow,esto_product,esto_pair_axis,,esto_pair,9.36849825602441e-11,8.944631701979233e-10,direct_mapping_numeric_gap,"Mapping looks direct; inspect source data values, signs, and scenario-specific series."
esto__14_03_09__Wood_and_wood_products,Electricity,Target,,,7.652545264136279e-09,9.337225284524395e-11,17_electricity,balance_table_esto_axis,esto_flow,esto_product,esto_pair_axis,,esto_pair,9.337225284524395e-11,7.652545264136279e-09,direct_mapping_numeric_gap,"Mapping looks direct; inspect source data values, signs, and scenario-specific series."
esto__14_03_09__Wood_and_wood_products,LPG,Target,,,2.3626212097838106e-10,9.276403466658215e-11,07_09_lpg,balance_table_esto_axis,esto_flow,esto_product,esto_pair_axis,,esto_pair,9.276403466658215e-11,2.3626212097838106e-10,direct_mapping_numeric_gap,"Mapping looks direct; inspect source data values, signs, and scenario-specific series."
esto__14_03_09__Wood_and_wood_products,Fuel oil,Target,,,3.0733104949831613e-10,9.188199583718379e-11,07_08_fuel_oil,balance_table_esto_axis,esto_flow,esto_product,esto_pair_axis,,esto_pair,9.188199583718379e-11,3.0733104949831613e-10,direct_mapping_numeric_gap,"Mapping looks direct; inspect source data values, signs, and scenario-specific series."
esto__14_03_09__Wood_and_wood_products,Gas/diesel oil,Target,,,6.941212049582646e-10,9.115258064373773e-11,07_07_gas_diesel_oil,balance_table_esto_axis,esto_flow,esto_product,esto_pair_axis,,esto_pair,9.115258064373773e-11,6.941212049582646e-10,direct_mapping_numeric_gap,"Mapping looks direct; inspect source data values, signs, and scenario-specific series."
esto__14_03_05__Transportation_equipment,Heat,Target,,,4.0193448569425527e-10,8.267900983531097e-11,18_heat,balance_table_esto_axis,esto_flow,esto_product,esto_pair_axis,,esto_pair,8.267900983531097e-11,4.0193448569425527e-10,direct_mapping_numeric_gap,"Mapping looks direct; inspect source data values, signs, and scenario-specific series."
esto__14_03_05__Transportation_equipment,Natural gas,Target,,,1.3871670034859562e-08,8.016149195071488e-11,08_01_natural_gas,balance_table_esto_axis,esto_flow,esto_product,esto_pair_axis,,esto_pair,8.016149195071488e-11,1.3871670034859562e-08,direct_mapping_numeric_gap,"Mapping looks direct; inspect source data values, signs, and scenario-specific series."
esto__14_03_05__Transportation_equipment,Fuel oil,Target,,,1.1335803407064304e-09,7.965649392261205e-11,07_08_fuel_oil,balance_table_esto_axis,esto_flow,esto_product,esto_pair_axis,,esto_pair,7.965649392261205e-11,1.1335803407064304e-09,direct_mapping_numeric_gap,"Mapping looks direct; inspect source data values, signs, and scenario-specific series."
esto__14_03_05__Transportation_equipment,LPG,Target,,,6.063394231148322e-11,7.943285582173071e-11,07_09_lpg,balance_table_esto_axis,esto_flow,esto_product,esto_pair_axis,,esto_pair,7.943285582173071e-11,6.063394231148322e-11,direct_mapping_numeric_gap,"Mapping looks direct; inspect source data values, signs, and scenario-specific series."
esto__14_03_05__Transportation_equipment,Gas/diesel oil,Target,,,1.5540413400572106e-10,7.895084699159698e-11,07_07_gas_diesel_oil,balance_table_esto_axis,esto_flow,esto_product,esto_pair_axis,,esto_pair,7.895084699159698e-11,1.5540413400572106e-10,direct_mapping_numeric_gap,"Mapping looks direct; inspect source data values, signs, and scenario-specific series."
esto__14_03_05__Transportation_equipment,Electricity,Target,,,1.593636511643126e-08,7.883486306684622e-11,17_electricity,balance_table_esto_axis,esto_flow,esto_product,esto_pair_axis,,esto_pair,7.883486306684622e-11,1.593636511643126e-08,direct_mapping_numeric_gap,"Mapping looks direct; inspect source data values, signs, and scenario-specific series."
esto__14_03_06__Machinery,Heat,Target,,,2.5835866779289063e-10,7.18490672083978e-11,18_heat,balance_table_esto_axis,esto_flow,esto_product,esto_pair_axis,,esto_pair,7.18490672083978e-11,2.5835866779289063e-10,direct_mapping_numeric_gap,"Mapping looks direct; inspect source data values, signs, and scenario-specific series."
esto__14_03_06__Machinery,Electricity,Target,,,2.9131456358300056e-08,7.167500262325774e-11,17_electricity,balance_table_esto_axis,esto_flow,esto_product,esto_pair_axis,,esto_pair,7.167500262325774e-11,2.9131456358300056e-08,direct_mapping_numeric_gap,"Mapping looks direct; inspect source data values, signs, and scenario-specific series."
esto__14_03_06__Machinery,LPG,Target,,,3.1313707182789585e-10,7.148316993038e-11,07_09_lpg,balance_table_esto_axis,esto_flow,esto_product,esto_pair_axis,,esto_pair,7.148316993038e-11,3.1313707182789585e-10,direct_mapping_numeric_gap,"Mapping looks direct; inspect source data values, signs, and scenario-specific series."
esto__14_03_06__Machinery,Gas/diesel oil,Target,,,2.885576222411146e-10,7.082106588959176e-11,07_07_gas_diesel_oil,balance_table_esto_axis,esto_flow,esto_product,esto_pair_axis,,esto_pair,7.082106588959176e-11,2.885576222411146e-10,direct_mapping_numeric_gap,"Mapping looks direct; inspect source data values, signs, and scenario-specific series."
esto__14_03_06__Machinery,Natural gas,Target,,,1.7112085970438784e-08,7.018019926602803e-11,08_01_natural_gas,balance_table_esto_axis,esto_flow,esto_product,esto_pair_axis,,esto_pair,7.018019926602803e-11,1.7112085970438784e-08,direct_mapping_numeric_gap,"Mapping looks direct; inspect source data values, signs, and scenario-specific series."
esto__01__Production,of which: Photovoltaics,Target,,,1.7000002117129043e-07,5.418015868498977e-11,12_01_of_which_photovoltaics,balance_table_esto_axis,esto_flow,esto_product,esto_pair_axis,,esto_pair,5.418015868498977e-11,1.7000002117129043e-07,direct_mapping_numeric_gap,"Mapping looks direct; inspect source data values, signs, and scenario-specific series."
esto__01__Production,Geothermal,Target,,,3.400009518372826e-08,4.907683599897749e-11,11_geothermal,balance_table_esto_axis,esto_flow,esto_product,esto_pair_axis,,esto_pair,4.907683599897749e-11,3.400009518372826e-08,direct_mapping_numeric_gap,"Mapping looks direct; inspect source data values, signs, and scenario-specific series."
esto__14_03__Manufacturing,Gas/diesel oil,Target,,,4.312482815294061e-09,4.744422566425103e-11,07_07_gas_diesel_oil,balance_table_esto_axis,esto_flow,esto_product,esto_pair_axis,,esto_pair,4.744422566425103e-11,4.312482815294061e-09,direct_mapping_numeric_gap,"Mapping looks direct; inspect source data values, signs, and scenario-specific series."
esto__14_03_10__Textiles_and_leather,Natural gas,Target,,,1.1570264746296743e-09,4.323178859259892e-11,08_01_natural_gas,balance_table_esto_axis,esto_flow,esto_product,esto_pair_axis,,esto_pair,4.323178859259892e-11,1.1570264746296743e-09,direct_mapping_numeric_gap,"Mapping looks direct; inspect source data values, signs, and scenario-specific series."
esto__14_03_03__Non_ferrous_metals,Electricity,Target,,,7.87562726145552e-09,4.255535696030445e-11,17_electricity,balance_table_esto_axis,esto_flow,esto_product,esto_pair_axis,,esto_pair,4.255535696030445e-11,7.87562726145552e-09,direct_mapping_numeric_gap,"Mapping looks direct; inspect source data values, signs, and scenario-specific series."
esto__14_03_10__Textiles_and_leather,Electricity,Target,,,1.5975487599462213e-09,4.196095754374771e-11,17_electricity,balance_table_esto_axis,esto_flow,esto_product,esto_pair_axis,,esto_pair,4.196095754374771e-11,1.5975487599462213e-09,direct_mapping_numeric_gap,"Mapping looks direct; inspect source data values, signs, and scenario-specific series."
esto__14_03_03__Non_ferrous_metals,Gas/diesel oil,Target,,,7.030521997908323e-13,4.193179198588191e-11,07_07_gas_diesel_oil,balance_table_esto_axis,esto_flow,esto_product,esto_pair_axis,,esto_pair,4.193179198588191e-11,7.030521997908323e-13,direct_mapping_numeric_gap,"Mapping looks direct; inspect source data values, signs, and scenario-specific series."
esto__14_03_10__Textiles_and_leather,Heat,Target,,,2.1182344767112227e-10,4.1633406106656756e-11,18_heat,balance_table_esto_axis,esto_flow,esto_product,esto_pair_axis,,esto_pair,4.1633406106656756e-11,2.1182344767112227e-10,direct_mapping_numeric_gap,"Mapping looks direct; inspect source data values, signs, and scenario-specific series."
esto__14_03_03__Non_ferrous_metals,Natural gas,Target,,,7.636998589077848e-09,4.117209658817909e-11,08_01_natural_gas,balance_table_esto_axis,esto_flow,esto_product,esto_pair_axis,,esto_pair,4.117209658817909e-11,7.636998589077848e-09,direct_mapping_numeric_gap,"Mapping looks direct; inspect source data values, signs, and scenario-specific series."
esto__14_03__Manufacturing,Fuel oil,Target,,,3.3951721434277715e-09,4.0460026808432904e-11,07_08_fuel_oil,balance_table_esto_axis,esto_flow,esto_product,esto_pair_axis,,esto_pair,4.0460026808432904e-11,3.3951721434277715e-09,direct_mapping_numeric_gap,"Mapping looks direct; inspect source data values, signs, and scenario-specific series."
esto__14_03_03__Non_ferrous_metals,LPG,Target,,,3.2191957433092e-13,4.019396991241403e-11,07_09_lpg,balance_table_esto_axis,esto_flow,esto_product,esto_pair_axis,,esto_pair,4.019396991241403e-11,3.2191957433092e-13,direct_mapping_numeric_gap,"Mapping looks direct; inspect source data values, signs, and scenario-specific series."
esto__14_03_03__Non_ferrous_metals,Heat,Target,,,1.680788841440517e-10,3.933184466822431e-11,18_heat,balance_table_esto_axis,esto_flow,esto_product,esto_pair_axis,,esto_pair,3.933184466822431e-11,1.680788841440517e-10,direct_mapping_numeric_gap,"Mapping looks direct; inspect source data values, signs, and scenario-specific series."
esto__14__Industry_sector,Heat,Target,,,6.544382813444827e-09,3.312734215479189e-11,18_heat,balance_table_esto_axis,esto_flow,esto_product,esto_pair_axis,,esto_pair,3.312734215479189e-11,6.544382813444827e-09,direct_mapping_numeric_gap,"Mapping looks direct; inspect source data values, signs, and scenario-specific series."
esto__14_03__Manufacturing,Heat,Target,,,6.544354391735396e-09,3.312719828550432e-11,18_heat,balance_table_esto_axis,esto_flow,esto_product,esto_pair_axis,,esto_pair,3.312719828550432e-11,6.544354391735396e-09,direct_mapping_numeric_gap,"Mapping looks direct; inspect source data values, signs, and scenario-specific series."
esto__13__Total_final_energy_consumption,Lignite,Target,,,1.1904965901976539e-10,2.4195371799302553e-11,01_05_lignite,balance_table_esto_axis,esto_flow,esto_product,esto_pair_axis,,esto_pair,2.4195371799302553e-11,1.1904965901976539e-10,direct_mapping_numeric_gap,"Mapping looks direct; inspect source data values, signs, and scenario-specific series."
esto__14_03__Manufacturing,Lignite,Target,,,1.1904965901976539e-10,2.4195371799302553e-11,01_05_lignite,balance_table_esto_axis,esto_flow,esto_product,esto_pair_axis,,esto_pair,2.4195371799302553e-11,1.1904965901976539e-10,direct_mapping_numeric_gap,"Mapping looks direct; inspect source data values, signs, and scenario-specific series."
esto__14__Industry_sector,Lignite,Target,,,1.1904965901976539e-10,2.4195371799302553e-11,01_05_lignite,balance_table_esto_axis,esto_flow,esto_product,esto_pair_axis,,esto_pair,2.4195371799302553e-11,1.1904965901976539e-10,direct_mapping_numeric_gap,"Mapping looks direct; inspect source data values, signs, and scenario-specific series."
esto__14_03_04__Non-metallic_mineral_products,LPG,Target,,,1.7007617536535236e-11,2.1078916734046416e-11,07_09_lpg,balance_table_esto_axis,esto_flow,esto_product,esto_pair_axis,,esto_pair,2.1078916734046416e-11,1.7007617536535236e-11,direct_mapping_numeric_gap,"Mapping looks direct; inspect source data values, signs, and scenario-specific series."
esto__14_03_04__Non-metallic_mineral_products,Gas/diesel oil,Target,,,2.376179253360533e-10,1.9897887951663713e-11,07_07_gas_diesel_oil,balance_table_esto_axis,esto_flow,esto_product,esto_pair_axis,,esto_pair,1.9897887951663713e-11,2.376179253360533e-10,direct_mapping_numeric_gap,"Mapping looks direct; inspect source data values, signs, and scenario-specific series."
esto__14_03_04__Non-metallic_mineral_products,Fuel oil,Target,,,5.931477531362361e-11,1.646564665606735e-11,07_08_fuel_oil,balance_table_esto_axis,esto_flow,esto_product,esto_pair_axis,,esto_pair,1.646564665606735e-11,5.931477531362361e-11,direct_mapping_numeric_gap,"Mapping looks direct; inspect source data values, signs, and scenario-specific series."
esto__14_03_04__Non-metallic_mineral_products,Heat,Target,,,1.924405079734015e-12,1.4292612041086192e-11,18_heat,balance_table_esto_axis,esto_flow,esto_product,esto_pair_axis,,esto_pair,1.4292612041086192e-11,1.924405079734015e-12,direct_mapping_numeric_gap,"Mapping looks direct; inspect source data values, signs, and scenario-specific series."
esto__14__Industry_sector,Fuel oil,Target,,,5.250626600172836e-10,4.80329419695761e-12,07_08_fuel_oil,balance_table_esto_axis,esto_flow,esto_product,esto_pair_axis,,esto_pair,4.80329419695761e-12,5.250626600172836e-10,direct_mapping_numeric_gap,"Mapping looks direct; inspect source data values, signs, and scenario-specific series."
esto__14_03__Manufacturing,LPG,Target,,,6.138023422863625e-11,3.661698508094791e-12,07_09_lpg,balance_table_esto_axis,esto_flow,esto_product,esto_pair_axis,,esto_pair,3.661698508094791e-12,6.138023422863625e-11,direct_mapping_numeric_gap,"Mapping looks direct; inspect source data values, signs, and scenario-specific series."
esto__14_03_02__Chemical__incl__petrochemical,Gas/diesel oil,Target,,,1.4337331322167302e-10,3.4194342658687053e-12,07_07_gas_diesel_oil,balance_table_esto_axis,esto_flow,esto_product,esto_pair_axis,,esto_pair,3.4194342658687053e-12,1.4337331322167302e-10,direct_mapping_numeric_gap,"Mapping looks direct; inspect source data values, signs, and scenario-specific series."
esto__14_03_02__Chemical__incl__petrochemical,Fuel oil,Target,,,1.2171597063570516e-10,2.9608702433464853e-12,07_08_fuel_oil,balance_table_esto_axis,esto_flow,esto_product,esto_pair_axis,,esto_pair,2.9608702433464853e-12,1.2171597063570516e-10,direct_mapping_numeric_gap,"Mapping looks direct; inspect source data values, signs, and scenario-specific series."
esto__14_03_01__Iron_and_steel,Heat,Target,,,1.7829293597060314e-11,2.6494830154993354e-12,18_heat,balance_table_esto_axis,esto_flow,esto_product,esto_pair_axis,,esto_pair,2.6494830154993354e-12,1.7829293597060314e-11,direct_mapping_numeric_gap,"Mapping looks direct; inspect source data values, signs, and scenario-specific series."
esto__14_03_02__Chemical__incl__petrochemical,Lignite,Target,,,1.092637091915094e-11,2.4730944474542047e-12,01_05_lignite,balance_table_esto_axis,esto_flow,esto_product,esto_pair_axis,,esto_pair,2.4730944474542047e-12,1.092637091915094e-11,direct_mapping_numeric_gap,"Mapping looks direct; inspect source data values, signs, and scenario-specific series."
esto__14_03_02__Chemical__incl__petrochemical,LPG,Target,,,8.498091119690798e-12,2.078561843372227e-12,07_09_lpg,balance_table_esto_axis,esto_flow,esto_product,esto_pair_axis,,esto_pair,2.078561843372227e-12,8.498091119690798e-12,direct_mapping_numeric_gap,"Mapping looks direct; inspect source data values, signs, and scenario-specific series."
esto__14_03_01__Iron_and_steel,Fuel oil,Target,,,4.334310688136611e-12,1.0244248273313075e-12,07_08_fuel_oil,balance_table_esto_axis,esto_flow,esto_product,esto_pair_axis,,esto_pair,1.0244248273313075e-12,4.334310688136611e-12,direct_mapping_numeric_gap,"Mapping looks direct; inspect source data values, signs, and scenario-specific series."
esto__14_03_01__Iron_and_steel,Gas/diesel oil,Target,,,1.588063014423824e-12,5.574802703003843e-13,07_07_gas_diesel_oil,balance_table_esto_axis,esto_flow,esto_product,esto_pair_axis,,esto_pair,5.574802703003843e-13,1.588063014423824e-12,direct_mapping_numeric_gap,"Mapping looks direct; inspect source data values, signs, and scenario-specific series."
esto__14_03_01__Iron_and_steel,LPG,Target,,,1.1246559239452836e-13,4.981329200162966e-13,07_09_lpg,balance_table_esto_axis,esto_flow,esto_product,esto_pair_axis,,esto_pair,4.981329200162966e-13,1.1246559239452836e-13,direct_mapping_numeric_gap,"Mapping looks direct; inspect source data values, signs, and scenario-specific series."
esto__14_03_02__Chemical__incl__petrochemical,Heat,Target,,,1.894306933536427e-11,1.539135359264749e-13,18_heat,balance_table_esto_axis,esto_flow,esto_product,esto_pair_axis,,esto_pair,1.539135359264749e-13,1.894306933536427e-11,direct_mapping_numeric_gap,"Mapping looks direct; inspect source data values, signs, and scenario-specific series."
esto__16_03__Agriculture,Fuel oil,Target,,,2.220446049250313e-16,2.318795613348146e-16,07_08_fuel_oil,balance_table_esto_axis,esto_flow,esto_product,esto_pair_axis,,esto_pair,2.318795613348146e-16,2.220446049250313e-16,direct_mapping_numeric_gap,"Mapping looks direct; inspect source data values, signs, and scenario-specific series."
esto__16_03__Agriculture,Electricity,Target,,,5.684341886080802e-14,2.042552239845445e-16,17_electricity,balance_table_esto_axis,esto_flow,esto_product,esto_pair_axis,,esto_pair,2.042552239845445e-16,5.684341886080802e-14,direct_mapping_numeric_gap,"Mapping looks direct; inspect source data values, signs, and scenario-specific series."
esto__16_03__Agriculture,Natural gas,Target,,,1.4210854715202004e-14,1.9028478714899157e-16,08_01_natural_gas,balance_table_esto_axis,esto_flow,esto_product,esto_pair_axis,,esto_pair,1.9028478714899157e-16,1.4210854715202004e-14,direct_mapping_numeric_gap,"Mapping looks direct; inspect source data values, signs, and scenario-specific series."
esto__16_03__Agriculture,Motor gasoline,Target,,,1.4210854715202004e-14,1.2450226316740217e-16,07_01_motor_gasoline,balance_table_esto_axis,esto_flow,esto_product,esto_pair_axis,,esto_pair,1.2450226316740217e-16,1.4210854715202004e-14,direct_mapping_numeric_gap,"Mapping looks direct; inspect source data values, signs, and scenario-specific series."
esto__16_03__Agriculture,Biodiesel,Target,,,0.0,0.0,16_06_biodiesel,balance_table_esto_axis,esto_flow,esto_product,esto_pair_axis,,esto_pair,0.0,0.0,direct_mapping_numeric_gap,"Mapping looks direct; inspect source data values, signs, and scenario-specific series."
esto__16_03__Agriculture,Gas/diesel oil,Target,,,0.0,0.0,07_07_gas_diesel_oil,balance_table_esto_axis,esto_flow,esto_product,esto_pair_axis,,esto_pair,0.0,0.0,direct_mapping_numeric_gap,"Mapping looks direct; inspect source data values, signs, and scenario-specific series."
esto__16_03__Agriculture,LPG,Target,,,0.0,0.0,07_09_lpg,balance_table_esto_axis,esto_flow,esto_product,esto_pair_axis,,esto_pair,0.0,0.0,direct_mapping_numeric_gap,"Mapping looks direct; inspect source data values, signs, and scenario-specific series."
esto__16_03__Agriculture,Other biomass,Target,,,0.0,0.0,15_05_other_biomass,balance_table_esto_axis,esto_flow,esto_product,esto_pair_axis,,esto_pair,0.0,0.0,direct_mapping_numeric_gap,"Mapping looks direct; inspect source data values, signs, and scenario-specific series."
esto__01__Production,Anthracite,ESTO,,,,,01_x_thermal_coal,balance_table_esto_axis,esto_flow,esto_product,esto_pair_axis,,esto_pair,,,aggregate_fuel_mapping,The 9th fuel is an aggregate bucket; compare against sibling fuels and the shared aggregate fuel audit.
esto__01__Production,Bagasse,ESTO,,,,,15_02_bagasse,balance_table_esto_axis,esto_flow,esto_product,esto_pair_axis,,esto_pair,,,direct_mapping_numeric_gap,"Mapping looks direct; inspect source data values, signs, and scenario-specific series."
esto__01__Production,Bio jet kerosene,ESTO,,,,,16_07_bio_jet_kerosene,balance_table_esto_axis,esto_flow,esto_product,esto_pair_axis,,esto_pair,,,direct_mapping_numeric_gap,"Mapping looks direct; inspect source data values, signs, and scenario-specific series."
esto__01__Production,Biodiesel,ESTO,,,,,16_06_biodiesel,balance_table_esto_axis,esto_flow,esto_product,esto_pair_axis,,esto_pair,,,direct_mapping_numeric_gap,"Mapping looks direct; inspect source data values, signs, and scenario-specific series."
esto__01__Production,Biogas,ESTO,,,,,16_01_biogas,balance_table_esto_axis,esto_flow,esto_product,esto_pair_axis,,esto_pair,,,direct_mapping_numeric_gap,"Mapping looks direct; inspect source data values, signs, and scenario-specific series."
esto__01__Production,Biogasoline,ESTO,,,,,16_05_biogasoline,balance_table_esto_axis,esto_flow,esto_product,esto_pair_axis,,esto_pair,,,direct_mapping_numeric_gap,"Mapping looks direct; inspect source data values, signs, and scenario-specific series."
esto__01__Production,Black liqour,ESTO,,,,,15_04_black_liquor,balance_table_esto_axis,esto_flow,esto_product,esto_pair_axis,,esto_pair,,,direct_mapping_numeric_gap,"Mapping looks direct; inspect source data values, signs, and scenario-specific series."
esto__01__Production,Blast furnace gas,ESTO,,,,,16_02_industrial_waste,dashboard_template_esto_axis,dashboard_template,dashboard_template,esto_pair_axis,Template-declared ESTO-axis row with no LEAP export row.,esto_pair,,,direct_mapping_numeric_gap,"Mapping looks direct; inspect source data values, signs, and scenario-specific series."
esto__01__Production,Blast furnace gas,Target,,,,,16_02_industrial_waste,dashboard_template_esto_axis,dashboard_template,dashboard_template,esto_pair_axis,Template-declared ESTO-axis row with no LEAP export row.,esto_pair,,,direct_mapping_numeric_gap,"Mapping looks direct; inspect source data values, signs, and scenario-specific series."
esto__01__Production,Coal nonspecified,ESTO,,,,,01_x_thermal_coal,balance_table_esto_axis,esto_flow,esto_product,esto_pair_axis,,esto_pair,,,aggregate_fuel_mapping,The 9th fuel is an aggregate bucket; compare against sibling fuels and the shared aggregate fuel audit.
esto__01__Production,Coal nonspecified,Target,,,,,01_x_thermal_coal,balance_table_esto_axis,esto_flow,esto_product,esto_pair_axis,,esto_pair,,,aggregate_fuel_mapping,The 9th fuel is an aggregate bucket; compare against sibling fuels and the shared aggregate fuel audit.
esto__01__Production,Coke oven coke,ESTO,,,,,02_coal_products,balance_table_esto_axis,esto_flow,esto_product,esto_pair_axis,,esto_pair,,,direct_mapping_numeric_gap,"Mapping looks direct; inspect source data values, signs, and scenario-specific series."
esto__01__Production,Coke oven coke,Target,,,,,02_coal_products,balance_table_esto_axis,esto_flow,esto_product,esto_pair_axis,,esto_pair,,,direct_mapping_numeric_gap,"Mapping looks direct; inspect source data values, signs, and scenario-specific series."
esto__01__Production,Coke oven gas,ESTO,,,,,16_02_industrial_waste,balance_table_esto_axis,esto_flow,esto_product,esto_pair_axis,,esto_pair,,,direct_mapping_numeric_gap,"Mapping looks direct; inspect source data values, signs, and scenario-specific series."
esto__01__Production,Coking coal,ESTO,,,,,01_01_coking_coal,balance_table_esto_axis,esto_flow,esto_product,esto_pair_axis,,esto_pair,,,direct_mapping_numeric_gap,"Mapping looks direct; inspect source data values, signs, and scenario-specific series."
esto__01__Production,Crude oil,ESTO,,,,,06_01_crude_oil,dashboard_template_esto_axis,dashboard_template,dashboard_template,esto_pair_axis,Template-declared ESTO-axis row with no LEAP export row.,esto_pair,,,direct_mapping_numeric_gap,"Mapping looks direct; inspect source data values, signs, and scenario-specific series."
esto__01__Production,Crude oil,Target,,,,,06_01_crude_oil,dashboard_template_esto_axis,dashboard_template,dashboard_template,esto_pair_axis,Template-declared ESTO-axis row with no LEAP export row.,esto_pair,,,direct_mapping_numeric_gap,"Mapping looks direct; inspect source data values, signs, and scenario-specific series."
esto__01__Production,Fuelwood & woodwaste,ESTO,,,,,15_01_fuelwood_and_woodwaste,balance_table_esto_axis,esto_flow,esto_product,esto_pair_axis,,esto_pair,,,direct_mapping_numeric_gap,"Mapping looks direct; inspect source data values, signs, and scenario-specific series."
esto__01__Production,Gas coke,ESTO,,,,,02_coal_products,balance_table_esto_axis,esto_flow,esto_product,esto_pair_axis,,esto_pair,,,direct_mapping_numeric_gap,"Mapping looks direct; inspect source data values, signs, and scenario-specific series."
esto__01__Production,Gasoline type jet fuel,ESTO,,,,,07_x_jet_fuel,balance_table_esto_axis,esto_flow,esto_product,esto_pair_axis,,esto_pair,,,aggregate_fuel_mapping,The 9th fuel is an aggregate bucket; compare against sibling fuels and the shared aggregate fuel audit.
esto__01__Production,Gasoline type jet fuel,Target,,,,,07_x_jet_fuel,balance_table_esto_axis,esto_flow,esto_product,esto_pair_axis,,esto_pair,,,aggregate_fuel_mapping,The 9th fuel is an aggregate bucket; compare against sibling fuels and the shared aggregate fuel audit.
esto__01__Production,Geothermal,ESTO,,,,,11_geothermal,balance_table_esto_axis,esto_flow,esto_product,esto_pair_axis,,esto_pair,,,direct_mapping_numeric_gap,"Mapping looks direct; inspect source data values, signs, and scenario-specific series."
esto__01__Production,Hydro,ESTO,,,,,10_hydro,balance_table_esto_axis,esto_flow,esto_product,esto_pair_axis,,esto_pair,,,direct_mapping_numeric_gap,"Mapping looks direct; inspect source data values, signs, and scenario-specific series."
esto__01__Production,Industrial waste,ESTO,,,,,16_02_industrial_waste,balance_table_esto_axis,esto_flow,esto_product,esto_pair_axis,,esto_pair,,,direct_mapping_numeric_gap,"Mapping looks direct; inspect source data values, signs, and scenario-specific series."
esto__01__Production,Lignite,ESTO,,,,,01_05_lignite|01_x_thermal_coal,balance_table_esto_axis,esto_flow,esto_product,esto_pair_axis,,esto_pair,,,aggregate_fuel_mapping,The 9th fuel is an aggregate bucket; compare against sibling fuels and the shared aggregate fuel audit.
esto__01__Production,Lignite,ESTO,,,,,01_05_lignite,dashboard_template_esto_axis,dashboard_template,dashboard_template,esto_pair_axis,Template-declared ESTO-axis row with no LEAP export row.,esto_pair,,,direct_mapping_numeric_gap,"Mapping looks direct; inspect source data values, signs, and scenario-specific series."
esto__01__Production,Lignite,ESTO,,,,,01_x_thermal_coal,dashboard_template_esto_axis,dashboard_template,dashboard_template,esto_pair_axis,Template-declared ESTO-axis row with no LEAP export row.,esto_pair,,,aggregate_fuel_mapping,The 9th fuel is an aggregate bucket; compare against sibling fuels and the shared aggregate fuel audit.
esto__01__Production,Municipal solid waste (non-renewable),ESTO,,,,,16_04_municipal_solid_waste_nonrenewable,balance_table_esto_axis,esto_flow,esto_product,esto_pair_axis,,esto_pair,,,direct_mapping_numeric_gap,"Mapping looks direct; inspect source data values, signs, and scenario-specific series."
esto__01__Production,Municipal solid waste (non-renewable),Target,,,,,16_04_municipal_solid_waste_nonrenewable,balance_table_esto_axis,esto_flow,esto_product,esto_pair_axis,,esto_pair,,,direct_mapping_numeric_gap,"Mapping looks direct; inspect source data values, signs, and scenario-specific series."
esto__01__Production,Municipal solid waste (renewable),ESTO,,,,,16_03_municipal_solid_waste_renewable,balance_table_esto_axis,esto_flow,esto_product,esto_pair_axis,,esto_pair,,,direct_mapping_numeric_gap,"Mapping looks direct; inspect source data values, signs, and scenario-specific series."
esto__01__Production,Natural gas,ESTO,,,,,08_01_natural_gas,balance_table_esto_axis,esto_flow,esto_product,esto_pair_axis,,esto_pair,,,direct_mapping_numeric_gap,"Mapping looks direct; inspect source data values, signs, and scenario-specific series."
esto__01__Production,Natural gas liquids,ESTO,,,,,06_02_natural_gas_liquids,balance_table_esto_axis,esto_flow,esto_product,esto_pair_axis,,esto_pair,,,direct_mapping_numeric_gap,"Mapping looks direct; inspect source data values, signs, and scenario-specific series."
esto__01__Production,Nuclear,ESTO,,,,,09_nuclear,balance_table_esto_axis,esto_flow,esto_product,esto_pair_axis,,esto_pair,,,direct_mapping_numeric_gap,"Mapping looks direct; inspect source data values, signs, and scenario-specific series."
esto__01__Production,Other biomass,ESTO,,,,,15_05_other_biomass,balance_table_esto_axis,esto_flow,esto_product,esto_pair_axis,,esto_pair,,,direct_mapping_numeric_gap,"Mapping looks direct; inspect source data values, signs, and scenario-specific series."
esto__01__Production,Other bituminous coal,ESTO,,,,,01_x_thermal_coal,balance_table_esto_axis,esto_flow,esto_product,esto_pair_axis,,esto_pair,,,aggregate_fuel_mapping,The 9th fuel is an aggregate bucket; compare against sibling fuels and the shared aggregate fuel audit.
esto__01__Production,Other bituminous coal,Target,,,,,01_x_thermal_coal,balance_table_esto_axis,esto_flow,esto_product,esto_pair_axis,,esto_pair,,,aggregate_fuel_mapping,The 9th fuel is an aggregate bucket; compare against sibling fuels and the shared aggregate fuel audit.
esto__01__Production,Other liquid biofuels,ESTO,,,,,16_08_other_liquid_biofuels,balance_table_esto_axis,esto_flow,esto_product,esto_pair_axis,,esto_pair,,,direct_mapping_numeric_gap,"Mapping looks direct; inspect source data values, signs, and scenario-specific series."
esto__01__Production,Other liquid biofuels,Target,,,,,16_08_other_liquid_biofuels,balance_table_esto_axis,esto_flow,esto_product,esto_pair_axis,,esto_pair,,,direct_mapping_numeric_gap,"Mapping looks direct; inspect source data values, signs, and scenario-specific series."
esto__01__Production,Other recovered gases,ESTO,,,,,16_02_industrial_waste,balance_table_esto_axis,esto_flow,esto_product,esto_pair_axis,,esto_pair,,,direct_mapping_numeric_gap,"Mapping looks direct; inspect source data values, signs, and scenario-specific series."
esto__01__Production,Other sources,ESTO,,,,,16_others_unallocated,balance_table_esto_axis,esto_flow,esto_product,esto_pair_axis,,esto_pair,,,catch_all_fuel_bucket,Catch-all fuel labels often hide reassignment problems; compare against specific fuels in the same sheet.
esto__01__Production,Other sources,Target,,,,,16_others_unallocated,balance_table_esto_axis,esto_flow,esto_product,esto_pair_axis,,esto_pair,,,catch_all_fuel_bucket,Catch-all fuel labels often hide reassignment problems; compare against specific fuels in the same sheet.
esto__01__Production,Paraffin waxes,ESTO,,,,,07_x_other_petroleum_products,balance_table_esto_axis,esto_flow,esto_product,esto_pair_axis,,esto_pair,,,aggregate_fuel_mapping,The 9th fuel is an aggregate bucket; compare against sibling fuels and the shared aggregate fuel audit.
esto__01__Production,Paraffin waxes,Target,,,,,07_x_other_petroleum_products,balance_table_esto_axis,esto_flow,esto_product,esto_pair_axis,,esto_pair,,,aggregate_fuel_mapping,The 9th fuel is an aggregate bucket; compare against sibling fuels and the shared aggregate fuel audit.
esto__01__Production,Solar nonspecified,ESTO,,,,,12_x_other_solar,dashboard_template_esto_axis,dashboard_template,dashboard_template,esto_pair_axis,Template-declared ESTO-axis row with no LEAP export row.,esto_pair,,,aggregate_fuel_mapping,The 9th fuel is an aggregate bucket; compare against sibling fuels and the shared aggregate fuel audit.
esto__01__Production,Solar nonspecified,Target,,,,,12_x_other_solar,dashboard_template_esto_axis,dashboard_template,dashboard_template,esto_pair_axis,Template-declared ESTO-axis row with no LEAP export row.,esto_pair,,,aggregate_fuel_mapping,The 9th fuel is an aggregate bucket; compare against sibling fuels and the shared aggregate fuel audit.
esto__01__Production,Sub-bituminous coal,ESTO,,,,,01_x_thermal_coal,balance_table_esto_axis,esto_flow,esto_product,esto_pair_axis,,esto_pair,,,aggregate_fuel_mapping,The 9th fuel is an aggregate bucket; compare against sibling fuels and the shared aggregate fuel audit.
esto__01__Production,Sub-bituminous coal,Target,,,,,01_x_thermal_coal,balance_table_esto_axis,esto_flow,esto_product,esto_pair_axis,,esto_pair,,,aggregate_fuel_mapping,The 9th fuel is an aggregate bucket; compare against sibling fuels and the shared aggregate fuel audit.
esto__01__Production,White spirit SBP,ESTO,,,,,07_03_naphtha,balance_table_esto_axis,esto_flow,esto_product,esto_pair_axis,,esto_pair,,,direct_mapping_numeric_gap,"Mapping looks direct; inspect source data values, signs, and scenario-specific series."
esto__01__Production,White spirit SBP,Target,,,,,07_03_naphtha,balance_table_esto_axis,esto_flow,esto_product,esto_pair_axis,,esto_pair,,,direct_mapping_numeric_gap,"Mapping looks direct; inspect source data values, signs, and scenario-specific series."
esto__01__Production,Wind,ESTO,,,,,14_wind,balance_table_esto_axis,esto_flow,esto_product,esto_pair_axis,,esto_pair,,,direct_mapping_numeric_gap,"Mapping looks direct; inspect source data values, signs, and scenario-specific series."
esto__01__Production,of which: Photovoltaics,ESTO,,,,,12_01_of_which_photovoltaics,balance_table_esto_axis,esto_flow,esto_product,esto_pair_axis,,esto_pair,,,direct_mapping_numeric_gap,"Mapping looks direct; inspect source data values, signs, and scenario-specific series."
esto__02__Imports,Additives/ oxygenates,ESTO,,,,,07_x_other_petroleum_products,balance_table_esto_axis,esto_flow,esto_product,esto_pair_axis,,esto_pair,,,aggregate_fuel_mapping,The 9th fuel is an aggregate bucket; compare against sibling fuels and the shared aggregate fuel audit.
esto__02__Imports,Ammonia,ESTO,,,,,16_x_ammonia,balance_table_esto_axis,esto_flow,esto_product,esto_pair_axis,,esto_pair,,,aggregate_fuel_mapping,The 9th fuel is an aggregate bucket; compare against sibling fuels and the shared aggregate fuel audit.
esto__02__Imports,Anthracite,ESTO,,,,,01_x_thermal_coal,dashboard_template_esto_axis,dashboard_template,dashboard_template,esto_pair_axis,Template-declared ESTO-axis row with no LEAP export row.,esto_pair,,,aggregate_fuel_mapping,The 9th fuel is an aggregate bucket; compare against sibling fuels and the shared aggregate fuel audit.
esto__02__Imports,Aviation gasoline,ESTO,,,,,07_02_aviation_gasoline,balance_table_esto_axis,esto_flow,esto_product,esto_pair_axis,,esto_pair,,,direct_mapping_numeric_gap,"Mapping looks direct; inspect source data values, signs, and scenario-specific series."
esto__02__Imports,Aviation gasoline,Target,,,,,07_02_aviation_gasoline,balance_table_esto_axis,esto_flow,esto_product,esto_pair_axis,,esto_pair,,,direct_mapping_numeric_gap,"Mapping looks direct; inspect source data values, signs, and scenario-specific series."
esto__02__Imports,BKB/PB,ESTO,,,,,02_coal_products,balance_table_esto_axis,esto_flow,esto_product,esto_pair_axis,,esto_pair,,,direct_mapping_numeric_gap,"Mapping looks direct; inspect source data values, signs, and scenario-specific series."
esto__02__Imports,Bagasse,ESTO,,,,,15_02_bagasse,balance_table_esto_axis,esto_flow,esto_product,esto_pair_axis,,esto_pair,,,direct_mapping_numeric_gap,"Mapping looks direct; inspect source data values, signs, and scenario-specific series."
esto__02__Imports,Bagasse,Target,,,,,15_02_bagasse,balance_table_esto_axis,esto_flow,esto_product,esto_pair_axis,,esto_pair,,,direct_mapping_numeric_gap,"Mapping looks direct; inspect source data values, signs, and scenario-specific series."
esto__02__Imports,Bio jet kerosene,ESTO,,,,,16_07_bio_jet_kerosene,balance_table_esto_axis,esto_flow,esto_product,esto_pair_axis,,esto_pair,,,direct_mapping_numeric_gap,"Mapping looks direct; inspect source data values, signs, and scenario-specific series."
esto__02__Imports,Biodiesel,ESTO,,,,,16_06_biodiesel,balance_table_esto_axis,esto_flow,esto_product,esto_pair_axis,,esto_pair,,,direct_mapping_numeric_gap,"Mapping looks direct; inspect source data values, signs, and scenario-specific series."
esto__02__Imports,Biodiesel,Target,,,,,16_06_biodiesel,balance_table_esto_axis,esto_flow,esto_product,esto_pair_axis,,esto_pair,,,direct_mapping_numeric_gap,"Mapping looks direct; inspect source data values, signs, and scenario-specific series."
esto__02__Imports,Biogas,ESTO,,,,,16_01_biogas,balance_table_esto_axis,esto_flow,esto_product,esto_pair_axis,,esto_pair,,,direct_mapping_numeric_gap,"Mapping looks direct; inspect source data values, signs, and scenario-specific series."
esto__02__Imports,Biogas,Target,,,,,16_01_biogas,balance_table_esto_axis,esto_flow,esto_product,esto_pair_axis,,esto_pair,,,direct_mapping_numeric_gap,"Mapping looks direct; inspect source data values, signs, and scenario-specific series."
esto__02__Imports,Biogasoline,ESTO,,,,,16_05_biogasoline,balance_table_esto_axis,esto_flow,esto_product,esto_pair_axis,,esto_pair,,,direct_mapping_numeric_gap,"Mapping looks direct; inspect source data values, signs, and scenario-specific series."
esto__02__Imports,Biogasoline,Target,,,,,16_05_biogasoline,balance_table_esto_axis,esto_flow,esto_product,esto_pair_axis,,esto_pair,,,direct_mapping_numeric_gap,"Mapping looks direct; inspect source data values, signs, and scenario-specific series."
esto__02__Imports,Bitumen,ESTO,,,,,07_x_other_petroleum_products,balance_table_esto_axis,esto_flow,esto_product,esto_pair_axis,,esto_pair,,,aggregate_fuel_mapping,The 9th fuel is an aggregate bucket; compare against sibling fuels and the shared aggregate fuel audit.
esto__02__Imports,Bitumen,Target,,,,,07_x_other_petroleum_products,balance_table_esto_axis,esto_flow,esto_product,esto_pair_axis,,esto_pair,,,aggregate_fuel_mapping,The 9th fuel is an aggregate bucket; compare against sibling fuels and the shared aggregate fuel audit.
esto__02__Imports,Charcoal,ESTO,,,,,15_03_charcoal,balance_table_esto_axis,esto_flow,esto_product,esto_pair_axis,,esto_pair,,,direct_mapping_numeric_gap,"Mapping looks direct; inspect source data values, signs, and scenario-specific series."
esto__02__Imports,Coal tar,ESTO,,,,,02_coal_products,balance_table_esto_axis,esto_flow,esto_product,esto_pair_axis,,esto_pair,,,direct_mapping_numeric_gap,"Mapping looks direct; inspect source data values, signs, and scenario-specific series."
esto__02__Imports,Coal tar,Target,,,,,02_coal_products,balance_table_esto_axis,esto_flow,esto_product,esto_pair_axis,,esto_pair,,,direct_mapping_numeric_gap,"Mapping looks direct; inspect source data values, signs, and scenario-specific series."
esto__02__Imports,Coke oven coke,ESTO,,,,,02_coal_products,balance_table_esto_axis,esto_flow,esto_product,esto_pair_axis,,esto_pair,,,direct_mapping_numeric_gap,"Mapping looks direct; inspect source data values, signs, and scenario-specific series."
esto__02__Imports,Coke oven coke,Target,,,,,02_coal_products,balance_table_esto_axis,esto_flow,esto_product,esto_pair_axis,,esto_pair,,,direct_mapping_numeric_gap,"Mapping looks direct; inspect source data values, signs, and scenario-specific series."
esto__02__Imports,Coke oven gas,ESTO,,,,,16_02_industrial_waste,balance_table_esto_axis,esto_flow,esto_product,esto_pair_axis,,esto_pair,,,direct_mapping_numeric_gap,"Mapping looks direct; inspect source data values, signs, and scenario-specific series."
esto__02__Imports,Coking coal,ESTO,,,,,01_01_coking_coal,balance_table_esto_axis,esto_flow,esto_product,esto_pair_axis,,esto_pair,,,direct_mapping_numeric_gap,"Mapping looks direct; inspect source data values, signs, and scenario-specific series."
esto__02__Imports,Coking coal,Target,,,,,01_01_coking_coal,balance_table_esto_axis,esto_flow,esto_product,esto_pair_axis,,esto_pair,,,direct_mapping_numeric_gap,"Mapping looks direct; inspect source data values, signs, and scenario-specific series."
esto__02__Imports,Crude oil,ESTO,,,,,06_01_crude_oil,balance_table_esto_axis,esto_flow,esto_product,esto_pair_axis,,esto_pair,,,direct_mapping_numeric_gap,"Mapping looks direct; inspect source data values, signs, and scenario-specific series."
esto__02__Imports,Electricity,ESTO,,,,,17_x_green_electricity,balance_table_esto_axis,esto_flow,esto_product,esto_pair_axis,,esto_pair,,,aggregate_fuel_mapping,The 9th fuel is an aggregate bucket; compare against sibling fuels and the shared aggregate fuel audit.
esto__02__Imports,Electricity,Target,,,,,17_x_green_electricity,balance_table_esto_axis,esto_flow,esto_product,esto_pair_axis,,esto_pair,,,aggregate_fuel_mapping,The 9th fuel is an aggregate bucket; compare against sibling fuels and the shared aggregate fuel audit.
esto__02__Imports,Ethane,ESTO,,,,,07_11_ethane,balance_table_esto_axis,esto_flow,esto_product,esto_pair_axis,,esto_pair,,,direct_mapping_numeric_gap,"Mapping looks direct; inspect source data values, signs, and scenario-specific series."
esto__02__Imports,Ethane,Target,,,,,07_11_ethane,balance_table_esto_axis,esto_flow,esto_product,esto_pair_axis,,esto_pair,,,direct_mapping_numeric_gap,"Mapping looks direct; inspect source data values, signs, and scenario-specific series."
esto__02__Imports,Fuel oil,ESTO,,,,,07_08_fuel_oil,balance_table_esto_axis,esto_flow,esto_product,esto_pair_axis,,esto_pair,,,direct_mapping_numeric_gap,"Mapping looks direct; inspect source data values, signs, and scenario-specific series."
esto__02__Imports,Fuelwood & woodwaste,ESTO,,,,,15_01_fuelwood_and_woodwaste,balance_table_esto_axis,esto_flow,esto_product,esto_pair_axis,,esto_pair,,,direct_mapping_numeric_gap,"Mapping looks direct; inspect source data values, signs, and scenario-specific series."
esto__02__Imports,Fuelwood & woodwaste,Target,,,,,15_01_fuelwood_and_woodwaste,balance_table_esto_axis,esto_flow,esto_product,esto_pair_axis,,esto_pair,,,direct_mapping_numeric_gap,"Mapping looks direct; inspect source data values, signs, and scenario-specific series."
esto__02__Imports,Gas coke,ESTO,,,,,02_coal_products,balance_table_esto_axis,esto_flow,esto_product,esto_pair_axis,,esto_pair,,,direct_mapping_numeric_gap,"Mapping looks direct; inspect source data values, signs, and scenario-specific series."
esto__02__Imports,Gas coke,Target,,,,,02_coal_products,balance_table_esto_axis,esto_flow,esto_product,esto_pair_axis,,esto_pair,,,direct_mapping_numeric_gap,"Mapping looks direct; inspect source data values, signs, and scenario-specific series."
esto__02__Imports,Gas works gas,ESTO,,,,,08_03_gas_works_gas,balance_table_esto_axis,esto_flow,esto_product,esto_pair_axis,,esto_pair,,,direct_mapping_numeric_gap,"Mapping looks direct; inspect source data values, signs, and scenario-specific series."
esto__02__Imports,Gas works gas,Target,,,,,08_03_gas_works_gas,balance_table_esto_axis,esto_flow,esto_product,esto_pair_axis,,esto_pair,,,direct_mapping_numeric_gap,"Mapping looks direct; inspect source data values, signs, and scenario-specific series."
esto__02__Imports,Gas/diesel oil,ESTO,,,,,07_07_gas_diesel_oil,balance_table_esto_axis,esto_flow,esto_product,esto_pair_axis,,esto_pair,,,direct_mapping_numeric_gap,"Mapping looks direct; inspect source data values, signs, and scenario-specific series."
esto__02__Imports,Gas/diesel oil,Target,,,,,07_07_gas_diesel_oil,balance_table_esto_axis,esto_flow,esto_product,esto_pair_axis,,esto_pair,,,direct_mapping_numeric_gap,"Mapping looks direct; inspect source data values, signs, and scenario-specific series."
esto__02__Imports,Gasoline type jet fuel,ESTO,,,,,07_x_jet_fuel,balance_table_esto_axis,esto_flow,esto_product,esto_pair_axis,,esto_pair,,,aggregate_fuel_mapping,The 9th fuel is an aggregate bucket; compare against sibling fuels and the shared aggregate fuel audit.
esto__02__Imports,Geothermal,ESTO,,,,,11_geothermal,balance_table_esto_axis,esto_flow,esto_product,esto_pair_axis,,esto_pair,,,direct_mapping_numeric_gap,"Mapping looks direct; inspect source data values, signs, and scenario-specific series."
esto__02__Imports,Geothermal,Target,,,,,11_geothermal,balance_table_esto_axis,esto_flow,esto_product,esto_pair_axis,,esto_pair,,,direct_mapping_numeric_gap,"Mapping looks direct; inspect source data values, signs, and scenario-specific series."
esto__02__Imports,Heat,ESTO,,,,,18_heat,balance_table_esto_axis,esto_flow,esto_product,esto_pair_axis,,esto_pair,,,direct_mapping_numeric_gap,"Mapping looks direct; inspect source data values, signs, and scenario-specific series."
esto__02__Imports,Heat,Target,,,,,18_heat,balance_table_esto_axis,esto_flow,esto_product,esto_pair_axis,,esto_pair,,,direct_mapping_numeric_gap,"Mapping looks direct; inspect source data values, signs, and scenario-specific series."
esto__02__Imports,Hydro,ESTO,,,,,10_hydro,balance_table_esto_axis,esto_flow,esto_product,esto_pair_axis,,esto_pair,,,direct_mapping_numeric_gap,"Mapping looks direct; inspect source data values, signs, and scenario-specific series."
esto__02__Imports,Hydro,Target,,,,,10_hydro,balance_table_esto_axis,esto_flow,esto_product,esto_pair_axis,,esto_pair,,,direct_mapping_numeric_gap,"Mapping looks direct; inspect source data values, signs, and scenario-specific series."
esto__02__Imports,Hydrogen,ESTO,,,,,16_x_hydrogen,balance_table_esto_axis,esto_flow,esto_product,esto_pair_axis,,esto_pair,,,aggregate_fuel_mapping,The 9th fuel is an aggregate bucket; compare against sibling fuels and the shared aggregate fuel audit.
esto__02__Imports,Industrial waste,ESTO,,,,,16_02_industrial_waste,balance_table_esto_axis,esto_flow,esto_product,esto_pair_axis,,esto_pair,,,direct_mapping_numeric_gap,"Mapping looks direct; inspect source data values, signs, and scenario-specific series."
esto__02__Imports,Industrial waste,Target,,,,,16_02_industrial_waste,balance_table_esto_axis,esto_flow,esto_product,esto_pair_axis,,esto_pair,,,direct_mapping_numeric_gap,"Mapping looks direct; inspect source data values, signs, and scenario-specific series."
esto__02__Imports,Kerosene,ESTO,,,,,07_06_kerosene,balance_table_esto_axis,esto_flow,esto_product,esto_pair_axis,,esto_pair,,,direct_mapping_numeric_gap,"Mapping looks direct; inspect source data values, signs, and scenario-specific series."
esto__02__Imports,Kerosene type jet fuel,ESTO,,,,,07_x_jet_fuel,balance_table_esto_axis,esto_flow,esto_product,esto_pair_axis,,esto_pair,,,aggregate_fuel_mapping,The 9th fuel is an aggregate bucket; compare against sibling fuels and the shared aggregate fuel audit.
esto__02__Imports,Kerosene type jet fuel,Target,,,,,07_x_jet_fuel,balance_table_esto_axis,esto_flow,esto_product,esto_pair_axis,,esto_pair,,,aggregate_fuel_mapping,The 9th fuel is an aggregate bucket; compare against sibling fuels and the shared aggregate fuel audit.
esto__02__Imports,LNG,ESTO,,,,,08_02_lng,dashboard_template_esto_axis,dashboard_template,dashboard_template,esto_pair_axis,Template-declared ESTO-axis row with no LEAP export row.,esto_pair,,,direct_mapping_numeric_gap,"Mapping looks direct; inspect source data values, signs, and scenario-specific series."
esto__02__Imports,LNG,Target,,,,,08_02_lng,dashboard_template_esto_axis,dashboard_template,dashboard_template,esto_pair_axis,Template-declared ESTO-axis row with no LEAP export row.,esto_pair,,,direct_mapping_numeric_gap,"Mapping looks direct; inspect source data values, signs, and scenario-specific series."
esto__02__Imports,LPG,ESTO,,,,,07_09_lpg,balance_table_esto_axis,esto_flow,esto_product,esto_pair_axis,,esto_pair,,,direct_mapping_numeric_gap,"Mapping looks direct; inspect source data values, signs, and scenario-specific series."
esto__02__Imports,Lignite,ESTO,,,,,01_05_lignite,balance_table_esto_axis,esto_flow,esto_product,esto_pair_axis,,esto_pair,,,direct_mapping_numeric_gap,"Mapping looks direct; inspect source data values, signs, and scenario-specific series."
esto__02__Imports,Lignite,Target,,,,,01_05_lignite,balance_table_esto_axis,esto_flow,esto_product,esto_pair_axis,,esto_pair,,,direct_mapping_numeric_gap,"Mapping looks direct; inspect source data values, signs, and scenario-specific series."
esto__02__Imports,Lubricants,ESTO,,,,,07_x_other_petroleum_products,balance_table_esto_axis,esto_flow,esto_product,esto_pair_axis,,esto_pair,,,aggregate_fuel_mapping,The 9th fuel is an aggregate bucket; compare against sibling fuels and the shared aggregate fuel audit.
esto__02__Imports,Lubricants,Target,,,,,07_x_other_petroleum_products,balance_table_esto_axis,esto_flow,esto_product,esto_pair_axis,,esto_pair,,,aggregate_fuel_mapping,The 9th fuel is an aggregate bucket; compare against sibling fuels and the shared aggregate fuel audit.
esto__02__Imports,Motor gasoline,ESTO,,,,,07_01_motor_gasoline,balance_table_esto_axis,esto_flow,esto_product,esto_pair_axis,,esto_pair,,,direct_mapping_numeric_gap,"Mapping looks direct; inspect source data values, signs, and scenario-specific series."
esto__02__Imports,Municipal solid waste (non-renewable),ESTO,,,,,16_04_municipal_solid_waste_nonrenewable,balance_table_esto_axis,esto_flow,esto_product,esto_pair_axis,,esto_pair,,,direct_mapping_numeric_gap,"Mapping looks direct; inspect source data values, signs, and scenario-specific series."
esto__02__Imports,Municipal solid waste (renewable),ESTO,,,,,16_03_municipal_solid_waste_renewable,balance_table_esto_axis,esto_flow,esto_product,esto_pair_axis,,esto_pair,,,direct_mapping_numeric_gap,"Mapping looks direct; inspect source data values, signs, and scenario-specific series."
esto__02__Imports,Naphtha,ESTO,,,,,07_03_naphtha,balance_table_esto_axis,esto_flow,esto_product,esto_pair_axis,,esto_pair,,,direct_mapping_numeric_gap,"Mapping looks direct; inspect source data values, signs, and scenario-specific series."
esto__02__Imports,Natural gas,ESTO,,,,,08_01_natural_gas,balance_table_esto_axis,esto_flow,esto_product,esto_pair_axis,,esto_pair,,,direct_mapping_numeric_gap,"Mapping looks direct; inspect source data values, signs, and scenario-specific series."
esto__02__Imports,Natural gas,Target,,,,,08_01_natural_gas,balance_table_esto_axis,esto_flow,esto_product,esto_pair_axis,,esto_pair,,,direct_mapping_numeric_gap,"Mapping looks direct; inspect source data values, signs, and scenario-specific series."
esto__02__Imports,Natural gas liquids,ESTO,,,,,06_02_natural_gas_liquids,balance_table_esto_axis,esto_flow,esto_product,esto_pair_axis,,esto_pair,,,direct_mapping_numeric_gap,"Mapping looks direct; inspect source data values, signs, and scenario-specific series."
esto__02__Imports,Natural gas liquids,Target,,,,,06_02_natural_gas_liquids,balance_table_esto_axis,esto_flow,esto_product,esto_pair_axis,,esto_pair,,,direct_mapping_numeric_gap,"Mapping looks direct; inspect source data values, signs, and scenario-specific series."
esto__02__Imports,Nuclear,ESTO,,,,,09_nuclear,balance_table_esto_axis,esto_flow,esto_product,esto_pair_axis,,esto_pair,,,direct_mapping_numeric_gap,"Mapping looks direct; inspect source data values, signs, and scenario-specific series."
esto__02__Imports,Other biomass,ESTO,,,,,15_05_other_biomass,balance_table_esto_axis,esto_flow,esto_product,esto_pair_axis,,esto_pair,,,direct_mapping_numeric_gap,"Mapping looks direct; inspect source data values, signs, and scenario-specific series."
esto__02__Imports,Other biomass,Target,,,,,15_05_other_biomass,balance_table_esto_axis,esto_flow,esto_product,esto_pair_axis,,esto_pair,,,direct_mapping_numeric_gap,"Mapping looks direct; inspect source data values, signs, and scenario-specific series."
esto__02__Imports,Other bituminous coal,ESTO,,,,,01_x_thermal_coal,balance_table_esto_axis,esto_flow,esto_product,esto_pair_axis,,esto_pair,,,aggregate_fuel_mapping,The 9th fuel is an aggregate bucket; compare against sibling fuels and the shared aggregate fuel audit.
esto__02__Imports,Other bituminous coal,Target,,,,,01_x_thermal_coal,balance_table_esto_axis,esto_flow,esto_product,esto_pair_axis,,esto_pair,,,aggregate_fuel_mapping,The 9th fuel is an aggregate bucket; compare against sibling fuels and the shared aggregate fuel audit.
esto__02__Imports,Other hydrocarbons,ESTO,,,,,06_x_other_hydrocarbons,balance_table_esto_axis,esto_flow,esto_product,esto_pair_axis,,esto_pair,,,aggregate_fuel_mapping,The 9th fuel is an aggregate bucket; compare against sibling fuels and the shared aggregate fuel audit.
esto__02__Imports,Other liquid biofuels,ESTO,,,,,16_08_other_liquid_biofuels,balance_table_esto_axis,esto_flow,esto_product,esto_pair_axis,,esto_pair,,,direct_mapping_numeric_gap,"Mapping looks direct; inspect source data values, signs, and scenario-specific series."
esto__02__Imports,Other products,ESTO,,,,,07_x_other_petroleum_products,balance_table_esto_axis,esto_flow,esto_product,esto_pair_axis,,esto_pair,,,aggregate_fuel_mapping,The 9th fuel is an aggregate bucket; compare against sibling fuels and the shared aggregate fuel audit.
esto__02__Imports,Other products,Target,,,,,07_x_other_petroleum_products,balance_table_esto_axis,esto_flow,esto_product,esto_pair_axis,,esto_pair,,,aggregate_fuel_mapping,The 9th fuel is an aggregate bucket; compare against sibling fuels and the shared aggregate fuel audit.
esto__02__Imports,Other recovered gases,ESTO,,,,,16_02_industrial_waste,balance_table_esto_axis,esto_flow,esto_product,esto_pair_axis,,esto_pair,,,direct_mapping_numeric_gap,"Mapping looks direct; inspect source data values, signs, and scenario-specific series."
esto__02__Imports,Other recovered gases,Target,,,,,16_02_industrial_waste,balance_table_esto_axis,esto_flow,esto_product,esto_pair_axis,,esto_pair,,,direct_mapping_numeric_gap,"Mapping looks direct; inspect source data values, signs, and scenario-specific series."
esto__02__Imports,Other sources,ESTO,,,,,16_others_unallocated,balance_table_esto_axis,esto_flow,esto_product,esto_pair_axis,,esto_pair,,,catch_all_fuel_bucket,Catch-all fuel labels often hide reassignment problems; compare against specific fuels in the same sheet.
esto__02__Imports,Paraffin  waxes,ESTO,,,,,,dashboard_template_esto_axis,dashboard_template,dashboard_template,esto_pair_axis,Template-declared ESTO-axis row with no LEAP export row.,esto_pair,,,direct_mapping_numeric_gap,"Mapping looks direct; inspect source data values, signs, and scenario-specific series."
esto__02__Imports,Paraffin waxes,ESTO,,,,,07_x_other_petroleum_products,balance_table_esto_axis,esto_flow,esto_product,esto_pair_axis,,esto_pair,,,aggregate_fuel_mapping,The 9th fuel is an aggregate bucket; compare against sibling fuels and the shared aggregate fuel audit.
esto__02__Imports,Paraffin waxes,Target,,,,,07_x_other_petroleum_products,balance_table_esto_axis,esto_flow,esto_product,esto_pair_axis,,esto_pair,,,aggregate_fuel_mapping,The 9th fuel is an aggregate bucket; compare against sibling fuels and the shared aggregate fuel audit.
esto__02__Imports,Patent fuel,ESTO,,,,,02_coal_products,balance_table_esto_axis,esto_flow,esto_product,esto_pair_axis,,esto_pair,,,direct_mapping_numeric_gap,"Mapping looks direct; inspect source data values, signs, and scenario-specific series."
esto__02__Imports,Patent fuel,Target,,,,,02_coal_products,balance_table_esto_axis,esto_flow,esto_product,esto_pair_axis,,esto_pair,,,direct_mapping_numeric_gap,"Mapping looks direct; inspect source data values, signs, and scenario-specific series."
esto__02__Imports,Petroleum coke,ESTO,,,,,02_coal_products,balance_table_esto_axis,esto_flow,esto_product,esto_pair_axis,,esto_pair,,,direct_mapping_numeric_gap,"Mapping looks direct; inspect source data values, signs, and scenario-specific series."
esto__02__Imports,Petroleum coke,Target,,,,,02_coal_products,balance_table_esto_axis,esto_flow,esto_product,esto_pair_axis,,esto_pair,,,direct_mapping_numeric_gap,"Mapping looks direct; inspect source data values, signs, and scenario-specific series."
esto__02__Imports,Refinery feedstocks,ESTO,,,,,06_x_other_hydrocarbons,balance_table_esto_axis,esto_flow,esto_product,esto_pair_axis,,esto_pair,,,aggregate_fuel_mapping,The 9th fuel is an aggregate bucket; compare against sibling fuels and the shared aggregate fuel audit.
esto__02__Imports,Refinery feedstocks,Target,,,,,06_x_other_hydrocarbons,balance_table_esto_axis,esto_flow,esto_product,esto_pair_axis,,esto_pair,,,aggregate_fuel_mapping,The 9th fuel is an aggregate bucket; compare against sibling fuels and the shared aggregate fuel audit.
esto__02__Imports,Refinery gas (not liquefied),ESTO,,,,,07_10_refinery_gas_not_liquefied,balance_table_esto_axis,esto_flow,esto_product,esto_pair_axis,,esto_pair,,,direct_mapping_numeric_gap,"Mapping looks direct; inspect source data values, signs, and scenario-specific series."
esto__02__Imports,Solar nonspecified,ESTO,,,,,12_x_other_solar,balance_table_esto_axis,esto_flow,esto_product,esto_pair_axis,,esto_pair,,,aggregate_fuel_mapping,The 9th fuel is an aggregate bucket; compare against sibling fuels and the shared aggregate fuel audit.
esto__02__Imports,Solar nonspecified,Target,,,,,12_x_other_solar,balance_table_esto_axis,esto_flow,esto_product,esto_pair_axis,,esto_pair,,,aggregate_fuel_mapping,The 9th fuel is an aggregate bucket; compare against sibling fuels and the shared aggregate fuel audit.
esto__02__Imports,Sub-bituminous coal,ESTO,,,,,01_x_thermal_coal,dashboard_template_esto_axis,dashboard_template,dashboard_template,esto_pair_axis,Template-declared ESTO-axis row with no LEAP export row.,esto_pair,,,aggregate_fuel_mapping,The 9th fuel is an aggregate bucket; compare against sibling fuels and the shared aggregate fuel audit.
esto__02__Imports,White spirit SBP,ESTO,,,,,07_03_naphtha,balance_table_esto_axis,esto_flow,esto_product,esto_pair_axis,,esto_pair,,,direct_mapping_numeric_gap,"Mapping looks direct; inspect source data values, signs, and scenario-specific series."
esto__02__Imports,Wind,ESTO,,,,,14_wind,balance_table_esto_axis,esto_flow,esto_product,esto_pair_axis,,esto_pair,,,direct_mapping_numeric_gap,"Mapping looks direct; inspect source data values, signs, and scenario-specific series."
esto__02__Imports,of which: Photovoltaics,ESTO,,,,,12_01_of_which_photovoltaics,balance_table_esto_axis,esto_flow,esto_product,esto_pair_axis,,esto_pair,,,direct_mapping_numeric_gap,"Mapping looks direct; inspect source data values, signs, and scenario-specific series."
esto__02__Imports,of which: Photovoltaics,Target,,,,,12_01_of_which_photovoltaics,balance_table_esto_axis,esto_flow,esto_product,esto_pair_axis,,esto_pair,,,direct_mapping_numeric_gap,"Mapping looks direct; inspect source data values, signs, and scenario-specific series."
esto__03__Exports,Additives/ oxygenates,ESTO,,,,,07_x_other_petroleum_products,balance_table_esto_axis,esto_flow,esto_product,esto_pair_axis,,esto_pair,,,aggregate_fuel_mapping,The 9th fuel is an aggregate bucket; compare against sibling fuels and the shared aggregate fuel audit.
esto__03__Exports,Additives/ oxygenates,Target,,,,,07_x_other_petroleum_products,balance_table_esto_axis,esto_flow,esto_product,esto_pair_axis,,esto_pair,,,aggregate_fuel_mapping,The 9th fuel is an aggregate bucket; compare against sibling fuels and the shared aggregate fuel audit.
esto__03__Exports,Anthracite,ESTO,,,,,01_x_thermal_coal,dashboard_template_esto_axis,dashboard_template,dashboard_template,esto_pair_axis,Template-declared ESTO-axis row with no LEAP export row.,esto_pair,,,aggregate_fuel_mapping,The 9th fuel is an aggregate bucket; compare against sibling fuels and the shared aggregate fuel audit.
esto__03__Exports,Anthracite,Target,,,,,01_x_thermal_coal,dashboard_template_esto_axis,dashboard_template,dashboard_template,esto_pair_axis,Template-declared ESTO-axis row with no LEAP export row.,esto_pair,,,aggregate_fuel_mapping,The 9th fuel is an aggregate bucket; compare against sibling fuels and the shared aggregate fuel audit.
esto__03__Exports,Aviation gasoline,ESTO,,,,,07_02_aviation_gasoline,balance_table_esto_axis,esto_flow,esto_product,esto_pair_axis,,esto_pair,,,direct_mapping_numeric_gap,"Mapping looks direct; inspect source data values, signs, and scenario-specific series."
esto__03__Exports,Aviation gasoline,Target,,,,,07_02_aviation_gasoline,balance_table_esto_axis,esto_flow,esto_product,esto_pair_axis,,esto_pair,,,direct_mapping_numeric_gap,"Mapping looks direct; inspect source data values, signs, and scenario-specific series."
esto__03__Exports,BKB/PB,ESTO,,,,,02_coal_products,balance_table_esto_axis,esto_flow,esto_product,esto_pair_axis,,esto_pair,,,direct_mapping_numeric_gap,"Mapping looks direct; inspect source data values, signs, and scenario-specific series."
esto__03__Exports,BKB/PB,Target,,,,,02_coal_products,balance_table_esto_axis,esto_flow,esto_product,esto_pair_axis,,esto_pair,,,direct_mapping_numeric_gap,"Mapping looks direct; inspect source data values, signs, and scenario-specific series."
esto__03__Exports,Bio jet kerosene,ESTO,,,,,16_07_bio_jet_kerosene,balance_table_esto_axis,esto_flow,esto_product,esto_pair_axis,,esto_pair,,,direct_mapping_numeric_gap,"Mapping looks direct; inspect source data values, signs, and scenario-specific series."
esto__03__Exports,Bio jet kerosene,Target,,,,,16_07_bio_jet_kerosene,balance_table_esto_axis,esto_flow,esto_product,esto_pair_axis,,esto_pair,,,direct_mapping_numeric_gap,"Mapping looks direct; inspect source data values, signs, and scenario-specific series."
esto__03__Exports,Biodiesel,ESTO,,,,,16_06_biodiesel,balance_table_esto_axis,esto_flow,esto_product,esto_pair_axis,,esto_pair,,,direct_mapping_numeric_gap,"Mapping looks direct; inspect source data values, signs, and scenario-specific series."
esto__03__Exports,Biogas,ESTO,,,,,16_01_biogas,balance_table_esto_axis,esto_flow,esto_product,esto_pair_axis,,esto_pair,,,direct_mapping_numeric_gap,"Mapping looks direct; inspect source data values, signs, and scenario-specific series."
esto__03__Exports,Biogas,Target,,,,,16_01_biogas,balance_table_esto_axis,esto_flow,esto_product,esto_pair_axis,,esto_pair,,,direct_mapping_numeric_gap,"Mapping looks direct; inspect source data values, signs, and scenario-specific series."
esto__03__Exports,Biogasoline,ESTO,,,,,16_05_biogasoline,balance_table_esto_axis,esto_flow,esto_product,esto_pair_axis,,esto_pair,,,direct_mapping_numeric_gap,"Mapping looks direct; inspect source data values, signs, and scenario-specific series."
esto__03__Exports,Bitumen,ESTO,,,,,07_x_other_petroleum_products,balance_table_esto_axis,esto_flow,esto_product,esto_pair_axis,,esto_pair,,,aggregate_fuel_mapping,The 9th fuel is an aggregate bucket; compare against sibling fuels and the shared aggregate fuel audit.
esto__03__Exports,Blast furnace gas,ESTO,,,,,16_02_industrial_waste,balance_table_esto_axis,esto_flow,esto_product,esto_pair_axis,,esto_pair,,,direct_mapping_numeric_gap,"Mapping looks direct; inspect source data values, signs, and scenario-specific series."
esto__03__Exports,Blast furnace gas,Target,,,,,16_02_industrial_waste,balance_table_esto_axis,esto_flow,esto_product,esto_pair_axis,,esto_pair,,,direct_mapping_numeric_gap,"Mapping looks direct; inspect source data values, signs, and scenario-specific series."
esto__03__Exports,Charcoal,ESTO,,,,,15_03_charcoal,balance_table_esto_axis,esto_flow,esto_product,esto_pair_axis,,esto_pair,,,direct_mapping_numeric_gap,"Mapping looks direct; inspect source data values, signs, and scenario-specific series."
esto__03__Exports,Charcoal,Target,,,,,15_03_charcoal,balance_table_esto_axis,esto_flow,esto_product,esto_pair_axis,,esto_pair,,,direct_mapping_numeric_gap,"Mapping looks direct; inspect source data values, signs, and scenario-specific series."
esto__03__Exports,Coke oven coke,ESTO,,,,,02_coal_products,balance_table_esto_axis,esto_flow,esto_product,esto_pair_axis,,esto_pair,,,direct_mapping_numeric_gap,"Mapping looks direct; inspect source data values, signs, and scenario-specific series."
esto__03__Exports,Coke oven gas,ESTO,,,,,16_02_industrial_waste,balance_table_esto_axis,esto_flow,esto_product,esto_pair_axis,,esto_pair,,,direct_mapping_numeric_gap,"Mapping looks direct; inspect source data values, signs, and scenario-specific series."
esto__03__Exports,Coking coal,ESTO,,,,,01_01_coking_coal,balance_table_esto_axis,esto_flow,esto_product,esto_pair_axis,,esto_pair,,,direct_mapping_numeric_gap,"Mapping looks direct; inspect source data values, signs, and scenario-specific series."
esto__03__Exports,Crude oil,ESTO,,,,,06_01_crude_oil,balance_table_esto_axis,esto_flow,esto_product,esto_pair_axis,,esto_pair,,,direct_mapping_numeric_gap,"Mapping looks direct; inspect source data values, signs, and scenario-specific series."
esto__03__Exports,Electricity,ESTO,,,,,17_electricity,balance_table_esto_axis,esto_flow,esto_product,esto_pair_axis,,esto_pair,,,direct_mapping_numeric_gap,"Mapping looks direct; inspect source data values, signs, and scenario-specific series."
esto__03__Exports,Electricity,Target,,,,,17_electricity,balance_table_esto_axis,esto_flow,esto_product,esto_pair_axis,,esto_pair,,,direct_mapping_numeric_gap,"Mapping looks direct; inspect source data values, signs, and scenario-specific series."
esto__03__Exports,Ethane,ESTO,,,,,07_11_ethane,balance_table_esto_axis,esto_flow,esto_product,esto_pair_axis,,esto_pair,,,direct_mapping_numeric_gap,"Mapping looks direct; inspect source data values, signs, and scenario-specific series."
esto__03__Exports,Ethane,Target,,,,,07_11_ethane,balance_table_esto_axis,esto_flow,esto_product,esto_pair_axis,,esto_pair,,,direct_mapping_numeric_gap,"Mapping looks direct; inspect source data values, signs, and scenario-specific series."
esto__03__Exports,Fuel oil,ESTO,,,,,07_08_fuel_oil,balance_table_esto_axis,esto_flow,esto_product,esto_pair_axis,,esto_pair,,,direct_mapping_numeric_gap,"Mapping looks direct; inspect source data values, signs, and scenario-specific series."
esto__03__Exports,Fuel oil,Target,,,,,07_08_fuel_oil,balance_table_esto_axis,esto_flow,esto_product,esto_pair_axis,,esto_pair,,,direct_mapping_numeric_gap,"Mapping looks direct; inspect source data values, signs, and scenario-specific series."
esto__03__Exports,Gas/diesel oil,ESTO,,,,,07_07_gas_diesel_oil,balance_table_esto_axis,esto_flow,esto_product,esto_pair_axis,,esto_pair,,,direct_mapping_numeric_gap,"Mapping looks direct; inspect source data values, signs, and scenario-specific series."
esto__03__Exports,Gas/diesel oil,Target,,,,,07_07_gas_diesel_oil,balance_table_esto_axis,esto_flow,esto_product,esto_pair_axis,,esto_pair,,,direct_mapping_numeric_gap,"Mapping looks direct; inspect source data values, signs, and scenario-specific series."
esto__03__Exports,Gasoline type jet fuel,ESTO,,,,,07_x_jet_fuel,dashboard_template_esto_axis,dashboard_template,dashboard_template,esto_pair_axis,Template-declared ESTO-axis row with no LEAP export row.,esto_pair,,,aggregate_fuel_mapping,The 9th fuel is an aggregate bucket; compare against sibling fuels and the shared aggregate fuel audit.
esto__03__Exports,Gasoline type jet fuel,Target,,,,,07_x_jet_fuel,dashboard_template_esto_axis,dashboard_template,dashboard_template,esto_pair_axis,Template-declared ESTO-axis row with no LEAP export row.,esto_pair,,,aggregate_fuel_mapping,The 9th fuel is an aggregate bucket; compare against sibling fuels and the shared aggregate fuel audit.
esto__03__Exports,Heat,ESTO,,,,,18_heat,balance_table_esto_axis,esto_flow,esto_product,esto_pair_axis,,esto_pair,,,direct_mapping_numeric_gap,"Mapping looks direct; inspect source data values, signs, and scenario-specific series."
esto__03__Exports,Heat,Target,,,,,18_heat,balance_table_esto_axis,esto_flow,esto_product,esto_pair_axis,,esto_pair,,,direct_mapping_numeric_gap,"Mapping looks direct; inspect source data values, signs, and scenario-specific series."
esto__03__Exports,Industrial waste,ESTO,,,,,16_02_industrial_waste,balance_table_esto_axis,esto_flow,esto_product,esto_pair_axis,,esto_pair,,,direct_mapping_numeric_gap,"Mapping looks direct; inspect source data values, signs, and scenario-specific series."
esto__03__Exports,Kerosene,ESTO,,,,,07_06_kerosene,balance_table_esto_axis,esto_flow,esto_product,esto_pair_axis,,esto_pair,,,direct_mapping_numeric_gap,"Mapping looks direct; inspect source data values, signs, and scenario-specific series."
esto__03__Exports,Kerosene,Target,,,,,07_06_kerosene,balance_table_esto_axis,esto_flow,esto_product,esto_pair_axis,,esto_pair,,,direct_mapping_numeric_gap,"Mapping looks direct; inspect source data values, signs, and scenario-specific series."
esto__03__Exports,Kerosene type jet fuel,ESTO,,,,,07_x_jet_fuel,balance_table_esto_axis,esto_flow,esto_product,esto_pair_axis,,esto_pair,,,aggregate_fuel_mapping,The 9th fuel is an aggregate bucket; compare against sibling fuels and the shared aggregate fuel audit.
esto__03__Exports,LNG,ESTO,,,,,08_02_lng,dashboard_template_esto_axis,dashboard_template,dashboard_template,esto_pair_axis,Template-declared ESTO-axis row with no LEAP export row.,esto_pair,,,direct_mapping_numeric_gap,"Mapping looks direct; inspect source data values, signs, and scenario-specific series."
esto__03__Exports,LNG,Target,,,,,08_02_lng,dashboard_template_esto_axis,dashboard_template,dashboard_template,esto_pair_axis,Template-declared ESTO-axis row with no LEAP export row.,esto_pair,,,direct_mapping_numeric_gap,"Mapping looks direct; inspect source data values, signs, and scenario-specific series."
esto__03__Exports,LPG,ESTO,,,,,07_09_lpg,balance_table_esto_axis,esto_flow,esto_product,esto_pair_axis,,esto_pair,,,direct_mapping_numeric_gap,"Mapping looks direct; inspect source data values, signs, and scenario-specific series."
esto__03__Exports,Lignite,ESTO,,,,,01_05_lignite,balance_table_esto_axis,esto_flow,esto_product,esto_pair_axis,,esto_pair,,,direct_mapping_numeric_gap,"Mapping looks direct; inspect source data values, signs, and scenario-specific series."
esto__03__Exports,Lignite,Target,,,,,01_05_lignite,balance_table_esto_axis,esto_flow,esto_product,esto_pair_axis,,esto_pair,,,direct_mapping_numeric_gap,"Mapping looks direct; inspect source data values, signs, and scenario-specific series."
esto__03__Exports,Lubricants,ESTO,,,,,07_x_other_petroleum_products,dashboard_template_esto_axis,dashboard_template,dashboard_template,esto_pair_axis,Template-declared ESTO-axis row with no LEAP export row.,esto_pair,,,aggregate_fuel_mapping,The 9th fuel is an aggregate bucket; compare against sibling fuels and the shared aggregate fuel audit.
esto__03__Exports,Motor gasoline,ESTO,,,,,07_01_motor_gasoline,balance_table_esto_axis,esto_flow,esto_product,esto_pair_axis,,esto_pair,,,direct_mapping_numeric_gap,"Mapping looks direct; inspect source data values, signs, and scenario-specific series."
esto__03__Exports,Municipal solid waste (non-renewable),ESTO,,,,,16_04_municipal_solid_waste_nonrenewable,balance_table_esto_axis,esto_flow,esto_product,esto_pair_axis,,esto_pair,,,direct_mapping_numeric_gap,"Mapping looks direct; inspect source data values, signs, and scenario-specific series."
esto__03__Exports,Municipal solid waste (non-renewable),Target,,,,,16_04_municipal_solid_waste_nonrenewable,balance_table_esto_axis,esto_flow,esto_product,esto_pair_axis,,esto_pair,,,direct_mapping_numeric_gap,"Mapping looks direct; inspect source data values, signs, and scenario-specific series."
esto__03__Exports,Municipal solid waste (renewable),ESTO,,,,,16_03_municipal_solid_waste_renewable,balance_table_esto_axis,esto_flow,esto_product,esto_pair_axis,,esto_pair,,,direct_mapping_numeric_gap,"Mapping looks direct; inspect source data values, signs, and scenario-specific series."
esto__03__Exports,Municipal solid waste (renewable),Target,,,,,16_03_municipal_solid_waste_renewable,balance_table_esto_axis,esto_flow,esto_product,esto_pair_axis,,esto_pair,,,direct_mapping_numeric_gap,"Mapping looks direct; inspect source data values, signs, and scenario-specific series."
esto__03__Exports,Naphtha,ESTO,,,,,07_03_naphtha,balance_table_esto_axis,esto_flow,esto_product,esto_pair_axis,,esto_pair,,,direct_mapping_numeric_gap,"Mapping looks direct; inspect source data values, signs, and scenario-specific series."
esto__03__Exports,Naphtha,Target,,,,,07_03_naphtha,balance_table_esto_axis,esto_flow,esto_product,esto_pair_axis,,esto_pair,,,direct_mapping_numeric_gap,"Mapping looks direct; inspect source data values, signs, and scenario-specific series."
esto__03__Exports,Natural gas,ESTO,,,,,08_01_natural_gas,balance_table_esto_axis,esto_flow,esto_product,esto_pair_axis,,esto_pair,,,direct_mapping_numeric_gap,"Mapping looks direct; inspect source data values, signs, and scenario-specific series."
esto__03__Exports,Natural gas liquids,ESTO,,,,,06_02_natural_gas_liquids,balance_table_esto_axis,esto_flow,esto_product,esto_pair_axis,,esto_pair,,,direct_mapping_numeric_gap,"Mapping looks direct; inspect source data values, signs, and scenario-specific series."
esto__03__Exports,Other biomass,ESTO,,,,,15_05_other_biomass,balance_table_esto_axis,esto_flow,esto_product,esto_pair_axis,,esto_pair,,,direct_mapping_numeric_gap,"Mapping looks direct; inspect source data values, signs, and scenario-specific series."
esto__03__Exports,Other biomass,Target,,,,,15_05_other_biomass,balance_table_esto_axis,esto_flow,esto_product,esto_pair_axis,,esto_pair,,,direct_mapping_numeric_gap,"Mapping looks direct; inspect source data values, signs, and scenario-specific series."
esto__03__Exports,Other bituminous coal,ESTO,,,,,01_x_thermal_coal,balance_table_esto_axis,esto_flow,esto_product,esto_pair_axis,,esto_pair,,,aggregate_fuel_mapping,The 9th fuel is an aggregate bucket; compare against sibling fuels and the shared aggregate fuel audit.
esto__03__Exports,Other hydrocarbons,ESTO,,,,,06_x_other_hydrocarbons,balance_table_esto_axis,esto_flow,esto_product,esto_pair_axis,,esto_pair,,,aggregate_fuel_mapping,The 9th fuel is an aggregate bucket; compare against sibling fuels and the shared aggregate fuel audit.
esto__03__Exports,Other liquid biofuels,ESTO,,,,,16_08_other_liquid_biofuels,balance_table_esto_axis,esto_flow,esto_product,esto_pair_axis,,esto_pair,,,direct_mapping_numeric_gap,"Mapping looks direct; inspect source data values, signs, and scenario-specific series."
esto__03__Exports,Other liquid biofuels,Target,,,,,16_08_other_liquid_biofuels,balance_table_esto_axis,esto_flow,esto_product,esto_pair_axis,,esto_pair,,,direct_mapping_numeric_gap,"Mapping looks direct; inspect source data values, signs, and scenario-specific series."
esto__03__Exports,Other products,ESTO,,,,,07_x_other_petroleum_products,dashboard_template_esto_axis,dashboard_template,dashboard_template,esto_pair_axis,Template-declared ESTO-axis row with no LEAP export row.,esto_pair,,,aggregate_fuel_mapping,The 9th fuel is an aggregate bucket; compare against sibling fuels and the shared aggregate fuel audit.
esto__03__Exports,Paraffin  waxes,ESTO,,,,,,dashboard_template_esto_axis,dashboard_template,dashboard_template,esto_pair_axis,Template-declared ESTO-axis row with no LEAP export row.,esto_pair,,,direct_mapping_numeric_gap,"Mapping looks direct; inspect source data values, signs, and scenario-specific series."
esto__03__Exports,Paraffin waxes,ESTO,,,,,07_x_other_petroleum_products,dashboard_template_esto_axis,dashboard_template,dashboard_template,esto_pair_axis,Template-declared ESTO-axis row with no LEAP export row.,esto_pair,,,aggregate_fuel_mapping,The 9th fuel is an aggregate bucket; compare against sibling fuels and the shared aggregate fuel audit.
esto__03__Exports,Petroleum coke,ESTO,,,,,02_coal_products,balance_table_esto_axis,esto_flow,esto_product,esto_pair_axis,,esto_pair,,,direct_mapping_numeric_gap,"Mapping looks direct; inspect source data values, signs, and scenario-specific series."
esto__03__Exports,Refinery feedstocks,ESTO,,,,,06_x_other_hydrocarbons,balance_table_esto_axis,esto_flow,esto_product,esto_pair_axis,,esto_pair,,,aggregate_fuel_mapping,The 9th fuel is an aggregate bucket; compare against sibling fuels and the shared aggregate fuel audit.
esto__03__Exports,Refinery feedstocks,Target,,,,,06_x_other_hydrocarbons,balance_table_esto_axis,esto_flow,esto_product,esto_pair_axis,,esto_pair,,,aggregate_fuel_mapping,The 9th fuel is an aggregate bucket; compare against sibling fuels and the shared aggregate fuel audit.
esto__03__Exports,Refinery gas (not liquefied),ESTO,,,,,07_10_refinery_gas_not_liquefied,balance_table_esto_axis,esto_flow,esto_product,esto_pair_axis,,esto_pair,,,direct_mapping_numeric_gap,"Mapping looks direct; inspect source data values, signs, and scenario-specific series."
esto__03__Exports,Sub-bituminous coal,ESTO,,,,,01_x_thermal_coal,dashboard_template_esto_axis,dashboard_template,dashboard_template,esto_pair_axis,Template-declared ESTO-axis row with no LEAP export row.,esto_pair,,,aggregate_fuel_mapping,The 9th fuel is an aggregate bucket; compare against sibling fuels and the shared aggregate fuel audit.
esto__04__International_marine_bunkers,Ammonia,ESTO,,,,,16_x_ammonia,balance_table_esto_axis,esto_flow,esto_product,esto_pair_axis,,esto_pair,,,aggregate_fuel_mapping,The 9th fuel is an aggregate bucket; compare against sibling fuels and the shared aggregate fuel audit.
esto__04__International_marine_bunkers,Biodiesel,ESTO,,,,,16_06_biodiesel,dashboard_template_esto_axis,dashboard_template,dashboard_template,esto_pair_axis,Template-declared ESTO-axis row with no LEAP export row.,esto_pair,,,direct_mapping_numeric_gap,"Mapping looks direct; inspect source data values, signs, and scenario-specific series."
esto__04__International_marine_bunkers,Biodiesel,Target,,,,,16_06_biodiesel,dashboard_template_esto_axis,dashboard_template,dashboard_template,esto_pair_axis,Template-declared ESTO-axis row with no LEAP export row.,esto_pair,,,direct_mapping_numeric_gap,"Mapping looks direct; inspect source data values, signs, and scenario-specific series."
esto__04__International_marine_bunkers,Fuel oil,ESTO,,,,,07_08_fuel_oil,balance_table_esto_axis,esto_flow,esto_product,esto_pair_axis,,esto_pair,,,direct_mapping_numeric_gap,"Mapping looks direct; inspect source data values, signs, and scenario-specific series."
esto__04__International_marine_bunkers,Gas/diesel oil,ESTO,,,,,07_07_gas_diesel_oil,balance_table_esto_axis,esto_flow,esto_product,esto_pair_axis,,esto_pair,,,direct_mapping_numeric_gap,"Mapping looks direct; inspect source data values, signs, and scenario-specific series."
esto__04__International_marine_bunkers,LNG,ESTO,,,,,08_02_lng,balance_table_esto_axis,esto_flow,esto_product,esto_pair_axis,,esto_pair,,,direct_mapping_numeric_gap,"Mapping looks direct; inspect source data values, signs, and scenario-specific series."
esto__04__International_marine_bunkers,LPG,ESTO,,,,,07_09_lpg,balance_table_esto_axis,esto_flow,esto_product,esto_pair_axis,,esto_pair,,,direct_mapping_numeric_gap,"Mapping looks direct; inspect source data values, signs, and scenario-specific series."
esto__04__International_marine_bunkers,Motor gasoline,ESTO,,,,,07_01_motor_gasoline,balance_table_esto_axis,esto_flow,esto_product,esto_pair_axis,,esto_pair,,,direct_mapping_numeric_gap,"Mapping looks direct; inspect source data values, signs, and scenario-specific series."
esto__04__International_marine_bunkers,Motor gasoline,Target,,,,,07_01_motor_gasoline,balance_table_esto_axis,esto_flow,esto_product,esto_pair_axis,,esto_pair,,,direct_mapping_numeric_gap,"Mapping looks direct; inspect source data values, signs, and scenario-specific series."
esto__04__International_marine_bunkers,Natural gas,ESTO,,,,,08_01_natural_gas,balance_table_esto_axis,esto_flow,esto_product,esto_pair_axis,,esto_pair,,,direct_mapping_numeric_gap,"Mapping looks direct; inspect source data values, signs, and scenario-specific series."
esto__05__International_aviation_bunkers,Aviation gasoline,ESTO,,,,,07_02_aviation_gasoline,balance_table_esto_axis,esto_flow,esto_product,esto_pair_axis,,esto_pair,,,direct_mapping_numeric_gap,"Mapping looks direct; inspect source data values, signs, and scenario-specific series."
esto__05__International_aviation_bunkers,Bio jet kerosene,ESTO,,,,,16_07_bio_jet_kerosene,dashboard_template_esto_axis,dashboard_template,dashboard_template,esto_pair_axis,Template-declared ESTO-axis row with no LEAP export row.,esto_pair,,,direct_mapping_numeric_gap,"Mapping looks direct; inspect source data values, signs, and scenario-specific series."
esto__05__International_aviation_bunkers,Bio jet kerosene,Target,,,,,16_07_bio_jet_kerosene,dashboard_template_esto_axis,dashboard_template,dashboard_template,esto_pair_axis,Template-declared ESTO-axis row with no LEAP export row.,esto_pair,,,direct_mapping_numeric_gap,"Mapping looks direct; inspect source data values, signs, and scenario-specific series."
esto__05__International_aviation_bunkers,Hydrogen,ESTO,,,,,16_x_hydrogen,balance_table_esto_axis,esto_flow,esto_product,esto_pair_axis,,esto_pair,,,aggregate_fuel_mapping,The 9th fuel is an aggregate bucket; compare against sibling fuels and the shared aggregate fuel audit.
esto__05__International_aviation_bunkers,Kerosene type jet fuel,ESTO,,,,,07_x_jet_fuel,balance_table_esto_axis,esto_flow,esto_product,esto_pair_axis,,esto_pair,,,aggregate_fuel_mapping,The 9th fuel is an aggregate bucket; compare against sibling fuels and the shared aggregate fuel audit.
esto__05__International_aviation_bunkers,Motor gasoline,ESTO,,,,,07_01_motor_gasoline,balance_table_esto_axis,esto_flow,esto_product,esto_pair_axis,,esto_pair,,,direct_mapping_numeric_gap,"Mapping looks direct; inspect source data values, signs, and scenario-specific series."
esto__07__Total_primary_energy_supply,Additives/ oxygenates,ESTO,,,,,07_x_other_petroleum_products,balance_table_esto_axis,esto_flow,esto_product,esto_pair_axis,,esto_pair,,,aggregate_fuel_mapping,The 9th fuel is an aggregate bucket; compare against sibling fuels and the shared aggregate fuel audit.
esto__07__Total_primary_energy_supply,Ammonia,ESTO,,,,,16_x_ammonia,balance_table_esto_axis,esto_flow,esto_product,esto_pair_axis,,esto_pair,,,aggregate_fuel_mapping,The 9th fuel is an aggregate bucket; compare against sibling fuels and the shared aggregate fuel audit.
esto__07__Total_primary_energy_supply,Anthracite,ESTO,,,,,01_x_thermal_coal,balance_table_esto_axis,esto_flow,esto_product,esto_pair_axis,,esto_pair,,,aggregate_fuel_mapping,The 9th fuel is an aggregate bucket; compare against sibling fuels and the shared aggregate fuel audit.
esto__07__Total_primary_energy_supply,Aviation gasoline,ESTO,,,,,07_02_aviation_gasoline,balance_table_esto_axis,esto_flow,esto_product,esto_pair_axis,,esto_pair,,,direct_mapping_numeric_gap,"Mapping looks direct; inspect source data values, signs, and scenario-specific series."
esto__07__Total_primary_energy_supply,Aviation gasoline,Target,,,,,07_02_aviation_gasoline,balance_table_esto_axis,esto_flow,esto_product,esto_pair_axis,,esto_pair,,,direct_mapping_numeric_gap,"Mapping looks direct; inspect source data values, signs, and scenario-specific series."
esto__07__Total_primary_energy_supply,BKB/PB,ESTO,,,,,02_coal_products,balance_table_esto_axis,esto_flow,esto_product,esto_pair_axis,,esto_pair,,,direct_mapping_numeric_gap,"Mapping looks direct; inspect source data values, signs, and scenario-specific series."
esto__07__Total_primary_energy_supply,Bagasse,ESTO,,,,,15_02_bagasse,balance_table_esto_axis,esto_flow,esto_product,esto_pair_axis,,esto_pair,,,direct_mapping_numeric_gap,"Mapping looks direct; inspect source data values, signs, and scenario-specific series."
esto__07__Total_primary_energy_supply,Bio jet kerosene,ESTO,,,,,16_07_bio_jet_kerosene,balance_table_esto_axis,esto_flow,esto_product,esto_pair_axis,,esto_pair,,,direct_mapping_numeric_gap,"Mapping looks direct; inspect source data values, signs, and scenario-specific series."
esto__07__Total_primary_energy_supply,Biodiesel,ESTO,,,,,16_06_biodiesel,balance_table_esto_axis,esto_flow,esto_product,esto_pair_axis,,esto_pair,,,direct_mapping_numeric_gap,"Mapping looks direct; inspect source data values, signs, and scenario-specific series."
esto__07__Total_primary_energy_supply,Biogas,ESTO,,,,,16_01_biogas,balance_table_esto_axis,esto_flow,esto_product,esto_pair_axis,,esto_pair,,,direct_mapping_numeric_gap,"Mapping looks direct; inspect source data values, signs, and scenario-specific series."
esto__07__Total_primary_energy_supply,Biogasoline,ESTO,,,,,16_05_biogasoline,balance_table_esto_axis,esto_flow,esto_product,esto_pair_axis,,esto_pair,,,direct_mapping_numeric_gap,"Mapping looks direct; inspect source data values, signs, and scenario-specific series."
esto__07__Total_primary_energy_supply,Bitumen,ESTO,,,,,07_x_other_petroleum_products,balance_table_esto_axis,esto_flow,esto_product,esto_pair_axis,,esto_pair,,,aggregate_fuel_mapping,The 9th fuel is an aggregate bucket; compare against sibling fuels and the shared aggregate fuel audit.
esto__07__Total_primary_energy_supply,Bitumen,Target,,,,,07_x_other_petroleum_products,balance_table_esto_axis,esto_flow,esto_product,esto_pair_axis,,esto_pair,,,aggregate_fuel_mapping,The 9th fuel is an aggregate bucket; compare against sibling fuels and the shared aggregate fuel audit.
esto__07__Total_primary_energy_supply,Black liqour,ESTO,,,,,15_04_black_liquor,balance_table_esto_axis,esto_flow,esto_product,esto_pair_axis,,esto_pair,,,direct_mapping_numeric_gap,"Mapping looks direct; inspect source data values, signs, and scenario-specific series."
esto__07__Total_primary_energy_supply,Blast furnace gas,ESTO,,,,,16_02_industrial_waste,balance_table_esto_axis,esto_flow,esto_product,esto_pair_axis,,esto_pair,,,direct_mapping_numeric_gap,"Mapping looks direct; inspect source data values, signs, and scenario-specific series."
esto__07__Total_primary_energy_supply,Charcoal,ESTO,,,,,15_03_charcoal,balance_table_esto_axis,esto_flow,esto_product,esto_pair_axis,,esto_pair,,,direct_mapping_numeric_gap,"Mapping looks direct; inspect source data values, signs, and scenario-specific series."
esto__07__Total_primary_energy_supply,Coal nonspecified,ESTO,,,,,01_coal_unallocated,balance_table_esto_axis,esto_flow,esto_product,esto_pair_axis,,esto_pair,,,direct_mapping_numeric_gap,"Mapping looks direct; inspect source data values, signs, and scenario-specific series."
esto__07__Total_primary_energy_supply,Coal tar,ESTO,,,,,02_coal_products,balance_table_esto_axis,esto_flow,esto_product,esto_pair_axis,,esto_pair,,,direct_mapping_numeric_gap,"Mapping looks direct; inspect source data values, signs, and scenario-specific series."
esto__07__Total_primary_energy_supply,Coal tar,Target,,,,,02_coal_products,balance_table_esto_axis,esto_flow,esto_product,esto_pair_axis,,esto_pair,,,direct_mapping_numeric_gap,"Mapping looks direct; inspect source data values, signs, and scenario-specific series."
esto__07__Total_primary_energy_supply,Coke oven coke,ESTO,,,,,02_coal_products,balance_table_esto_axis,esto_flow,esto_product,esto_pair_axis,,esto_pair,,,direct_mapping_numeric_gap,"Mapping looks direct; inspect source data values, signs, and scenario-specific series."
esto__07__Total_primary_energy_supply,Coke oven coke,Target,,,,,02_coal_products,balance_table_esto_axis,esto_flow,esto_product,esto_pair_axis,,esto_pair,,,direct_mapping_numeric_gap,"Mapping looks direct; inspect source data values, signs, and scenario-specific series."
esto__07__Total_primary_energy_supply,Coke oven gas,ESTO,,,,,16_02_industrial_waste,balance_table_esto_axis,esto_flow,esto_product,esto_pair_axis,,esto_pair,,,direct_mapping_numeric_gap,"Mapping looks direct; inspect source data values, signs, and scenario-specific series."
esto__07__Total_primary_energy_supply,Coking coal,ESTO,,,,,01_01_coking_coal,balance_table_esto_axis,esto_flow,esto_product,esto_pair_axis,,esto_pair,,,direct_mapping_numeric_gap,"Mapping looks direct; inspect source data values, signs, and scenario-specific series."
esto__07__Total_primary_energy_supply,Crude oil,ESTO,,,,,06_01_crude_oil,balance_table_esto_axis,esto_flow,esto_product,esto_pair_axis,,esto_pair,,,direct_mapping_numeric_gap,"Mapping looks direct; inspect source data values, signs, and scenario-specific series."
esto__07__Total_primary_energy_supply,Electricity,ESTO,,,,,17_x_green_electricity,balance_table_esto_axis,esto_flow,esto_product,esto_pair_axis,,esto_pair,,,aggregate_fuel_mapping,The 9th fuel is an aggregate bucket; compare against sibling fuels and the shared aggregate fuel audit.
esto__07__Total_primary_energy_supply,Ethane,ESTO,,,,,07_11_ethane,balance_table_esto_axis,esto_flow,esto_product,esto_pair_axis,,esto_pair,,,direct_mapping_numeric_gap,"Mapping looks direct; inspect source data values, signs, and scenario-specific series."
esto__07__Total_primary_energy_supply,Ethane,Target,,,,,07_11_ethane,balance_table_esto_axis,esto_flow,esto_product,esto_pair_axis,,esto_pair,,,direct_mapping_numeric_gap,"Mapping looks direct; inspect source data values, signs, and scenario-specific series."
esto__07__Total_primary_energy_supply,Fuel oil,ESTO,,,,,07_08_fuel_oil,balance_table_esto_axis,esto_flow,esto_product,esto_pair_axis,,esto_pair,,,direct_mapping_numeric_gap,"Mapping looks direct; inspect source data values, signs, and scenario-specific series."
esto__07__Total_primary_energy_supply,Fuelwood & woodwaste,ESTO,,,,,15_01_fuelwood_and_woodwaste,balance_table_esto_axis,esto_flow,esto_product,esto_pair_axis,,esto_pair,,,direct_mapping_numeric_gap,"Mapping looks direct; inspect source data values, signs, and scenario-specific series."
esto__07__Total_primary_energy_supply,Gas coke,ESTO,,,,,02_coal_products,balance_table_esto_axis,esto_flow,esto_product,esto_pair_axis,,esto_pair,,,direct_mapping_numeric_gap,"Mapping looks direct; inspect source data values, signs, and scenario-specific series."
esto__07__Total_primary_energy_supply,Gas coke,Target,,,,,02_coal_products,balance_table_esto_axis,esto_flow,esto_product,esto_pair_axis,,esto_pair,,,direct_mapping_numeric_gap,"Mapping looks direct; inspect source data values, signs, and scenario-specific series."
esto__07__Total_primary_energy_supply,Gas works gas,ESTO,,,,,08_03_gas_works_gas,balance_table_esto_axis,esto_flow,esto_product,esto_pair_axis,,esto_pair,,,direct_mapping_numeric_gap,"Mapping looks direct; inspect source data values, signs, and scenario-specific series."
esto__07__Total_primary_energy_supply,Gas works gas,Target,,,,,08_03_gas_works_gas,balance_table_esto_axis,esto_flow,esto_product,esto_pair_axis,,esto_pair,,,direct_mapping_numeric_gap,"Mapping looks direct; inspect source data values, signs, and scenario-specific series."
esto__07__Total_primary_energy_supply,Gas/diesel oil,ESTO,,,,,07_07_gas_diesel_oil,balance_table_esto_axis,esto_flow,esto_product,esto_pair_axis,,esto_pair,,,direct_mapping_numeric_gap,"Mapping looks direct; inspect source data values, signs, and scenario-specific series."
esto__07__Total_primary_energy_supply,Gas/diesel oil,Target,,,,,07_07_gas_diesel_oil,balance_table_esto_axis,esto_flow,esto_product,esto_pair_axis,,esto_pair,,,direct_mapping_numeric_gap,"Mapping looks direct; inspect source data values, signs, and scenario-specific series."
esto__07__Total_primary_energy_supply,Gasoline type jet fuel,ESTO,,,,,07_x_jet_fuel,balance_table_esto_axis,esto_flow,esto_product,esto_pair_axis,,esto_pair,,,aggregate_fuel_mapping,The 9th fuel is an aggregate bucket; compare against sibling fuels and the shared aggregate fuel audit.
esto__07__Total_primary_energy_supply,Geothermal,ESTO,,,,,11_geothermal,balance_table_esto_axis,esto_flow,esto_product,esto_pair_axis,,esto_pair,,,direct_mapping_numeric_gap,"Mapping looks direct; inspect source data values, signs, and scenario-specific series."
esto__07__Total_primary_energy_supply,Heat,ESTO,,,,,18_heat,balance_table_esto_axis,esto_flow,esto_product,esto_pair_axis,,esto_pair,,,direct_mapping_numeric_gap,"Mapping looks direct; inspect source data values, signs, and scenario-specific series."
esto__07__Total_primary_energy_supply,Heat,Target,,,,,18_heat,balance_table_esto_axis,esto_flow,esto_product,esto_pair_axis,,esto_pair,,,direct_mapping_numeric_gap,"Mapping looks direct; inspect source data values, signs, and scenario-specific series."
esto__07__Total_primary_energy_supply,Hydro,ESTO,,,,,10_hydro,balance_table_esto_axis,esto_flow,esto_product,esto_pair_axis,,esto_pair,,,direct_mapping_numeric_gap,"Mapping looks direct; inspect source data values, signs, and scenario-specific series."
esto__07__Total_primary_energy_supply,Hydrogen,ESTO,,,,,16_x_hydrogen,balance_table_esto_axis,esto_flow,esto_product,esto_pair_axis,,esto_pair,,,aggregate_fuel_mapping,The 9th fuel is an aggregate bucket; compare against sibling fuels and the shared aggregate fuel audit.
esto__07__Total_primary_energy_supply,Industrial waste,ESTO,,,,,16_02_industrial_waste,balance_table_esto_axis,esto_flow,esto_product,esto_pair_axis,,esto_pair,,,direct_mapping_numeric_gap,"Mapping looks direct; inspect source data values, signs, and scenario-specific series."
esto__07__Total_primary_energy_supply,Industrial waste,Target,,,,,16_02_industrial_waste,balance_table_esto_axis,esto_flow,esto_product,esto_pair_axis,,esto_pair,,,direct_mapping_numeric_gap,"Mapping looks direct; inspect source data values, signs, and scenario-specific series."
esto__07__Total_primary_energy_supply,Kerosene,ESTO,,,,,07_06_kerosene,balance_table_esto_axis,esto_flow,esto_product,esto_pair_axis,,esto_pair,,,direct_mapping_numeric_gap,"Mapping looks direct; inspect source data values, signs, and scenario-specific series."
esto__07__Total_primary_energy_supply,Kerosene type jet fuel,ESTO,,,,,07_x_jet_fuel,balance_table_esto_axis,esto_flow,esto_product,esto_pair_axis,,esto_pair,,,aggregate_fuel_mapping,The 9th fuel is an aggregate bucket; compare against sibling fuels and the shared aggregate fuel audit.
esto__07__Total_primary_energy_supply,Kerosene type jet fuel,Target,,,,,07_x_jet_fuel,balance_table_esto_axis,esto_flow,esto_product,esto_pair_axis,,esto_pair,,,aggregate_fuel_mapping,The 9th fuel is an aggregate bucket; compare against sibling fuels and the shared aggregate fuel audit.
esto__07__Total_primary_energy_supply,LNG,ESTO,,,,,08_02_lng,dashboard_template_esto_axis,dashboard_template,dashboard_template,esto_pair_axis,Template-declared ESTO-axis row with no LEAP export row.,esto_pair,,,direct_mapping_numeric_gap,"Mapping looks direct; inspect source data values, signs, and scenario-specific series."
esto__07__Total_primary_energy_supply,LNG,Target,,,,,08_02_lng,dashboard_template_esto_axis,dashboard_template,dashboard_template,esto_pair_axis,Template-declared ESTO-axis row with no LEAP export row.,esto_pair,,,direct_mapping_numeric_gap,"Mapping looks direct; inspect source data values, signs, and scenario-specific series."
esto__07__Total_primary_energy_supply,LPG,ESTO,,,,,07_09_lpg,balance_table_esto_axis,esto_flow,esto_product,esto_pair_axis,,esto_pair,,,direct_mapping_numeric_gap,"Mapping looks direct; inspect source data values, signs, and scenario-specific series."
esto__07__Total_primary_energy_supply,Lignite,ESTO,,,,,01_05_lignite,balance_table_esto_axis,esto_flow,esto_product,esto_pair_axis,,esto_pair,,,direct_mapping_numeric_gap,"Mapping looks direct; inspect source data values, signs, and scenario-specific series."
esto__07__Total_primary_energy_supply,Lubricants,ESTO,,,,,07_x_other_petroleum_products,balance_table_esto_axis,esto_flow,esto_product,esto_pair_axis,,esto_pair,,,aggregate_fuel_mapping,The 9th fuel is an aggregate bucket; compare against sibling fuels and the shared aggregate fuel audit.
esto__07__Total_primary_energy_supply,Lubricants,Target,,,,,07_x_other_petroleum_products,balance_table_esto_axis,esto_flow,esto_product,esto_pair_axis,,esto_pair,,,aggregate_fuel_mapping,The 9th fuel is an aggregate bucket; compare against sibling fuels and the shared aggregate fuel audit.
esto__07__Total_primary_energy_supply,Motor gasoline,ESTO,,,,,07_01_motor_gasoline,balance_table_esto_axis,esto_flow,esto_product,esto_pair_axis,,esto_pair,,,direct_mapping_numeric_gap,"Mapping looks direct; inspect source data values, signs, and scenario-specific series."
esto__07__Total_primary_energy_supply,Motor gasoline,Target,,,,,07_01_motor_gasoline,balance_table_esto_axis,esto_flow,esto_product,esto_pair_axis,,esto_pair,,,direct_mapping_numeric_gap,"Mapping looks direct; inspect source data values, signs, and scenario-specific series."
esto__07__Total_primary_energy_supply,Municipal solid waste (non-renewable),ESTO,,,,,16_04_municipal_solid_waste_nonrenewable,balance_table_esto_axis,esto_flow,esto_product,esto_pair_axis,,esto_pair,,,direct_mapping_numeric_gap,"Mapping looks direct; inspect source data values, signs, and scenario-specific series."
esto__07__Total_primary_energy_supply,Municipal solid waste (renewable),ESTO,,,,,16_03_municipal_solid_waste_renewable,balance_table_esto_axis,esto_flow,esto_product,esto_pair_axis,,esto_pair,,,direct_mapping_numeric_gap,"Mapping looks direct; inspect source data values, signs, and scenario-specific series."
esto__07__Total_primary_energy_supply,Naphtha,ESTO,,,,,07_03_naphtha,balance_table_esto_axis,esto_flow,esto_product,esto_pair_axis,,esto_pair,,,direct_mapping_numeric_gap,"Mapping looks direct; inspect source data values, signs, and scenario-specific series."
esto__07__Total_primary_energy_supply,Natural gas,ESTO,,,,,08_01_natural_gas,balance_table_esto_axis,esto_flow,esto_product,esto_pair_axis,,esto_pair,,,direct_mapping_numeric_gap,"Mapping looks direct; inspect source data values, signs, and scenario-specific series."
esto__07__Total_primary_energy_supply,Natural gas liquids,ESTO,,,,,06_02_natural_gas_liquids,balance_table_esto_axis,esto_flow,esto_product,esto_pair_axis,,esto_pair,,,direct_mapping_numeric_gap,"Mapping looks direct; inspect source data values, signs, and scenario-specific series."
esto__07__Total_primary_energy_supply,Nuclear,ESTO,,,,,09_nuclear,balance_table_esto_axis,esto_flow,esto_product,esto_pair_axis,,esto_pair,,,direct_mapping_numeric_gap,"Mapping looks direct; inspect source data values, signs, and scenario-specific series."
esto__07__Total_primary_energy_supply,Other biomass,ESTO,,,,,15_05_other_biomass,balance_table_esto_axis,esto_flow,esto_product,esto_pair_axis,,esto_pair,,,direct_mapping_numeric_gap,"Mapping looks direct; inspect source data values, signs, and scenario-specific series."
esto__07__Total_primary_energy_supply,Other bituminous coal,ESTO,,,,,01_x_thermal_coal,balance_table_esto_axis,esto_flow,esto_product,esto_pair_axis,,esto_pair,,,aggregate_fuel_mapping,The 9th fuel is an aggregate bucket; compare against sibling fuels and the shared aggregate fuel audit.
esto__07__Total_primary_energy_supply,Other bituminous coal,Target,,,,,01_x_thermal_coal,balance_table_esto_axis,esto_flow,esto_product,esto_pair_axis,,esto_pair,,,aggregate_fuel_mapping,The 9th fuel is an aggregate bucket; compare against sibling fuels and the shared aggregate fuel audit.
esto__07__Total_primary_energy_supply,Other hydrocarbons,ESTO,,,,,06_x_other_hydrocarbons,balance_table_esto_axis,esto_flow,esto_product,esto_pair_axis,,esto_pair,,,aggregate_fuel_mapping,The 9th fuel is an aggregate bucket; compare against sibling fuels and the shared aggregate fuel audit.
esto__07__Total_primary_energy_supply,Other liquid biofuels,ESTO,,,,,16_08_other_liquid_biofuels,balance_table_esto_axis,esto_flow,esto_product,esto_pair_axis,,esto_pair,,,direct_mapping_numeric_gap,"Mapping looks direct; inspect source data values, signs, and scenario-specific series."
esto__07__Total_primary_energy_supply,Other products,ESTO,,,,,07_x_other_petroleum_products,balance_table_esto_axis,esto_flow,esto_product,esto_pair_axis,,esto_pair,,,aggregate_fuel_mapping,The 9th fuel is an aggregate bucket; compare against sibling fuels and the shared aggregate fuel audit.
esto__07__Total_primary_energy_supply,Other products,Target,,,,,07_x_other_petroleum_products,balance_table_esto_axis,esto_flow,esto_product,esto_pair_axis,,esto_pair,,,aggregate_fuel_mapping,The 9th fuel is an aggregate bucket; compare against sibling fuels and the shared aggregate fuel audit.
esto__07__Total_primary_energy_supply,Other recovered gases,ESTO,,,,,16_02_industrial_waste,balance_table_esto_axis,esto_flow,esto_product,esto_pair_axis,,esto_pair,,,direct_mapping_numeric_gap,"Mapping looks direct; inspect source data values, signs, and scenario-specific series."
esto__07__Total_primary_energy_supply,Other recovered gases,Target,,,,,16_02_industrial_waste,balance_table_esto_axis,esto_flow,esto_product,esto_pair_axis,,esto_pair,,,direct_mapping_numeric_gap,"Mapping looks direct; inspect source data values, signs, and scenario-specific series."
esto__07__Total_primary_energy_supply,Other sources,ESTO,,,,,16_others_unallocated,balance_table_esto_axis,esto_flow,esto_product,esto_pair_axis,,esto_pair,,,catch_all_fuel_bucket,Catch-all fuel labels often hide reassignment problems; compare against specific fuels in the same sheet.
esto__07__Total_primary_energy_supply,Paraffin  waxes,ESTO,,,,,,dashboard_template_esto_axis,dashboard_template,dashboard_template,esto_pair_axis,Template-declared ESTO-axis row with no LEAP export row.,esto_pair,,,direct_mapping_numeric_gap,"Mapping looks direct; inspect source data values, signs, and scenario-specific series."
esto__07__Total_primary_energy_supply,Paraffin waxes,ESTO,,,,,07_x_other_petroleum_products,balance_table_esto_axis,esto_flow,esto_product,esto_pair_axis,,esto_pair,,,aggregate_fuel_mapping,The 9th fuel is an aggregate bucket; compare against sibling fuels and the shared aggregate fuel audit.
esto__07__Total_primary_energy_supply,Paraffin waxes,Target,,,,,07_x_other_petroleum_products,balance_table_esto_axis,esto_flow,esto_product,esto_pair_axis,,esto_pair,,,aggregate_fuel_mapping,The 9th fuel is an aggregate bucket; compare against sibling fuels and the shared aggregate fuel audit.
esto__07__Total_primary_energy_supply,Patent fuel,ESTO,,,,,02_coal_products,balance_table_esto_axis,esto_flow,esto_product,esto_pair_axis,,esto_pair,,,direct_mapping_numeric_gap,"Mapping looks direct; inspect source data values, signs, and scenario-specific series."
esto__07__Total_primary_energy_supply,Patent fuel,Target,,,,,02_coal_products,balance_table_esto_axis,esto_flow,esto_product,esto_pair_axis,,esto_pair,,,direct_mapping_numeric_gap,"Mapping looks direct; inspect source data values, signs, and scenario-specific series."
esto__07__Total_primary_energy_supply,Petroleum coke,ESTO,,,,,02_coal_products,balance_table_esto_axis,esto_flow,esto_product,esto_pair_axis,,esto_pair,,,direct_mapping_numeric_gap,"Mapping looks direct; inspect source data values, signs, and scenario-specific series."
esto__07__Total_primary_energy_supply,Petroleum coke,Target,,,,,02_coal_products,balance_table_esto_axis,esto_flow,esto_product,esto_pair_axis,,esto_pair,,,direct_mapping_numeric_gap,"Mapping looks direct; inspect source data values, signs, and scenario-specific series."
esto__07__Total_primary_energy_supply,Refinery feedstocks,ESTO,,,,,06_x_other_hydrocarbons,dashboard_template_esto_axis,dashboard_template,dashboard_template,esto_pair_axis,Template-declared ESTO-axis row with no LEAP export row.,esto_pair,,,aggregate_fuel_mapping,The 9th fuel is an aggregate bucket; compare against sibling fuels and the shared aggregate fuel audit.
esto__07__Total_primary_energy_supply,Refinery gas (not liquefied),ESTO,,,,,07_10_refinery_gas_not_liquefied,balance_table_esto_axis,esto_flow,esto_product,esto_pair_axis,,esto_pair,,,direct_mapping_numeric_gap,"Mapping looks direct; inspect source data values, signs, and scenario-specific series."
esto__07__Total_primary_energy_supply,Solar nonspecified,ESTO,,,,,12_x_other_solar,balance_table_esto_axis,esto_flow,esto_product,esto_pair_axis,,esto_pair,,,aggregate_fuel_mapping,The 9th fuel is an aggregate bucket; compare against sibling fuels and the shared aggregate fuel audit.
esto__07__Total_primary_energy_supply,Sub-bituminous coal,ESTO,,,,,01_x_thermal_coal,balance_table_esto_axis,esto_flow,esto_product,esto_pair_axis,,esto_pair,,,aggregate_fuel_mapping,The 9th fuel is an aggregate bucket; compare against sibling fuels and the shared aggregate fuel audit.
esto__07__Total_primary_energy_supply,Sub-bituminous coal,Target,,,,,01_x_thermal_coal,balance_table_esto_axis,esto_flow,esto_product,esto_pair_axis,,esto_pair,,,aggregate_fuel_mapping,The 9th fuel is an aggregate bucket; compare against sibling fuels and the shared aggregate fuel audit.
esto__07__Total_primary_energy_supply,White spirit SBP,ESTO,,,,,07_03_naphtha,balance_table_esto_axis,esto_flow,esto_product,esto_pair_axis,,esto_pair,,,direct_mapping_numeric_gap,"Mapping looks direct; inspect source data values, signs, and scenario-specific series."
esto__07__Total_primary_energy_supply,Wind,ESTO,,,,,14_wind,balance_table_esto_axis,esto_flow,esto_product,esto_pair_axis,,esto_pair,,,direct_mapping_numeric_gap,"Mapping looks direct; inspect source data values, signs, and scenario-specific series."
esto__07__Total_primary_energy_supply,of which: Photovoltaics,ESTO,,,,,12_01_of_which_photovoltaics,balance_table_esto_axis,esto_flow,esto_product,esto_pair_axis,,esto_pair,,,direct_mapping_numeric_gap,"Mapping looks direct; inspect source data values, signs, and scenario-specific series."
esto__08__Transfers,Additives/ oxygenates,ESTO,,,,,07_x_other_petroleum_products,dashboard_template_esto_axis,dashboard_template,dashboard_template,esto_pair_axis,Template-declared ESTO-axis row with no LEAP export row.,esto_pair,,,aggregate_fuel_mapping,The 9th fuel is an aggregate bucket; compare against sibling fuels and the shared aggregate fuel audit.
esto__08__Transfers,Bitumen,Target,,,,,07_x_other_petroleum_products,balance_table_esto_axis,esto_flow,esto_product,esto_pair_axis,,esto_pair,,,aggregate_fuel_mapping,The 9th fuel is an aggregate bucket; compare against sibling fuels and the shared aggregate fuel audit.
esto__08__Transfers,Fuel oil,ESTO,,,,,07_08_fuel_oil,dashboard_template_esto_axis,dashboard_template,dashboard_template,esto_pair_axis,Template-declared ESTO-axis row with no LEAP export row.,esto_pair,,,direct_mapping_numeric_gap,"Mapping looks direct; inspect source data values, signs, and scenario-specific series."
esto__08__Transfers,Fuel oil,Target,,,,,07_08_fuel_oil,dashboard_template_esto_axis,dashboard_template,dashboard_template,esto_pair_axis,Template-declared ESTO-axis row with no LEAP export row.,esto_pair,,,direct_mapping_numeric_gap,"Mapping looks direct; inspect source data values, signs, and scenario-specific series."
esto__08__Transfers,Lubricants,ESTO,,,,,07_x_other_petroleum_products,dashboard_template_esto_axis,dashboard_template,dashboard_template,esto_pair_axis,Template-declared ESTO-axis row with no LEAP export row.,esto_pair,,,aggregate_fuel_mapping,The 9th fuel is an aggregate bucket; compare against sibling fuels and the shared aggregate fuel audit.
esto__08__Transfers,Other hydrocarbons,ESTO,,,,,06_x_other_hydrocarbons,dashboard_template_esto_axis,dashboard_template,dashboard_template,esto_pair_axis,Template-declared ESTO-axis row with no LEAP export row.,esto_pair,,,aggregate_fuel_mapping,The 9th fuel is an aggregate bucket; compare against sibling fuels and the shared aggregate fuel audit.
esto__08__Transfers,Other products,ESTO,,,,,07_x_other_petroleum_products,dashboard_template_esto_axis,dashboard_template,dashboard_template,esto_pair_axis,Template-declared ESTO-axis row with no LEAP export row.,esto_pair,,,aggregate_fuel_mapping,The 9th fuel is an aggregate bucket; compare against sibling fuels and the shared aggregate fuel audit.
esto__08__Transfers,Paraffin waxes,ESTO,,,,,07_x_other_petroleum_products,dashboard_template_esto_axis,dashboard_template,dashboard_template,esto_pair_axis,Template-declared ESTO-axis row with no LEAP export row.,esto_pair,,,aggregate_fuel_mapping,The 9th fuel is an aggregate bucket; compare against sibling fuels and the shared aggregate fuel audit.
esto__08__Transfers,White spirit SBP,ESTO,,,,,07_x_other_petroleum_products,dashboard_template_esto_axis,dashboard_template,dashboard_template,esto_pair_axis,Template-declared ESTO-axis row with no LEAP export row.,esto_pair,,,aggregate_fuel_mapping,The 9th fuel is an aggregate bucket; compare against sibling fuels and the shared aggregate fuel audit.
esto__09_06_01__Gas_works_plants,Gas works gas,ESTO,,,,,08_03_gas_works_gas,balance_table_esto_axis,esto_flow,esto_product,esto_pair_axis,,esto_pair,,,direct_mapping_numeric_gap,"Mapping looks direct; inspect source data values, signs, and scenario-specific series."
esto__09_06_01__Gas_works_plants,Gas works gas,Target,,,,,08_03_gas_works_gas,balance_table_esto_axis,esto_flow,esto_product,esto_pair_axis,,esto_pair,,,direct_mapping_numeric_gap,"Mapping looks direct; inspect source data values, signs, and scenario-specific series."
esto__09_06_01__Gas_works_plants,Lignite,ESTO,,,,,01_05_lignite,balance_table_esto_axis,esto_flow,esto_product,esto_pair_axis,,esto_pair,,,direct_mapping_numeric_gap,"Mapping looks direct; inspect source data values, signs, and scenario-specific series."
esto__09_06_01__Gas_works_plants,Lignite,Target,,,,,01_05_lignite,balance_table_esto_axis,esto_flow,esto_product,esto_pair_axis,,esto_pair,,,direct_mapping_numeric_gap,"Mapping looks direct; inspect source data values, signs, and scenario-specific series."
esto__09_06_02__Liquefaction_regasification_plants,Electricity,ESTO,,,,,17_electricity,balance_table_esto_axis,esto_flow,esto_product,esto_pair_axis,,esto_pair,,,direct_mapping_numeric_gap,"Mapping looks direct; inspect source data values, signs, and scenario-specific series."
esto__09_06_02__Liquefaction_regasification_plants,Electricity,Target,,,,,17_electricity,balance_table_esto_axis,esto_flow,esto_product,esto_pair_axis,,esto_pair,,,direct_mapping_numeric_gap,"Mapping looks direct; inspect source data values, signs, and scenario-specific series."
esto__09_06_02__Liquefaction_regasification_plants,LNG,ESTO,,,,,08_02_lng,balance_table_esto_axis,esto_flow,esto_product,esto_pair_axis,,esto_pair,,,direct_mapping_numeric_gap,"Mapping looks direct; inspect source data values, signs, and scenario-specific series."
esto__09_06_02__Liquefaction_regasification_plants,Natural gas,ESTO,,,,,08_01_natural_gas,balance_table_esto_axis,esto_flow,esto_product,esto_pair_axis,,esto_pair,,,direct_mapping_numeric_gap,"Mapping looks direct; inspect source data values, signs, and scenario-specific series."
esto__09_06_03__Natural_gas_blending_plants,Biogas,ESTO,,,,,,dashboard_template_esto_axis,dashboard_template,dashboard_template,esto_pair_axis,Template-declared ESTO-axis row with no LEAP export row.,esto_pair,,,direct_mapping_numeric_gap,"Mapping looks direct; inspect source data values, signs, and scenario-specific series."
esto__09_06_03__Natural_gas_blending_plants,Gas works gas,ESTO,,,,,,balance_table_esto_axis,esto_flow,esto_product,esto_pair_axis,No 9th pairs found for this ESTO flow/product.,esto_pair,,,direct_mapping_numeric_gap,"Mapping looks direct; inspect source data values, signs, and scenario-specific series."
esto__09_06_03__Natural_gas_blending_plants,Gas works gas,Target,,,,,,balance_table_esto_axis,esto_flow,esto_product,esto_pair_axis,No 9th pairs found for this ESTO flow/product.,esto_pair,,,direct_mapping_numeric_gap,"Mapping looks direct; inspect source data values, signs, and scenario-specific series."
esto__09_06_03__Natural_gas_blending_plants,Natural gas,ESTO,,,,,,balance_table_esto_axis,esto_flow,esto_product,esto_pair_axis,No 9th pairs found for this ESTO flow/product.,esto_pair,,,direct_mapping_numeric_gap,"Mapping looks direct; inspect source data values, signs, and scenario-specific series."
esto__09_06_03__Natural_gas_blending_plants,Natural gas,Target,,,,,,balance_table_esto_axis,esto_flow,esto_product,esto_pair_axis,No 9th pairs found for this ESTO flow/product.,esto_pair,,,direct_mapping_numeric_gap,"Mapping looks direct; inspect source data values, signs, and scenario-specific series."
esto__09_06__Gas_processing_plants,Gas works gas,Target,,,,,08_03_gas_works_gas,balance_table_esto_axis,esto_flow,esto_product,esto_pair_axis,,esto_pair,,,direct_mapping_numeric_gap,"Mapping looks direct; inspect source data values, signs, and scenario-specific series."
esto__09_06__Gas_processing_plants,Lignite,Target,,,,,01_05_lignite,balance_table_esto_axis,esto_flow,esto_product,esto_pair_axis,,esto_pair,,,direct_mapping_numeric_gap,"Mapping looks direct; inspect source data values, signs, and scenario-specific series."
esto__09_07__Oil_refineries,Additives/  oxygenates,ESTO,,,,,06_x_other_hydrocarbons,dashboard_template_esto_axis,dashboard_template,dashboard_template,esto_pair_axis,Template-declared ESTO-axis row with no LEAP export row.,esto_pair,,,aggregate_fuel_mapping,The 9th fuel is an aggregate bucket; compare against sibling fuels and the shared aggregate fuel audit.
esto__09_07__Oil_refineries,Aviation gasoline,ESTO,,,,,07_02_aviation_gasoline,balance_table_esto_axis,esto_flow,esto_product,esto_pair_axis,,esto_pair,,,direct_mapping_numeric_gap,"Mapping looks direct; inspect source data values, signs, and scenario-specific series."
esto__09_07__Oil_refineries,Bitumen,ESTO,,,,,07_x_other_petroleum_products,dashboard_template_esto_axis,dashboard_template,dashboard_template,esto_pair_axis,Template-declared ESTO-axis row with no LEAP export row.,esto_pair,,,aggregate_fuel_mapping,The 9th fuel is an aggregate bucket; compare against sibling fuels and the shared aggregate fuel audit.
esto__09_07__Oil_refineries,Bitumen,Target,,,,,07_x_other_petroleum_products,dashboard_template_esto_axis,dashboard_template,dashboard_template,esto_pair_axis,Template-declared ESTO-axis row with no LEAP export row.,esto_pair,,,aggregate_fuel_mapping,The 9th fuel is an aggregate bucket; compare against sibling fuels and the shared aggregate fuel audit.
esto__09_07__Oil_refineries,Crude oil,ESTO,,,,,06_01_crude_oil,balance_table_esto_axis,esto_flow,esto_product,esto_pair_axis,,esto_pair,,,direct_mapping_numeric_gap,"Mapping looks direct; inspect source data values, signs, and scenario-specific series."
esto__09_07__Oil_refineries,Ethane,ESTO,,,,,07_11_ethane,dashboard_template_esto_axis,dashboard_template,dashboard_template,esto_pair_axis,Template-declared ESTO-axis row with no LEAP export row.,esto_pair,,,direct_mapping_numeric_gap,"Mapping looks direct; inspect source data values, signs, and scenario-specific series."
esto__09_07__Oil_refineries,Ethane,Target,,,,,07_11_ethane,dashboard_template_esto_axis,dashboard_template,dashboard_template,esto_pair_axis,Template-declared ESTO-axis row with no LEAP export row.,esto_pair,,,direct_mapping_numeric_gap,"Mapping looks direct; inspect source data values, signs, and scenario-specific series."
esto__09_07__Oil_refineries,Fuel oil,ESTO,,,,,07_08_fuel_oil,balance_table_esto_axis,esto_flow,esto_product,esto_pair_axis,,esto_pair,,,direct_mapping_numeric_gap,"Mapping looks direct; inspect source data values, signs, and scenario-specific series."
esto__09_07__Oil_refineries,Gas/diesel oil,ESTO,,,,,07_07_gas_diesel_oil,balance_table_esto_axis,esto_flow,esto_product,esto_pair_axis,,esto_pair,,,direct_mapping_numeric_gap,"Mapping looks direct; inspect source data values, signs, and scenario-specific series."
esto__09_07__Oil_refineries,Kerosene,ESTO,,,,,07_06_kerosene,balance_table_esto_axis,esto_flow,esto_product,esto_pair_axis,,esto_pair,,,direct_mapping_numeric_gap,"Mapping looks direct; inspect source data values, signs, and scenario-specific series."
esto__09_07__Oil_refineries,Kerosene type jet fuel,ESTO,,,,,07_x_jet_fuel,dashboard_template_esto_axis,dashboard_template,dashboard_template,esto_pair_axis,Template-declared ESTO-axis row with no LEAP export row.,esto_pair,,,aggregate_fuel_mapping,The 9th fuel is an aggregate bucket; compare against sibling fuels and the shared aggregate fuel audit.
esto__09_07__Oil_refineries,Kerosene type jet fuel,Target,,,,,07_x_jet_fuel,dashboard_template_esto_axis,dashboard_template,dashboard_template,esto_pair_axis,Template-declared ESTO-axis row with no LEAP export row.,esto_pair,,,aggregate_fuel_mapping,The 9th fuel is an aggregate bucket; compare against sibling fuels and the shared aggregate fuel audit.
esto__09_07__Oil_refineries,LPG,ESTO,,,,,07_09_lpg,balance_table_esto_axis,esto_flow,esto_product,esto_pair_axis,,esto_pair,,,direct_mapping_numeric_gap,"Mapping looks direct; inspect source data values, signs, and scenario-specific series."
esto__09_07__Oil_refineries,Lubricants,ESTO,,,,,07_x_other_petroleum_products,dashboard_template_esto_axis,dashboard_template,dashboard_template,esto_pair_axis,Template-declared ESTO-axis row with no LEAP export row.,esto_pair,,,aggregate_fuel_mapping,The 9th fuel is an aggregate bucket; compare against sibling fuels and the shared aggregate fuel audit.
esto__09_07__Oil_refineries,Motor gasoline,ESTO,,,,,07_01_motor_gasoline,balance_table_esto_axis,esto_flow,esto_product,esto_pair_axis,,esto_pair,,,direct_mapping_numeric_gap,"Mapping looks direct; inspect source data values, signs, and scenario-specific series."
esto__09_07__Oil_refineries,Naphtha,ESTO,,,,,07_03_naphtha,balance_table_esto_axis,esto_flow,esto_product,esto_pair_axis,,esto_pair,,,direct_mapping_numeric_gap,"Mapping looks direct; inspect source data values, signs, and scenario-specific series."
esto__09_07__Oil_refineries,Natural gas liquids,ESTO,,,,,06_02_natural_gas_liquids,balance_table_esto_axis,esto_flow,esto_product,esto_pair_axis,,esto_pair,,,direct_mapping_numeric_gap,"Mapping looks direct; inspect source data values, signs, and scenario-specific series."
esto__09_07__Oil_refineries,Other hydrocarbons,ESTO,,,,,06_x_other_hydrocarbons,balance_table_esto_axis,esto_flow,esto_product,esto_pair_axis,,esto_pair,,,aggregate_fuel_mapping,The 9th fuel is an aggregate bucket; compare against sibling fuels and the shared aggregate fuel audit.
esto__09_07__Oil_refineries,Other products,ESTO,,,,,07_x_other_petroleum_products,dashboard_template_esto_axis,dashboard_template,dashboard_template,esto_pair_axis,Template-declared ESTO-axis row with no LEAP export row.,esto_pair,,,aggregate_fuel_mapping,The 9th fuel is an aggregate bucket; compare against sibling fuels and the shared aggregate fuel audit.
esto__09_07__Oil_refineries,Paraffin  waxes,ESTO,,,,,07_x_other_petroleum_products,dashboard_template_esto_axis,dashboard_template,dashboard_template,esto_pair_axis,Template-declared ESTO-axis row with no LEAP export row.,esto_pair,,,aggregate_fuel_mapping,The 9th fuel is an aggregate bucket; compare against sibling fuels and the shared aggregate fuel audit.
esto__09_07__Oil_refineries,PetProd nonspecified,ESTO,,,,,07_petroleum_products_unallocated,balance_table_esto_axis,esto_flow,esto_product,esto_pair_axis,,esto_pair,,,direct_mapping_numeric_gap,"Mapping looks direct; inspect source data values, signs, and scenario-specific series."
esto__09_07__Oil_refineries,PetProd nonspecified,Target,,,,,07_petroleum_products_unallocated,balance_table_esto_axis,esto_flow,esto_product,esto_pair_axis,,esto_pair,,,direct_mapping_numeric_gap,"Mapping looks direct; inspect source data values, signs, and scenario-specific series."
esto__09_07__Oil_refineries,Petroleum coke,ESTO,,,,,,dashboard_template_esto_axis,dashboard_template,dashboard_template,esto_pair_axis,Template-declared ESTO-axis row with no LEAP export row.,esto_pair,,,direct_mapping_numeric_gap,"Mapping looks direct; inspect source data values, signs, and scenario-specific series."
esto__09_07__Oil_refineries,Refinery feedstocks,ESTO,,,,,06_x_other_hydrocarbons,dashboard_template_esto_axis,dashboard_template,dashboard_template,esto_pair_axis,Template-declared ESTO-axis row with no LEAP export row.,esto_pair,,,aggregate_fuel_mapping,The 9th fuel is an aggregate bucket; compare against sibling fuels and the shared aggregate fuel audit.
esto__09_07__Oil_refineries,Refinery gas (not liquefied),ESTO,,,,,07_10_refinery_gas_not_liquefied,dashboard_template_esto_axis,dashboard_template,dashboard_template,esto_pair_axis,Template-declared ESTO-axis row with no LEAP export row.,esto_pair,,,direct_mapping_numeric_gap,"Mapping looks direct; inspect source data values, signs, and scenario-specific series."
esto__09_07__Oil_refineries,Refinery gas (not liquefied),Target,,,,,07_10_refinery_gas_not_liquefied,dashboard_template_esto_axis,dashboard_template,dashboard_template,esto_pair_axis,Template-declared ESTO-axis row with no LEAP export row.,esto_pair,,,direct_mapping_numeric_gap,"Mapping looks direct; inspect source data values, signs, and scenario-specific series."
esto__09_07__Oil_refineries,White spirit SBP,ESTO,,,,,07_x_other_petroleum_products,dashboard_template_esto_axis,dashboard_template,dashboard_template,esto_pair_axis,Template-declared ESTO-axis row with no LEAP export row.,esto_pair,,,aggregate_fuel_mapping,The 9th fuel is an aggregate bucket; compare against sibling fuels and the shared aggregate fuel audit.
esto__09_08_01__Coke_ovens,Blast furnace gas,ESTO,,,,,,balance_table_esto_axis,esto_flow,esto_product,esto_pair_axis,No 9th pairs found for this ESTO flow/product.,esto_pair,,,direct_mapping_numeric_gap,"Mapping looks direct; inspect source data values, signs, and scenario-specific series."
esto__09_08_01__Coke_ovens,Blast furnace gas,Target,,,,,,balance_table_esto_axis,esto_flow,esto_product,esto_pair_axis,No 9th pairs found for this ESTO flow/product.,esto_pair,,,direct_mapping_numeric_gap,"Mapping looks direct; inspect source data values, signs, and scenario-specific series."
esto__09_08_01__Coke_ovens,Coke oven coke,ESTO,,,,,,balance_table_esto_axis,esto_flow,esto_product,esto_pair_axis,No 9th pairs found for this ESTO flow/product.,esto_pair,,,direct_mapping_numeric_gap,"Mapping looks direct; inspect source data values, signs, and scenario-specific series."
esto__09_08_01__Coke_ovens,Coke oven coke,Target,,,,,,balance_table_esto_axis,esto_flow,esto_product,esto_pair_axis,No 9th pairs found for this ESTO flow/product.,esto_pair,,,direct_mapping_numeric_gap,"Mapping looks direct; inspect source data values, signs, and scenario-specific series."
esto__09_08_01__Coke_ovens,Coke oven gas,ESTO,,,,,,balance_table_esto_axis,esto_flow,esto_product,esto_pair_axis,No 9th pairs found for this ESTO flow/product.,esto_pair,,,direct_mapping_numeric_gap,"Mapping looks direct; inspect source data values, signs, and scenario-specific series."
esto__09_08_01__Coke_ovens,Coke oven gas,Target,,,,,,balance_table_esto_axis,esto_flow,esto_product,esto_pair_axis,No 9th pairs found for this ESTO flow/product.,esto_pair,,,direct_mapping_numeric_gap,"Mapping looks direct; inspect source data values, signs, and scenario-specific series."
esto__09_08_01__Coke_ovens,Coking coal,ESTO,,,,,,balance_table_esto_axis,esto_flow,esto_product,esto_pair_axis,No 9th pairs found for this ESTO flow/product.,esto_pair,,,direct_mapping_numeric_gap,"Mapping looks direct; inspect source data values, signs, and scenario-specific series."
esto__09_08_01__Coke_ovens,Coking coal,Target,,,,,,balance_table_esto_axis,esto_flow,esto_product,esto_pair_axis,No 9th pairs found for this ESTO flow/product.,esto_pair,,,direct_mapping_numeric_gap,"Mapping looks direct; inspect source data values, signs, and scenario-specific series."
esto__09_08_01__Coke_ovens,Electricity,ESTO,,,,,,balance_table_esto_axis,esto_flow,esto_product,esto_pair_axis,No 9th pairs found for this ESTO flow/product.,esto_pair,,,direct_mapping_numeric_gap,"Mapping looks direct; inspect source data values, signs, and scenario-specific series."
esto__09_08_01__Coke_ovens,Electricity,Target,,,,,,balance_table_esto_axis,esto_flow,esto_product,esto_pair_axis,No 9th pairs found for this ESTO flow/product.,esto_pair,,,direct_mapping_numeric_gap,"Mapping looks direct; inspect source data values, signs, and scenario-specific series."
esto__09_08_01__Coke_ovens,Gas/diesel oil,ESTO,,,,,,balance_table_esto_axis,esto_flow,esto_product,esto_pair_axis,No 9th pairs found for this ESTO flow/product.,esto_pair,,,direct_mapping_numeric_gap,"Mapping looks direct; inspect source data values, signs, and scenario-specific series."
esto__09_08_01__Coke_ovens,Kerosene,ESTO,,,,,,balance_table_esto_axis,esto_flow,esto_product,esto_pair_axis,No 9th pairs found for this ESTO flow/product.,esto_pair,,,direct_mapping_numeric_gap,"Mapping looks direct; inspect source data values, signs, and scenario-specific series."
esto__09_08_01__Coke_ovens,LPG,ESTO,,,,,,balance_table_esto_axis,esto_flow,esto_product,esto_pair_axis,No 9th pairs found for this ESTO flow/product.,esto_pair,,,direct_mapping_numeric_gap,"Mapping looks direct; inspect source data values, signs, and scenario-specific series."
esto__09_08_01__Coke_ovens,Natural gas,ESTO,,,,,,balance_table_esto_axis,esto_flow,esto_product,esto_pair_axis,No 9th pairs found for this ESTO flow/product.,esto_pair,,,direct_mapping_numeric_gap,"Mapping looks direct; inspect source data values, signs, and scenario-specific series."
esto__09_08_01__Coke_ovens,Other recovered gases,ESTO,,,,,,balance_table_esto_axis,esto_flow,esto_product,esto_pair_axis,No 9th pairs found for this ESTO flow/product.,esto_pair,,,direct_mapping_numeric_gap,"Mapping looks direct; inspect source data values, signs, and scenario-specific series."
esto__09_08_02__Blast_furnaces,Blast furnace gas,ESTO,,,,,,balance_table_esto_axis,esto_flow,esto_product,esto_pair_axis,No 9th pairs found for this ESTO flow/product.,esto_pair,,,direct_mapping_numeric_gap,"Mapping looks direct; inspect source data values, signs, and scenario-specific series."
esto__09_08_02__Blast_furnaces,Blast furnace gas,Target,,,,,,balance_table_esto_axis,esto_flow,esto_product,esto_pair_axis,No 9th pairs found for this ESTO flow/product.,esto_pair,,,direct_mapping_numeric_gap,"Mapping looks direct; inspect source data values, signs, and scenario-specific series."
esto__09_08_02__Blast_furnaces,Coke oven coke,ESTO,,,,,,balance_table_esto_axis,esto_flow,esto_product,esto_pair_axis,No 9th pairs found for this ESTO flow/product.,esto_pair,,,direct_mapping_numeric_gap,"Mapping looks direct; inspect source data values, signs, and scenario-specific series."
esto__09_08_02__Blast_furnaces,Coke oven coke,Target,,,,,,balance_table_esto_axis,esto_flow,esto_product,esto_pair_axis,No 9th pairs found for this ESTO flow/product.,esto_pair,,,direct_mapping_numeric_gap,"Mapping looks direct; inspect source data values, signs, and scenario-specific series."
esto__09_08_02__Blast_furnaces,Coke oven gas,ESTO,,,,,,balance_table_esto_axis,esto_flow,esto_product,esto_pair_axis,No 9th pairs found for this ESTO flow/product.,esto_pair,,,direct_mapping_numeric_gap,"Mapping looks direct; inspect source data values, signs, and scenario-specific series."
esto__09_08_02__Blast_furnaces,Coke oven gas,Target,,,,,,balance_table_esto_axis,esto_flow,esto_product,esto_pair_axis,No 9th pairs found for this ESTO flow/product.,esto_pair,,,direct_mapping_numeric_gap,"Mapping looks direct; inspect source data values, signs, and scenario-specific series."
esto__09_08_02__Blast_furnaces,Electricity,ESTO,,,,,,balance_table_esto_axis,esto_flow,esto_product,esto_pair_axis,No 9th pairs found for this ESTO flow/product.,esto_pair,,,direct_mapping_numeric_gap,"Mapping looks direct; inspect source data values, signs, and scenario-specific series."
esto__09_08_02__Blast_furnaces,Electricity,Target,,,,,,balance_table_esto_axis,esto_flow,esto_product,esto_pair_axis,No 9th pairs found for this ESTO flow/product.,esto_pair,,,direct_mapping_numeric_gap,"Mapping looks direct; inspect source data values, signs, and scenario-specific series."
esto__09_08_02__Blast_furnaces,Fuel oil,ESTO,,,,,,balance_table_esto_axis,esto_flow,esto_product,esto_pair_axis,No 9th pairs found for this ESTO flow/product.,esto_pair,,,direct_mapping_numeric_gap,"Mapping looks direct; inspect source data values, signs, and scenario-specific series."
esto__09_08_02__Blast_furnaces,Fuel oil,Target,,,,,,balance_table_esto_axis,esto_flow,esto_product,esto_pair_axis,No 9th pairs found for this ESTO flow/product.,esto_pair,,,direct_mapping_numeric_gap,"Mapping looks direct; inspect source data values, signs, and scenario-specific series."
esto__09_08_02__Blast_furnaces,Natural gas,ESTO,,,,,,balance_table_esto_axis,esto_flow,esto_product,esto_pair_axis,No 9th pairs found for this ESTO flow/product.,esto_pair,,,direct_mapping_numeric_gap,"Mapping looks direct; inspect source data values, signs, and scenario-specific series."
esto__09_08_02__Blast_furnaces,Natural gas,Target,,,,,,balance_table_esto_axis,esto_flow,esto_product,esto_pair_axis,No 9th pairs found for this ESTO flow/product.,esto_pair,,,direct_mapping_numeric_gap,"Mapping looks direct; inspect source data values, signs, and scenario-specific series."
esto__09_08_02__Blast_furnaces,Other bituminous coal,ESTO,,,,,,balance_table_esto_axis,esto_flow,esto_product,esto_pair_axis,No 9th pairs found for this ESTO flow/product.,esto_pair,,,direct_mapping_numeric_gap,"Mapping looks direct; inspect source data values, signs, and scenario-specific series."
esto__09_08_02__Blast_furnaces,Other bituminous coal,Target,,,,,,balance_table_esto_axis,esto_flow,esto_product,esto_pair_axis,No 9th pairs found for this ESTO flow/product.,esto_pair,,,direct_mapping_numeric_gap,"Mapping looks direct; inspect source data values, signs, and scenario-specific series."
esto__09_08__Coal_transformation,Coke oven coke,Target,,,,,02_coal_products,balance_table_esto_axis,esto_flow,esto_product,esto_pair_axis,,esto_pair,,,direct_mapping_numeric_gap,"Mapping looks direct; inspect source data values, signs, and scenario-specific series."
esto__09_08__Coal_transformation,Coke oven gas,Target,,,,,16_02_industrial_waste,balance_table_esto_axis,esto_flow,esto_product,esto_pair_axis,,esto_pair,,,direct_mapping_numeric_gap,"Mapping looks direct; inspect source data values, signs, and scenario-specific series."
esto__09_12__Non-specified_transformation,Electricity,ESTO,,,,,17_electricity,balance_table_esto_axis,esto_flow,esto_product,esto_pair_axis,,esto_pair,,,direct_mapping_numeric_gap,"Mapping looks direct; inspect source data values, signs, and scenario-specific series."
esto__09_12__Non-specified_transformation,Electricity,Target,,,,,17_electricity,balance_table_esto_axis,esto_flow,esto_product,esto_pair_axis,,esto_pair,,,direct_mapping_numeric_gap,"Mapping looks direct; inspect source data values, signs, and scenario-specific series."
esto__09_12__Non-specified_transformation,Fuel oil,ESTO,,,,,07_08_fuel_oil,balance_table_esto_axis,esto_flow,esto_product,esto_pair_axis,,esto_pair,,,direct_mapping_numeric_gap,"Mapping looks direct; inspect source data values, signs, and scenario-specific series."
esto__09_12__Non-specified_transformation,Gas/diesel oil,ESTO,,,,,07_07_gas_diesel_oil,balance_table_esto_axis,esto_flow,esto_product,esto_pair_axis,,esto_pair,,,direct_mapping_numeric_gap,"Mapping looks direct; inspect source data values, signs, and scenario-specific series."
esto__09_12__Non-specified_transformation,Kerosene,ESTO,,,,,07_06_kerosene,balance_table_esto_axis,esto_flow,esto_product,esto_pair_axis,,esto_pair,,,direct_mapping_numeric_gap,"Mapping looks direct; inspect source data values, signs, and scenario-specific series."
esto__09_12__Non-specified_transformation,LPG,ESTO,,,,,07_09_lpg,balance_table_esto_axis,esto_flow,esto_product,esto_pair_axis,,esto_pair,,,direct_mapping_numeric_gap,"Mapping looks direct; inspect source data values, signs, and scenario-specific series."
esto__09_12__Non-specified_transformation,Motor gasoline,ESTO,,,,,07_01_motor_gasoline,balance_table_esto_axis,esto_flow,esto_product,esto_pair_axis,,esto_pair,,,direct_mapping_numeric_gap,"Mapping looks direct; inspect source data values, signs, and scenario-specific series."
esto__09_12__Non-specified_transformation,Natural gas,ESTO,,,,,08_01_natural_gas,balance_table_esto_axis,esto_flow,esto_product,esto_pair_axis,,esto_pair,,,direct_mapping_numeric_gap,"Mapping looks direct; inspect source data values, signs, and scenario-specific series."
esto__09_12__Non-specified_transformation,Other biomass,ESTO,,,,,15_05_other_biomass,balance_table_esto_axis,esto_flow,esto_product,esto_pair_axis,,esto_pair,,,direct_mapping_numeric_gap,"Mapping looks direct; inspect source data values, signs, and scenario-specific series."
esto__09_12__Non-specified_transformation,Other hydrocarbons,ESTO,,,,,06_x_other_hydrocarbons,balance_table_esto_axis,esto_flow,esto_product,esto_pair_axis,,esto_pair,,,aggregate_fuel_mapping,The 9th fuel is an aggregate bucket; compare against sibling fuels and the shared aggregate fuel audit.
esto__09_12__Non-specified_transformation,Other products,ESTO,,,,,07_x_other_petroleum_products,balance_table_esto_axis,esto_flow,esto_product,esto_pair_axis,,esto_pair,,,aggregate_fuel_mapping,The 9th fuel is an aggregate bucket; compare against sibling fuels and the shared aggregate fuel audit.
esto__09_13_01__Electrolysers,Ammonia,ESTO,,,,,16_x_ammonia,balance_table_esto_axis,esto_flow,esto_product,esto_pair_axis,,esto_pair,,,aggregate_fuel_mapping,The 9th fuel is an aggregate bucket; compare against sibling fuels and the shared aggregate fuel audit.
esto__09_13_01__Electrolysers,Ammonia,Target,,,,,16_x_ammonia,balance_table_esto_axis,esto_flow,esto_product,esto_pair_axis,,esto_pair,,,aggregate_fuel_mapping,The 9th fuel is an aggregate bucket; compare against sibling fuels and the shared aggregate fuel audit.
esto__09_13_01__Electrolysers,E-fuel,ESTO,,,,,16_x_efuel,balance_table_esto_axis,esto_flow,esto_product,esto_pair_axis,,esto_pair,,,aggregate_fuel_mapping,The 9th fuel is an aggregate bucket; compare against sibling fuels and the shared aggregate fuel audit.
esto__09_13_01__Electrolysers,E-fuel,Target,,,,,16_x_efuel,balance_table_esto_axis,esto_flow,esto_product,esto_pair_axis,,esto_pair,,,aggregate_fuel_mapping,The 9th fuel is an aggregate bucket; compare against sibling fuels and the shared aggregate fuel audit.
esto__09_13_01__Electrolysers,Electricity,ESTO,,,,,17_x_green_electricity,balance_table_esto_axis,esto_flow,esto_product,esto_pair_axis,,esto_pair,,,aggregate_fuel_mapping,The 9th fuel is an aggregate bucket; compare against sibling fuels and the shared aggregate fuel audit.
esto__09_13_01__Electrolysers,Electricity,Target,,,,,17_x_green_electricity,balance_table_esto_axis,esto_flow,esto_product,esto_pair_axis,,esto_pair,,,aggregate_fuel_mapping,The 9th fuel is an aggregate bucket; compare against sibling fuels and the shared aggregate fuel audit.
esto__09_13_01__Electrolysers,Hydrogen,ESTO,,,,,16_x_hydrogen,balance_table_esto_axis,esto_flow,esto_product,esto_pair_axis,,esto_pair,,,aggregate_fuel_mapping,The 9th fuel is an aggregate bucket; compare against sibling fuels and the shared aggregate fuel audit.
esto__09_13_01__Electrolysers,Hydrogen,Target,,,,,16_x_hydrogen,balance_table_esto_axis,esto_flow,esto_product,esto_pair_axis,,esto_pair,,,aggregate_fuel_mapping,The 9th fuel is an aggregate bucket; compare against sibling fuels and the shared aggregate fuel audit.
esto__09_13_03__SMR_w_CCS,Ammonia,ESTO,,,,,16_x_ammonia,balance_table_esto_axis,esto_flow,esto_product,esto_pair_axis,,esto_pair,,,aggregate_fuel_mapping,The 9th fuel is an aggregate bucket; compare against sibling fuels and the shared aggregate fuel audit.
esto__09_13_03__SMR_w_CCS,E-fuel,ESTO,,,,,16_x_efuel,balance_table_esto_axis,esto_flow,esto_product,esto_pair_axis,,esto_pair,,,aggregate_fuel_mapping,The 9th fuel is an aggregate bucket; compare against sibling fuels and the shared aggregate fuel audit.
esto__09_13_03__SMR_w_CCS,E-fuel,Target,,,,,16_x_efuel,balance_table_esto_axis,esto_flow,esto_product,esto_pair_axis,,esto_pair,,,aggregate_fuel_mapping,The 9th fuel is an aggregate bucket; compare against sibling fuels and the shared aggregate fuel audit.
esto__09_13_03__SMR_w_CCS,Hydrogen,ESTO,,,,,16_x_hydrogen,balance_table_esto_axis,esto_flow,esto_product,esto_pair_axis,,esto_pair,,,aggregate_fuel_mapping,The 9th fuel is an aggregate bucket; compare against sibling fuels and the shared aggregate fuel audit.
esto__09_13_03__SMR_w_CCS,Natural gas,ESTO,,,,,08_01_natural_gas,balance_table_esto_axis,esto_flow,esto_product,esto_pair_axis,,esto_pair,,,direct_mapping_numeric_gap,"Mapping looks direct; inspect source data values, signs, and scenario-specific series."
esto__09_13__Hydrogen_transformation,Ammonia,ESTO,,,,,16_x_ammonia,balance_table_esto_axis,esto_flow,esto_product,esto_pair_axis,,esto_pair,,,aggregate_fuel_mapping,The 9th fuel is an aggregate bucket; compare against sibling fuels and the shared aggregate fuel audit.
esto__09_13__Hydrogen_transformation,E-fuel,ESTO,,,,,16_x_efuel,balance_table_esto_axis,esto_flow,esto_product,esto_pair_axis,,esto_pair,,,aggregate_fuel_mapping,The 9th fuel is an aggregate bucket; compare against sibling fuels and the shared aggregate fuel audit.
esto__09_13__Hydrogen_transformation,E-fuel,Target,,,,,16_x_efuel,balance_table_esto_axis,esto_flow,esto_product,esto_pair_axis,,esto_pair,,,aggregate_fuel_mapping,The 9th fuel is an aggregate bucket; compare against sibling fuels and the shared aggregate fuel audit.
esto__09_13__Hydrogen_transformation,Hydrogen,ESTO,,,,,16_x_hydrogen,balance_table_esto_axis,esto_flow,esto_product,esto_pair_axis,,esto_pair,,,aggregate_fuel_mapping,The 9th fuel is an aggregate bucket; compare against sibling fuels and the shared aggregate fuel audit.
esto__09_13__Hydrogen_transformation,Natural gas,ESTO,,,,,08_01_natural_gas,balance_table_esto_axis,esto_flow,esto_product,esto_pair_axis,,esto_pair,,,direct_mapping_numeric_gap,"Mapping looks direct; inspect source data values, signs, and scenario-specific series."
esto__09__Total_transformation_sector,Ammonia,ESTO,,,,,16_x_ammonia,balance_table_esto_axis,esto_flow,esto_product,esto_pair_axis,,esto_pair,,,aggregate_fuel_mapping,The 9th fuel is an aggregate bucket; compare against sibling fuels and the shared aggregate fuel audit.
esto__09__Total_transformation_sector,Bitumen,Target,,,,,07_x_other_petroleum_products,balance_table_esto_axis,esto_flow,esto_product,esto_pair_axis,,esto_pair,,,aggregate_fuel_mapping,The 9th fuel is an aggregate bucket; compare against sibling fuels and the shared aggregate fuel audit.
esto__09__Total_transformation_sector,Coke oven gas,Target,,,,,16_02_industrial_waste,balance_table_esto_axis,esto_flow,esto_product,esto_pair_axis,,esto_pair,,,direct_mapping_numeric_gap,"Mapping looks direct; inspect source data values, signs, and scenario-specific series."
esto__09__Total_transformation_sector,E-fuel,ESTO,,,,,16_x_efuel,balance_table_esto_axis,esto_flow,esto_product,esto_pair_axis,,esto_pair,,,aggregate_fuel_mapping,The 9th fuel is an aggregate bucket; compare against sibling fuels and the shared aggregate fuel audit.
esto__09__Total_transformation_sector,E-fuel,Target,,,,,16_x_efuel,balance_table_esto_axis,esto_flow,esto_product,esto_pair_axis,,esto_pair,,,aggregate_fuel_mapping,The 9th fuel is an aggregate bucket; compare against sibling fuels and the shared aggregate fuel audit.
esto__09__Total_transformation_sector,Hydrogen,ESTO,,,,,16_x_hydrogen,balance_table_esto_axis,esto_flow,esto_product,esto_pair_axis,,esto_pair,,,aggregate_fuel_mapping,The 9th fuel is an aggregate bucket; compare against sibling fuels and the shared aggregate fuel audit.
esto__09__Total_transformation_sector,Industrial waste,Target,,,,,16_02_industrial_waste,balance_table_esto_axis,esto_flow,esto_product,esto_pair_axis,,esto_pair,,,direct_mapping_numeric_gap,"Mapping looks direct; inspect source data values, signs, and scenario-specific series."
esto__09__Total_transformation_sector,Other products,Target,,,,,07_x_other_petroleum_products,balance_table_esto_axis,esto_flow,esto_product,esto_pair_axis,,esto_pair,,,aggregate_fuel_mapping,The 9th fuel is an aggregate bucket; compare against sibling fuels and the shared aggregate fuel audit.
esto__09__Total_transformation_sector,Petroleum coke,Target,,,,,02_coal_products,balance_table_esto_axis,esto_flow,esto_product,esto_pair_axis,,esto_pair,,,direct_mapping_numeric_gap,"Mapping looks direct; inspect source data values, signs, and scenario-specific series."
esto__09__Total_transformation_sector,Refinery feedstocks,Target,,,,,06_x_other_hydrocarbons,balance_table_esto_axis,esto_flow,esto_product,esto_pair_axis,,esto_pair,,,aggregate_fuel_mapping,The 9th fuel is an aggregate bucket; compare against sibling fuels and the shared aggregate fuel audit.
esto__09__Total_transformation_sector,Sub-bituminous coal,Target,,,,,01_x_thermal_coal,balance_table_esto_axis,esto_flow,esto_product,esto_pair_axis,,esto_pair,,,aggregate_fuel_mapping,The 9th fuel is an aggregate bucket; compare against sibling fuels and the shared aggregate fuel audit.
esto__10_01_11__Oil_refineries,Aviation gasoline,ESTO,,,,,07_02_aviation_gasoline,dashboard_template_esto_axis,dashboard_template,dashboard_template,esto_pair_axis,Template-declared ESTO-axis row with no LEAP export row.,esto_pair,,,direct_mapping_numeric_gap,"Mapping looks direct; inspect source data values, signs, and scenario-specific series."
esto__10_01_11__Oil_refineries,Aviation gasoline,Target,,,,,07_02_aviation_gasoline,dashboard_template_esto_axis,dashboard_template,dashboard_template,esto_pair_axis,Template-declared ESTO-axis row with no LEAP export row.,esto_pair,,,direct_mapping_numeric_gap,"Mapping looks direct; inspect source data values, signs, and scenario-specific series."
esto__10_01_11__Oil_refineries,Bitumen,ESTO,,,,,,dashboard_template_esto_axis,dashboard_template,dashboard_template,esto_pair_axis,Template-declared ESTO-axis row with no LEAP export row.,esto_pair,,,direct_mapping_numeric_gap,"Mapping looks direct; inspect source data values, signs, and scenario-specific series."
esto__10_01_11__Oil_refineries,Electricity,ESTO,,,,,17_electricity,dashboard_template_esto_axis,dashboard_template,dashboard_template,esto_pair_axis,Template-declared ESTO-axis row with no LEAP export row.,esto_pair,,,direct_mapping_numeric_gap,"Mapping looks direct; inspect source data values, signs, and scenario-specific series."
esto__10_01_11__Oil_refineries,Electricity,Target,,,,,17_electricity,dashboard_template_esto_axis,dashboard_template,dashboard_template,esto_pair_axis,Template-declared ESTO-axis row with no LEAP export row.,esto_pair,,,direct_mapping_numeric_gap,"Mapping looks direct; inspect source data values, signs, and scenario-specific series."
esto__10_01_11__Oil_refineries,Ethane,ESTO,,,,,07_11_ethane,dashboard_template_esto_axis,dashboard_template,dashboard_template,esto_pair_axis,Template-declared ESTO-axis row with no LEAP export row.,esto_pair,,,direct_mapping_numeric_gap,"Mapping looks direct; inspect source data values, signs, and scenario-specific series."
esto__10_01_11__Oil_refineries,Ethane,Target,,,,,07_11_ethane,dashboard_template_esto_axis,dashboard_template,dashboard_template,esto_pair_axis,Template-declared ESTO-axis row with no LEAP export row.,esto_pair,,,direct_mapping_numeric_gap,"Mapping looks direct; inspect source data values, signs, and scenario-specific series."
esto__10_01_11__Oil_refineries,Fuel oil,ESTO,,,,,07_08_fuel_oil,dashboard_template_esto_axis,dashboard_template,dashboard_template,esto_pair_axis,Template-declared ESTO-axis row with no LEAP export row.,esto_pair,,,direct_mapping_numeric_gap,"Mapping looks direct; inspect source data values, signs, and scenario-specific series."
esto__10_01_11__Oil_refineries,Fuel oil,Target,,,,,07_08_fuel_oil,dashboard_template_esto_axis,dashboard_template,dashboard_template,esto_pair_axis,Template-declared ESTO-axis row with no LEAP export row.,esto_pair,,,direct_mapping_numeric_gap,"Mapping looks direct; inspect source data values, signs, and scenario-specific series."
esto__10_01_11__Oil_refineries,Gas/diesel oil,ESTO,,,,,07_07_gas_diesel_oil,dashboard_template_esto_axis,dashboard_template,dashboard_template,esto_pair_axis,Template-declared ESTO-axis row with no LEAP export row.,esto_pair,,,direct_mapping_numeric_gap,"Mapping looks direct; inspect source data values, signs, and scenario-specific series."
esto__10_01_11__Oil_refineries,Gas/diesel oil,Target,,,,,07_07_gas_diesel_oil,dashboard_template_esto_axis,dashboard_template,dashboard_template,esto_pair_axis,Template-declared ESTO-axis row with no LEAP export row.,esto_pair,,,direct_mapping_numeric_gap,"Mapping looks direct; inspect source data values, signs, and scenario-specific series."
esto__10_01_11__Oil_refineries,Gasoline type jet fuel,ESTO,,,,,07_x_jet_fuel,dashboard_template_esto_axis,dashboard_template,dashboard_template,esto_pair_axis,Template-declared ESTO-axis row with no LEAP export row.,esto_pair,,,aggregate_fuel_mapping,The 9th fuel is an aggregate bucket; compare against sibling fuels and the shared aggregate fuel audit.
esto__10_01_11__Oil_refineries,Gasoline type jet fuel,Target,,,,,07_x_jet_fuel,dashboard_template_esto_axis,dashboard_template,dashboard_template,esto_pair_axis,Template-declared ESTO-axis row with no LEAP export row.,esto_pair,,,aggregate_fuel_mapping,The 9th fuel is an aggregate bucket; compare against sibling fuels and the shared aggregate fuel audit.
esto__10_01_11__Oil_refineries,Heat,ESTO,,,,,,dashboard_template_esto_axis,dashboard_template,dashboard_template,esto_pair_axis,Template-declared ESTO-axis row with no LEAP export row.,esto_pair,,,direct_mapping_numeric_gap,"Mapping looks direct; inspect source data values, signs, and scenario-specific series."
esto__10_01_11__Oil_refineries,Kerosene,ESTO,,,,,07_06_kerosene,dashboard_template_esto_axis,dashboard_template,dashboard_template,esto_pair_axis,Template-declared ESTO-axis row with no LEAP export row.,esto_pair,,,direct_mapping_numeric_gap,"Mapping looks direct; inspect source data values, signs, and scenario-specific series."
esto__10_01_11__Oil_refineries,Kerosene,Target,,,,,07_06_kerosene,dashboard_template_esto_axis,dashboard_template,dashboard_template,esto_pair_axis,Template-declared ESTO-axis row with no LEAP export row.,esto_pair,,,direct_mapping_numeric_gap,"Mapping looks direct; inspect source data values, signs, and scenario-specific series."
esto__10_01_11__Oil_refineries,Kerosene type jet fuel,ESTO,,,,,07_x_jet_fuel,dashboard_template_esto_axis,dashboard_template,dashboard_template,esto_pair_axis,Template-declared ESTO-axis row with no LEAP export row.,esto_pair,,,aggregate_fuel_mapping,The 9th fuel is an aggregate bucket; compare against sibling fuels and the shared aggregate fuel audit.
esto__10_01_11__Oil_refineries,LPG,ESTO,,,,,07_09_lpg,dashboard_template_esto_axis,dashboard_template,dashboard_template,esto_pair_axis,Template-declared ESTO-axis row with no LEAP export row.,esto_pair,,,direct_mapping_numeric_gap,"Mapping looks direct; inspect source data values, signs, and scenario-specific series."
esto__10_01_11__Oil_refineries,LPG,Target,,,,,07_09_lpg,dashboard_template_esto_axis,dashboard_template,dashboard_template,esto_pair_axis,Template-declared ESTO-axis row with no LEAP export row.,esto_pair,,,direct_mapping_numeric_gap,"Mapping looks direct; inspect source data values, signs, and scenario-specific series."
esto__10_01_11__Oil_refineries,Lubricants,ESTO,,,,,,dashboard_template_esto_axis,dashboard_template,dashboard_template,esto_pair_axis,Template-declared ESTO-axis row with no LEAP export row.,esto_pair,,,direct_mapping_numeric_gap,"Mapping looks direct; inspect source data values, signs, and scenario-specific series."
esto__10_01_11__Oil_refineries,Motor gasoline,ESTO,,,,,07_01_motor_gasoline,dashboard_template_esto_axis,dashboard_template,dashboard_template,esto_pair_axis,Template-declared ESTO-axis row with no LEAP export row.,esto_pair,,,direct_mapping_numeric_gap,"Mapping looks direct; inspect source data values, signs, and scenario-specific series."
esto__10_01_11__Oil_refineries,Motor gasoline,Target,,,,,07_01_motor_gasoline,dashboard_template_esto_axis,dashboard_template,dashboard_template,esto_pair_axis,Template-declared ESTO-axis row with no LEAP export row.,esto_pair,,,direct_mapping_numeric_gap,"Mapping looks direct; inspect source data values, signs, and scenario-specific series."
esto__10_01_11__Oil_refineries,Naphtha,ESTO,,,,,07_03_naphtha,dashboard_template_esto_axis,dashboard_template,dashboard_template,esto_pair_axis,Template-declared ESTO-axis row with no LEAP export row.,esto_pair,,,direct_mapping_numeric_gap,"Mapping looks direct; inspect source data values, signs, and scenario-specific series."
esto__10_01_11__Oil_refineries,Naphtha,Target,,,,,07_03_naphtha,dashboard_template_esto_axis,dashboard_template,dashboard_template,esto_pair_axis,Template-declared ESTO-axis row with no LEAP export row.,esto_pair,,,direct_mapping_numeric_gap,"Mapping looks direct; inspect source data values, signs, and scenario-specific series."
esto__10_01_11__Oil_refineries,Natural gas,ESTO,,,,,08_01_natural_gas,dashboard_template_esto_axis,dashboard_template,dashboard_template,esto_pair_axis,Template-declared ESTO-axis row with no LEAP export row.,esto_pair,,,direct_mapping_numeric_gap,"Mapping looks direct; inspect source data values, signs, and scenario-specific series."
esto__10_01_11__Oil_refineries,Natural gas,Target,,,,,08_01_natural_gas,dashboard_template_esto_axis,dashboard_template,dashboard_template,esto_pair_axis,Template-declared ESTO-axis row with no LEAP export row.,esto_pair,,,direct_mapping_numeric_gap,"Mapping looks direct; inspect source data values, signs, and scenario-specific series."
esto__10_01_11__Oil_refineries,Other products,ESTO,,,,,,dashboard_template_esto_axis,dashboard_template,dashboard_template,esto_pair_axis,Template-declared ESTO-axis row with no LEAP export row.,esto_pair,,,direct_mapping_numeric_gap,"Mapping looks direct; inspect source data values, signs, and scenario-specific series."
esto__10_01_11__Oil_refineries,PetProd nonspecified,ESTO,,,,,07_x_other_petroleum_products,dashboard_template_esto_axis,dashboard_template,dashboard_template,esto_pair_axis,Template-declared ESTO-axis row with no LEAP export row.,esto_pair,,,aggregate_fuel_mapping,The 9th fuel is an aggregate bucket; compare against sibling fuels and the shared aggregate fuel audit.
esto__10_01_11__Oil_refineries,PetProd nonspecified,Target,,,,,07_x_other_petroleum_products,dashboard_template_esto_axis,dashboard_template,dashboard_template,esto_pair_axis,Template-declared ESTO-axis row with no LEAP export row.,esto_pair,,,aggregate_fuel_mapping,The 9th fuel is an aggregate bucket; compare against sibling fuels and the shared aggregate fuel audit.
esto__10_01_11__Oil_refineries,Petroleum coke,ESTO,,,,,,dashboard_template_esto_axis,dashboard_template,dashboard_template,esto_pair_axis,Template-declared ESTO-axis row with no LEAP export row.,esto_pair,,,direct_mapping_numeric_gap,"Mapping looks direct; inspect source data values, signs, and scenario-specific series."
esto__10_01_11__Oil_refineries,Refinery gas (not liquefied),ESTO,,,,,07_10_refinery_gas_not_liquefied,dashboard_template_esto_axis,dashboard_template,dashboard_template,esto_pair_axis,Template-declared ESTO-axis row with no LEAP export row.,esto_pair,,,direct_mapping_numeric_gap,"Mapping looks direct; inspect source data values, signs, and scenario-specific series."
esto__10_01_11__Oil_refineries,Refinery gas (not liquefied),Target,,,,,07_10_refinery_gas_not_liquefied,dashboard_template_esto_axis,dashboard_template,dashboard_template,esto_pair_axis,Template-declared ESTO-axis row with no LEAP export row.,esto_pair,,,direct_mapping_numeric_gap,"Mapping looks direct; inspect source data values, signs, and scenario-specific series."
esto__10_01_17__Non-specified_own_uses,Electricity,ESTO,,,,,17_electricity,dashboard_template_esto_axis,dashboard_template,dashboard_template,esto_pair_axis,Template-declared ESTO-axis row with no LEAP export row.,esto_pair,,,direct_mapping_numeric_gap,"Mapping looks direct; inspect source data values, signs, and scenario-specific series."
esto__10_01_17__Non-specified_own_uses,Electricity,Target,,,,,17_electricity,dashboard_template_esto_axis,dashboard_template,dashboard_template,esto_pair_axis,Template-declared ESTO-axis row with no LEAP export row.,esto_pair,,,direct_mapping_numeric_gap,"Mapping looks direct; inspect source data values, signs, and scenario-specific series."
esto__10_02__Transmission_and_distribution_losses,Electricity,ESTO,,,,,17_electricity,balance_table_esto_axis,esto_flow,esto_product,esto_pair_axis,,esto_pair,,,direct_mapping_numeric_gap,"Mapping looks direct; inspect source data values, signs, and scenario-specific series."
esto__10_02__Transmission_and_distribution_losses,Heat,ESTO,,,,,18_heat,dashboard_template_esto_axis,dashboard_template,dashboard_template,esto_pair_axis,Template-declared ESTO-axis row with no LEAP export row.,esto_pair,,,direct_mapping_numeric_gap,"Mapping looks direct; inspect source data values, signs, and scenario-specific series."
esto__10_02__Transmission_and_distribution_losses,Heat,Target,,,,,18_heat,dashboard_template_esto_axis,dashboard_template,dashboard_template,esto_pair_axis,Template-declared ESTO-axis row with no LEAP export row.,esto_pair,,,direct_mapping_numeric_gap,"Mapping looks direct; inspect source data values, signs, and scenario-specific series."
esto__13__Total_final_energy_consumption,Ammonia,ESTO,,,,,16_x_ammonia,balance_table_esto_axis,esto_flow,esto_product,esto_pair_axis,,esto_pair,,,aggregate_fuel_mapping,The 9th fuel is an aggregate bucket; compare against sibling fuels and the shared aggregate fuel audit.
esto__13__Total_final_energy_consumption,Anthracite,ESTO,,,,,01_x_thermal_coal,balance_table_esto_axis,esto_flow,esto_product,esto_pair_axis,,esto_pair,,,aggregate_fuel_mapping,The 9th fuel is an aggregate bucket; compare against sibling fuels and the shared aggregate fuel audit.
esto__13__Total_final_energy_consumption,Aviation gasoline,ESTO,,,,,07_02_aviation_gasoline,balance_table_esto_axis,esto_flow,esto_product,esto_pair_axis,,esto_pair,,,direct_mapping_numeric_gap,"Mapping looks direct; inspect source data values, signs, and scenario-specific series."
esto__13__Total_final_energy_consumption,BKB/PB,ESTO,,,,,02_coal_products,balance_table_esto_axis,esto_flow,esto_product,esto_pair_axis,,esto_pair,,,direct_mapping_numeric_gap,"Mapping looks direct; inspect source data values, signs, and scenario-specific series."
esto__13__Total_final_energy_consumption,Bagasse,ESTO,,,,,15_02_bagasse,balance_table_esto_axis,esto_flow,esto_product,esto_pair_axis,,esto_pair,,,direct_mapping_numeric_gap,"Mapping looks direct; inspect source data values, signs, and scenario-specific series."
esto__13__Total_final_energy_consumption,Bio jet kerosene,ESTO,,,,,16_07_bio_jet_kerosene,balance_table_esto_axis,esto_flow,esto_product,esto_pair_axis,,esto_pair,,,direct_mapping_numeric_gap,"Mapping looks direct; inspect source data values, signs, and scenario-specific series."
esto__13__Total_final_energy_consumption,Biodiesel,ESTO,,,,,16_06_biodiesel,balance_table_esto_axis,esto_flow,esto_product,esto_pair_axis,,esto_pair,,,direct_mapping_numeric_gap,"Mapping looks direct; inspect source data values, signs, and scenario-specific series."
esto__13__Total_final_energy_consumption,Biogas,ESTO,,,,,16_01_biogas,balance_table_esto_axis,esto_flow,esto_product,esto_pair_axis,,esto_pair,,,direct_mapping_numeric_gap,"Mapping looks direct; inspect source data values, signs, and scenario-specific series."
esto__13__Total_final_energy_consumption,Biogasoline,ESTO,,,,,16_05_biogasoline,balance_table_esto_axis,esto_flow,esto_product,esto_pair_axis,,esto_pair,,,direct_mapping_numeric_gap,"Mapping looks direct; inspect source data values, signs, and scenario-specific series."
esto__13__Total_final_energy_consumption,Bitumen,ESTO,,,,,07_x_other_petroleum_products,balance_table_esto_axis,esto_flow,esto_product,esto_pair_axis,,esto_pair,,,aggregate_fuel_mapping,The 9th fuel is an aggregate bucket; compare against sibling fuels and the shared aggregate fuel audit.
esto__13__Total_final_energy_consumption,Black liqour,ESTO,,,,,15_04_black_liquor,balance_table_esto_axis,esto_flow,esto_product,esto_pair_axis,,esto_pair,,,direct_mapping_numeric_gap,"Mapping looks direct; inspect source data values, signs, and scenario-specific series."
esto__13__Total_final_energy_consumption,Blast furnace gas,ESTO,,,,,16_02_industrial_waste,balance_table_esto_axis,esto_flow,esto_product,esto_pair_axis,,esto_pair,,,direct_mapping_numeric_gap,"Mapping looks direct; inspect source data values, signs, and scenario-specific series."
esto__13__Total_final_energy_consumption,Charcoal,ESTO,,,,,15_03_charcoal,balance_table_esto_axis,esto_flow,esto_product,esto_pair_axis,,esto_pair,,,direct_mapping_numeric_gap,"Mapping looks direct; inspect source data values, signs, and scenario-specific series."
esto__13__Total_final_energy_consumption,Coal nonspecified,ESTO,,,,,01_coal_unallocated,balance_table_esto_axis,esto_flow,esto_product,esto_pair_axis,,esto_pair,,,direct_mapping_numeric_gap,"Mapping looks direct; inspect source data values, signs, and scenario-specific series."
esto__13__Total_final_energy_consumption,Coal tar,ESTO,,,,,02_coal_products,balance_table_esto_axis,esto_flow,esto_product,esto_pair_axis,,esto_pair,,,direct_mapping_numeric_gap,"Mapping looks direct; inspect source data values, signs, and scenario-specific series."
esto__13__Total_final_energy_consumption,Coal tar,Target,,,,,02_coal_products,balance_table_esto_axis,esto_flow,esto_product,esto_pair_axis,,esto_pair,,,direct_mapping_numeric_gap,"Mapping looks direct; inspect source data values, signs, and scenario-specific series."
esto__13__Total_final_energy_consumption,Coke oven coke,ESTO,,,,,02_coal_products,balance_table_esto_axis,esto_flow,esto_product,esto_pair_axis,,esto_pair,,,direct_mapping_numeric_gap,"Mapping looks direct; inspect source data values, signs, and scenario-specific series."
esto__13__Total_final_energy_consumption,Coke oven coke,Target,,,,,02_coal_products,balance_table_esto_axis,esto_flow,esto_product,esto_pair_axis,,esto_pair,,,direct_mapping_numeric_gap,"Mapping looks direct; inspect source data values, signs, and scenario-specific series."
esto__13__Total_final_energy_consumption,Coke oven gas,ESTO,,,,,16_02_industrial_waste,balance_table_esto_axis,esto_flow,esto_product,esto_pair_axis,,esto_pair,,,direct_mapping_numeric_gap,"Mapping looks direct; inspect source data values, signs, and scenario-specific series."
esto__13__Total_final_energy_consumption,Coke oven gas,Target,,,,,16_02_industrial_waste,balance_table_esto_axis,esto_flow,esto_product,esto_pair_axis,,esto_pair,,,direct_mapping_numeric_gap,"Mapping looks direct; inspect source data values, signs, and scenario-specific series."
esto__13__Total_final_energy_consumption,E-fuel,ESTO,,,,,16_x_efuel,balance_table_esto_axis,esto_flow,esto_product,esto_pair_axis,,esto_pair,,,aggregate_fuel_mapping,The 9th fuel is an aggregate bucket; compare against sibling fuels and the shared aggregate fuel audit.
esto__13__Total_final_energy_consumption,E-fuel,Target,,,,,16_x_efuel,balance_table_esto_axis,esto_flow,esto_product,esto_pair_axis,,esto_pair,,,aggregate_fuel_mapping,The 9th fuel is an aggregate bucket; compare against sibling fuels and the shared aggregate fuel audit.
esto__13__Total_final_energy_consumption,Electricity,ESTO,,,,,17_electricity,balance_table_esto_axis,esto_flow,esto_product,esto_pair_axis,,esto_pair,,,direct_mapping_numeric_gap,"Mapping looks direct; inspect source data values, signs, and scenario-specific series."
esto__13__Total_final_energy_consumption,Ethane,ESTO,,,,,07_11_ethane,balance_table_esto_axis,esto_flow,esto_product,esto_pair_axis,,esto_pair,,,direct_mapping_numeric_gap,"Mapping looks direct; inspect source data values, signs, and scenario-specific series."
esto__13__Total_final_energy_consumption,Fuel oil,ESTO,,,,,07_08_fuel_oil,balance_table_esto_axis,esto_flow,esto_product,esto_pair_axis,,esto_pair,,,direct_mapping_numeric_gap,"Mapping looks direct; inspect source data values, signs, and scenario-specific series."
esto__13__Total_final_energy_consumption,Fuelwood & woodwaste,ESTO,,,,,15_01_fuelwood_and_woodwaste,balance_table_esto_axis,esto_flow,esto_product,esto_pair_axis,,esto_pair,,,direct_mapping_numeric_gap,"Mapping looks direct; inspect source data values, signs, and scenario-specific series."
esto__13__Total_final_energy_consumption,Gas coke,ESTO,,,,,02_coal_products,balance_table_esto_axis,esto_flow,esto_product,esto_pair_axis,,esto_pair,,,direct_mapping_numeric_gap,"Mapping looks direct; inspect source data values, signs, and scenario-specific series."
esto__13__Total_final_energy_consumption,Gas coke,Target,,,,,02_coal_products,balance_table_esto_axis,esto_flow,esto_product,esto_pair_axis,,esto_pair,,,direct_mapping_numeric_gap,"Mapping looks direct; inspect source data values, signs, and scenario-specific series."
esto__13__Total_final_energy_consumption,Gas/diesel oil,ESTO,,,,,07_07_gas_diesel_oil,balance_table_esto_axis,esto_flow,esto_product,esto_pair_axis,,esto_pair,,,direct_mapping_numeric_gap,"Mapping looks direct; inspect source data values, signs, and scenario-specific series."
esto__13__Total_final_energy_consumption,Gasoline type jet fuel,ESTO,,,,,07_x_jet_fuel,balance_table_esto_axis,esto_flow,esto_product,esto_pair_axis,,esto_pair,,,aggregate_fuel_mapping,The 9th fuel is an aggregate bucket; compare against sibling fuels and the shared aggregate fuel audit.
esto__13__Total_final_energy_consumption,Geothermal,ESTO,,,,,11_geothermal,balance_table_esto_axis,esto_flow,esto_product,esto_pair_axis,,esto_pair,,,direct_mapping_numeric_gap,"Mapping looks direct; inspect source data values, signs, and scenario-specific series."
esto__13__Total_final_energy_consumption,Heat,ESTO,,,,,18_heat,balance_table_esto_axis,esto_flow,esto_product,esto_pair_axis,,esto_pair,,,direct_mapping_numeric_gap,"Mapping looks direct; inspect source data values, signs, and scenario-specific series."
esto__13__Total_final_energy_consumption,Hydrogen,ESTO,,,,,16_x_hydrogen,balance_table_esto_axis,esto_flow,esto_product,esto_pair_axis,,esto_pair,,,aggregate_fuel_mapping,The 9th fuel is an aggregate bucket; compare against sibling fuels and the shared aggregate fuel audit.
esto__13__Total_final_energy_consumption,Industrial waste,ESTO,,,,,16_02_industrial_waste,balance_table_esto_axis,esto_flow,esto_product,esto_pair_axis,,esto_pair,,,direct_mapping_numeric_gap,"Mapping looks direct; inspect source data values, signs, and scenario-specific series."
esto__13__Total_final_energy_consumption,Industrial waste,Target,,,,,16_02_industrial_waste,balance_table_esto_axis,esto_flow,esto_product,esto_pair_axis,,esto_pair,,,direct_mapping_numeric_gap,"Mapping looks direct; inspect source data values, signs, and scenario-specific series."
esto__13__Total_final_energy_consumption,Kerosene,ESTO,,,,,07_06_kerosene,balance_table_esto_axis,esto_flow,esto_product,esto_pair_axis,,esto_pair,,,direct_mapping_numeric_gap,"Mapping looks direct; inspect source data values, signs, and scenario-specific series."
esto__13__Total_final_energy_consumption,Kerosene type jet fuel,ESTO,,,,,07_x_jet_fuel,balance_table_esto_axis,esto_flow,esto_product,esto_pair_axis,,esto_pair,,,aggregate_fuel_mapping,The 9th fuel is an aggregate bucket; compare against sibling fuels and the shared aggregate fuel audit.
esto__13__Total_final_energy_consumption,Kerosene type jet fuel,Target,,,,,07_x_jet_fuel,balance_table_esto_axis,esto_flow,esto_product,esto_pair_axis,,esto_pair,,,aggregate_fuel_mapping,The 9th fuel is an aggregate bucket; compare against sibling fuels and the shared aggregate fuel audit.
esto__13__Total_final_energy_consumption,LNG,ESTO,,,,,08_02_lng,balance_table_esto_axis,esto_flow,esto_product,esto_pair_axis,,esto_pair,,,direct_mapping_numeric_gap,"Mapping looks direct; inspect source data values, signs, and scenario-specific series."
esto__13__Total_final_energy_consumption,LPG,ESTO,,,,,07_09_lpg,balance_table_esto_axis,esto_flow,esto_product,esto_pair_axis,,esto_pair,,,direct_mapping_numeric_gap,"Mapping looks direct; inspect source data values, signs, and scenario-specific series."
esto__13__Total_final_energy_consumption,Lignite,ESTO,,,,,01_05_lignite,balance_table_esto_axis,esto_flow,esto_product,esto_pair_axis,,esto_pair,,,direct_mapping_numeric_gap,"Mapping looks direct; inspect source data values, signs, and scenario-specific series."
esto__13__Total_final_energy_consumption,Lubricants,ESTO,,,,,07_x_other_petroleum_products,balance_table_esto_axis,esto_flow,esto_product,esto_pair_axis,,esto_pair,,,aggregate_fuel_mapping,The 9th fuel is an aggregate bucket; compare against sibling fuels and the shared aggregate fuel audit.
esto__13__Total_final_energy_consumption,Lubricants,Target,,,,,07_x_other_petroleum_products,balance_table_esto_axis,esto_flow,esto_product,esto_pair_axis,,esto_pair,,,aggregate_fuel_mapping,The 9th fuel is an aggregate bucket; compare against sibling fuels and the shared aggregate fuel audit.
esto__13__Total_final_energy_consumption,Motor gasoline,ESTO,,,,,07_01_motor_gasoline,balance_table_esto_axis,esto_flow,esto_product,esto_pair_axis,,esto_pair,,,direct_mapping_numeric_gap,"Mapping looks direct; inspect source data values, signs, and scenario-specific series."
esto__13__Total_final_energy_consumption,Municipal solid waste (non-renewable),ESTO,,,,,16_04_municipal_solid_waste_nonrenewable,balance_table_esto_axis,esto_flow,esto_product,esto_pair_axis,,esto_pair,,,direct_mapping_numeric_gap,"Mapping looks direct; inspect source data values, signs, and scenario-specific series."
esto__13__Total_final_energy_consumption,Municipal solid waste (renewable),ESTO,,,,,16_03_municipal_solid_waste_renewable,balance_table_esto_axis,esto_flow,esto_product,esto_pair_axis,,esto_pair,,,direct_mapping_numeric_gap,"Mapping looks direct; inspect source data values, signs, and scenario-specific series."
esto__13__Total_final_energy_consumption,Naphtha,ESTO,,,,,07_03_naphtha,balance_table_esto_axis,esto_flow,esto_product,esto_pair_axis,,esto_pair,,,direct_mapping_numeric_gap,"Mapping looks direct; inspect source data values, signs, and scenario-specific series."
esto__13__Total_final_energy_consumption,Natural gas,ESTO,,,,,08_01_natural_gas,balance_table_esto_axis,esto_flow,esto_product,esto_pair_axis,,esto_pair,,,direct_mapping_numeric_gap,"Mapping looks direct; inspect source data values, signs, and scenario-specific series."
esto__13__Total_final_energy_consumption,Other biomass,ESTO,,,,,15_05_other_biomass,balance_table_esto_axis,esto_flow,esto_product,esto_pair_axis,,esto_pair,,,direct_mapping_numeric_gap,"Mapping looks direct; inspect source data values, signs, and scenario-specific series."
esto__13__Total_final_energy_consumption,Other bituminous coal,ESTO,,,,,01_x_thermal_coal,balance_table_esto_axis,esto_flow,esto_product,esto_pair_axis,,esto_pair,,,aggregate_fuel_mapping,The 9th fuel is an aggregate bucket; compare against sibling fuels and the shared aggregate fuel audit.
esto__13__Total_final_energy_consumption,Other bituminous coal,Target,,,,,01_x_thermal_coal,balance_table_esto_axis,esto_flow,esto_product,esto_pair_axis,,esto_pair,,,aggregate_fuel_mapping,The 9th fuel is an aggregate bucket; compare against sibling fuels and the shared aggregate fuel audit.
esto__13__Total_final_energy_consumption,Other liquid biofuels,ESTO,,,,,16_08_other_liquid_biofuels,balance_table_esto_axis,esto_flow,esto_product,esto_pair_axis,,esto_pair,,,direct_mapping_numeric_gap,"Mapping looks direct; inspect source data values, signs, and scenario-specific series."
esto__13__Total_final_energy_consumption,Other products,ESTO,,,,,07_x_other_petroleum_products,balance_table_esto_axis,esto_flow,esto_product,esto_pair_axis,,esto_pair,,,aggregate_fuel_mapping,The 9th fuel is an aggregate bucket; compare against sibling fuels and the shared aggregate fuel audit.
esto__13__Total_final_energy_consumption,Other products,Target,,,,,07_x_other_petroleum_products,balance_table_esto_axis,esto_flow,esto_product,esto_pair_axis,,esto_pair,,,aggregate_fuel_mapping,The 9th fuel is an aggregate bucket; compare against sibling fuels and the shared aggregate fuel audit.
esto__13__Total_final_energy_consumption,Other recovered gases,ESTO,,,,,16_02_industrial_waste,balance_table_esto_axis,esto_flow,esto_product,esto_pair_axis,,esto_pair,,,direct_mapping_numeric_gap,"Mapping looks direct; inspect source data values, signs, and scenario-specific series."
esto__13__Total_final_energy_consumption,Other recovered gases,Target,,,,,16_02_industrial_waste,balance_table_esto_axis,esto_flow,esto_product,esto_pair_axis,,esto_pair,,,direct_mapping_numeric_gap,"Mapping looks direct; inspect source data values, signs, and scenario-specific series."
esto__13__Total_final_energy_consumption,Other sources,ESTO,,,,,16_others_unallocated,balance_table_esto_axis,esto_flow,esto_product,esto_pair_axis,,esto_pair,,,catch_all_fuel_bucket,Catch-all fuel labels often hide reassignment problems; compare against specific fuels in the same sheet.
esto__13__Total_final_energy_consumption,Paraffin waxes,ESTO,,,,,07_x_other_petroleum_products,balance_table_esto_axis,esto_flow,esto_product,esto_pair_axis,,esto_pair,,,aggregate_fuel_mapping,The 9th fuel is an aggregate bucket; compare against sibling fuels and the shared aggregate fuel audit.
esto__13__Total_final_energy_consumption,Paraffin waxes,Target,,,,,07_x_other_petroleum_products,balance_table_esto_axis,esto_flow,esto_product,esto_pair_axis,,esto_pair,,,aggregate_fuel_mapping,The 9th fuel is an aggregate bucket; compare against sibling fuels and the shared aggregate fuel audit.
esto__13__Total_final_energy_consumption,Patent fuel,ESTO,,,,,02_coal_products,balance_table_esto_axis,esto_flow,esto_product,esto_pair_axis,,esto_pair,,,direct_mapping_numeric_gap,"Mapping looks direct; inspect source data values, signs, and scenario-specific series."
esto__13__Total_final_energy_consumption,Patent fuel,Target,,,,,02_coal_products,balance_table_esto_axis,esto_flow,esto_product,esto_pair_axis,,esto_pair,,,direct_mapping_numeric_gap,"Mapping looks direct; inspect source data values, signs, and scenario-specific series."
esto__13__Total_final_energy_consumption,PetProd nonspecified,ESTO,,,,,07_petroleum_products_unallocated,balance_table_esto_axis,esto_flow,esto_product,esto_pair_axis,,esto_pair,,,direct_mapping_numeric_gap,"Mapping looks direct; inspect source data values, signs, and scenario-specific series."
esto__13__Total_final_energy_consumption,Petroleum coke,ESTO,,,,,02_coal_products,balance_table_esto_axis,esto_flow,esto_product,esto_pair_axis,,esto_pair,,,direct_mapping_numeric_gap,"Mapping looks direct; inspect source data values, signs, and scenario-specific series."
esto__13__Total_final_energy_consumption,Petroleum coke,Target,,,,,02_coal_products,balance_table_esto_axis,esto_flow,esto_product,esto_pair_axis,,esto_pair,,,direct_mapping_numeric_gap,"Mapping looks direct; inspect source data values, signs, and scenario-specific series."
esto__13__Total_final_energy_consumption,Refinery gas (not liquefied),ESTO,,,,,07_10_refinery_gas_not_liquefied,balance_table_esto_axis,esto_flow,esto_product,esto_pair_axis,,esto_pair,,,direct_mapping_numeric_gap,"Mapping looks direct; inspect source data values, signs, and scenario-specific series."
esto__13__Total_final_energy_consumption,Solar nonspecified,ESTO,,,,,12_x_other_solar,balance_table_esto_axis,esto_flow,esto_product,esto_pair_axis,,esto_pair,,,aggregate_fuel_mapping,The 9th fuel is an aggregate bucket; compare against sibling fuels and the shared aggregate fuel audit.
esto__13__Total_final_energy_consumption,Sub-bituminous coal,ESTO,,,,,01_x_thermal_coal,balance_table_esto_axis,esto_flow,esto_product,esto_pair_axis,,esto_pair,,,aggregate_fuel_mapping,The 9th fuel is an aggregate bucket; compare against sibling fuels and the shared aggregate fuel audit.
esto__13__Total_final_energy_consumption,Sub-bituminous coal,Target,,,,,01_x_thermal_coal,balance_table_esto_axis,esto_flow,esto_product,esto_pair_axis,,esto_pair,,,aggregate_fuel_mapping,The 9th fuel is an aggregate bucket; compare against sibling fuels and the shared aggregate fuel audit.
esto__13__Total_final_energy_consumption,White spirit SBP,ESTO,,,,,07_03_naphtha,balance_table_esto_axis,esto_flow,esto_product,esto_pair_axis,,esto_pair,,,direct_mapping_numeric_gap,"Mapping looks direct; inspect source data values, signs, and scenario-specific series."
esto__13__Total_final_energy_consumption,White spirit SBP,Target,,,,,07_03_naphtha,balance_table_esto_axis,esto_flow,esto_product,esto_pair_axis,,esto_pair,,,direct_mapping_numeric_gap,"Mapping looks direct; inspect source data values, signs, and scenario-specific series."
esto__14_01__Mining_and_quarrying,Bagasse,ESTO,,,,,15_02_bagasse,balance_table_esto_axis,esto_flow,esto_product,esto_pair_axis,,esto_pair,,,direct_mapping_numeric_gap,"Mapping looks direct; inspect source data values, signs, and scenario-specific series."
esto__14_01__Mining_and_quarrying,Bagasse,Target,,,,,15_02_bagasse,balance_table_esto_axis,esto_flow,esto_product,esto_pair_axis,,esto_pair,,,direct_mapping_numeric_gap,"Mapping looks direct; inspect source data values, signs, and scenario-specific series."
esto__14_01__Mining_and_quarrying,Bio jet kerosene,ESTO,,,,,16_07_bio_jet_kerosene,balance_table_esto_axis,esto_flow,esto_product,esto_pair_axis,,esto_pair,,,direct_mapping_numeric_gap,"Mapping looks direct; inspect source data values, signs, and scenario-specific series."
esto__14_01__Mining_and_quarrying,Bio jet kerosene,Target,,,,,16_07_bio_jet_kerosene,balance_table_esto_axis,esto_flow,esto_product,esto_pair_axis,,esto_pair,,,direct_mapping_numeric_gap,"Mapping looks direct; inspect source data values, signs, and scenario-specific series."
esto__14_01__Mining_and_quarrying,Biodiesel,ESTO,,,,,16_06_biodiesel,balance_table_esto_axis,esto_flow,esto_product,esto_pair_axis,,esto_pair,,,direct_mapping_numeric_gap,"Mapping looks direct; inspect source data values, signs, and scenario-specific series."
esto__14_01__Mining_and_quarrying,Biodiesel,Target,,,,,16_06_biodiesel,balance_table_esto_axis,esto_flow,esto_product,esto_pair_axis,,esto_pair,,,direct_mapping_numeric_gap,"Mapping looks direct; inspect source data values, signs, and scenario-specific series."
esto__14_01__Mining_and_quarrying,Biogas,ESTO,,,,,16_01_biogas,balance_table_esto_axis,esto_flow,esto_product,esto_pair_axis,,esto_pair,,,direct_mapping_numeric_gap,"Mapping looks direct; inspect source data values, signs, and scenario-specific series."
esto__14_01__Mining_and_quarrying,Biogas,Target,,,,,16_01_biogas,balance_table_esto_axis,esto_flow,esto_product,esto_pair_axis,,esto_pair,,,direct_mapping_numeric_gap,"Mapping looks direct; inspect source data values, signs, and scenario-specific series."
esto__14_01__Mining_and_quarrying,Biogasoline,ESTO,,,,,16_05_biogasoline,balance_table_esto_axis,esto_flow,esto_product,esto_pair_axis,,esto_pair,,,direct_mapping_numeric_gap,"Mapping looks direct; inspect source data values, signs, and scenario-specific series."
esto__14_01__Mining_and_quarrying,Biogasoline,Target,,,,,16_05_biogasoline,balance_table_esto_axis,esto_flow,esto_product,esto_pair_axis,,esto_pair,,,direct_mapping_numeric_gap,"Mapping looks direct; inspect source data values, signs, and scenario-specific series."
esto__14_01__Mining_and_quarrying,Black liqour,ESTO,,,,,15_04_black_liquor,balance_table_esto_axis,esto_flow,esto_product,esto_pair_axis,,esto_pair,,,direct_mapping_numeric_gap,"Mapping looks direct; inspect source data values, signs, and scenario-specific series."
esto__14_01__Mining_and_quarrying,Black liqour,Target,,,,,15_04_black_liquor,balance_table_esto_axis,esto_flow,esto_product,esto_pair_axis,,esto_pair,,,direct_mapping_numeric_gap,"Mapping looks direct; inspect source data values, signs, and scenario-specific series."
esto__14_01__Mining_and_quarrying,Charcoal,ESTO,,,,,15_03_charcoal,balance_table_esto_axis,esto_flow,esto_product,esto_pair_axis,,esto_pair,,,direct_mapping_numeric_gap,"Mapping looks direct; inspect source data values, signs, and scenario-specific series."
esto__14_01__Mining_and_quarrying,Charcoal,Target,,,,,15_03_charcoal,balance_table_esto_axis,esto_flow,esto_product,esto_pair_axis,,esto_pair,,,direct_mapping_numeric_gap,"Mapping looks direct; inspect source data values, signs, and scenario-specific series."
esto__14_01__Mining_and_quarrying,Electricity,ESTO,,,,,17_electricity,balance_table_esto_axis,esto_flow,esto_product,esto_pair_axis,,esto_pair,,,direct_mapping_numeric_gap,"Mapping looks direct; inspect source data values, signs, and scenario-specific series."
esto__14_01__Mining_and_quarrying,Fuel oil,ESTO,,,,,07_08_fuel_oil,balance_table_esto_axis,esto_flow,esto_product,esto_pair_axis,,esto_pair,,,direct_mapping_numeric_gap,"Mapping looks direct; inspect source data values, signs, and scenario-specific series."
esto__14_01__Mining_and_quarrying,Fuelwood & woodwaste,ESTO,,,,,15_01_fuelwood_and_woodwaste,balance_table_esto_axis,esto_flow,esto_product,esto_pair_axis,,esto_pair,,,direct_mapping_numeric_gap,"Mapping looks direct; inspect source data values, signs, and scenario-specific series."
esto__14_01__Mining_and_quarrying,Fuelwood & woodwaste,Target,,,,,15_01_fuelwood_and_woodwaste,balance_table_esto_axis,esto_flow,esto_product,esto_pair_axis,,esto_pair,,,direct_mapping_numeric_gap,"Mapping looks direct; inspect source data values, signs, and scenario-specific series."
esto__14_01__Mining_and_quarrying,Gas/diesel oil,ESTO,,,,,07_07_gas_diesel_oil,balance_table_esto_axis,esto_flow,esto_product,esto_pair_axis,,esto_pair,,,direct_mapping_numeric_gap,"Mapping looks direct; inspect source data values, signs, and scenario-specific series."
esto__14_01__Mining_and_quarrying,Industrial waste,ESTO,,,,,16_02_industrial_waste,balance_table_esto_axis,esto_flow,esto_product,esto_pair_axis,,esto_pair,,,direct_mapping_numeric_gap,"Mapping looks direct; inspect source data values, signs, and scenario-specific series."
esto__14_01__Mining_and_quarrying,Industrial waste,Target,,,,,16_02_industrial_waste,balance_table_esto_axis,esto_flow,esto_product,esto_pair_axis,,esto_pair,,,direct_mapping_numeric_gap,"Mapping looks direct; inspect source data values, signs, and scenario-specific series."
esto__14_01__Mining_and_quarrying,Motor gasoline,ESTO,,,,,07_01_motor_gasoline,balance_table_esto_axis,esto_flow,esto_product,esto_pair_axis,,esto_pair,,,direct_mapping_numeric_gap,"Mapping looks direct; inspect source data values, signs, and scenario-specific series."
esto__14_01__Mining_and_quarrying,Municipal solid waste (non-renewable),ESTO,,,,,16_04_municipal_solid_waste_nonrenewable,balance_table_esto_axis,esto_flow,esto_product,esto_pair_axis,,esto_pair,,,direct_mapping_numeric_gap,"Mapping looks direct; inspect source data values, signs, and scenario-specific series."
esto__14_01__Mining_and_quarrying,Municipal solid waste (non-renewable),Target,,,,,16_04_municipal_solid_waste_nonrenewable,balance_table_esto_axis,esto_flow,esto_product,esto_pair_axis,,esto_pair,,,direct_mapping_numeric_gap,"Mapping looks direct; inspect source data values, signs, and scenario-specific series."
esto__14_01__Mining_and_quarrying,Municipal solid waste (renewable),ESTO,,,,,16_03_municipal_solid_waste_renewable,balance_table_esto_axis,esto_flow,esto_product,esto_pair_axis,,esto_pair,,,direct_mapping_numeric_gap,"Mapping looks direct; inspect source data values, signs, and scenario-specific series."
esto__14_01__Mining_and_quarrying,Municipal solid waste (renewable),Target,,,,,16_03_municipal_solid_waste_renewable,balance_table_esto_axis,esto_flow,esto_product,esto_pair_axis,,esto_pair,,,direct_mapping_numeric_gap,"Mapping looks direct; inspect source data values, signs, and scenario-specific series."
esto__14_01__Mining_and_quarrying,Natural gas,ESTO,,,,,08_01_natural_gas,balance_table_esto_axis,esto_flow,esto_product,esto_pair_axis,,esto_pair,,,direct_mapping_numeric_gap,"Mapping looks direct; inspect source data values, signs, and scenario-specific series."
esto__14_01__Mining_and_quarrying,Other biomass,ESTO,,,,,15_05_other_biomass,balance_table_esto_axis,esto_flow,esto_product,esto_pair_axis,,esto_pair,,,direct_mapping_numeric_gap,"Mapping looks direct; inspect source data values, signs, and scenario-specific series."
esto__14_01__Mining_and_quarrying,Other biomass,Target,,,,,15_05_other_biomass,balance_table_esto_axis,esto_flow,esto_product,esto_pair_axis,,esto_pair,,,direct_mapping_numeric_gap,"Mapping looks direct; inspect source data values, signs, and scenario-specific series."
esto__14_01__Mining_and_quarrying,Other liquid biofuels,ESTO,,,,,16_08_other_liquid_biofuels,balance_table_esto_axis,esto_flow,esto_product,esto_pair_axis,,esto_pair,,,direct_mapping_numeric_gap,"Mapping looks direct; inspect source data values, signs, and scenario-specific series."
esto__14_01__Mining_and_quarrying,Other liquid biofuels,Target,,,,,16_08_other_liquid_biofuels,balance_table_esto_axis,esto_flow,esto_product,esto_pair_axis,,esto_pair,,,direct_mapping_numeric_gap,"Mapping looks direct; inspect source data values, signs, and scenario-specific series."
esto__14_01__Mining_and_quarrying,Other sources,ESTO,,,,,16_others_unallocated,balance_table_esto_axis,esto_flow,esto_product,esto_pair_axis,,esto_pair,,,catch_all_fuel_bucket,Catch-all fuel labels often hide reassignment problems; compare against specific fuels in the same sheet.
esto__14_01__Mining_and_quarrying,Other sources,Target,,,,,16_others_unallocated,balance_table_esto_axis,esto_flow,esto_product,esto_pair_axis,,esto_pair,,,catch_all_fuel_bucket,Catch-all fuel labels often hide reassignment problems; compare against specific fuels in the same sheet.
esto__14_02__Construction,Bagasse,ESTO,,,,,15_02_bagasse,balance_table_esto_axis,esto_flow,esto_product,esto_pair_axis,,esto_pair,,,direct_mapping_numeric_gap,"Mapping looks direct; inspect source data values, signs, and scenario-specific series."
esto__14_02__Construction,Bagasse,Target,,,,,15_02_bagasse,balance_table_esto_axis,esto_flow,esto_product,esto_pair_axis,,esto_pair,,,direct_mapping_numeric_gap,"Mapping looks direct; inspect source data values, signs, and scenario-specific series."
esto__14_02__Construction,Bio jet kerosene,ESTO,,,,,16_07_bio_jet_kerosene,balance_table_esto_axis,esto_flow,esto_product,esto_pair_axis,,esto_pair,,,direct_mapping_numeric_gap,"Mapping looks direct; inspect source data values, signs, and scenario-specific series."
esto__14_02__Construction,Bio jet kerosene,Target,,,,,16_07_bio_jet_kerosene,balance_table_esto_axis,esto_flow,esto_product,esto_pair_axis,,esto_pair,,,direct_mapping_numeric_gap,"Mapping looks direct; inspect source data values, signs, and scenario-specific series."
esto__14_02__Construction,Biodiesel,ESTO,,,,,16_06_biodiesel,balance_table_esto_axis,esto_flow,esto_product,esto_pair_axis,,esto_pair,,,direct_mapping_numeric_gap,"Mapping looks direct; inspect source data values, signs, and scenario-specific series."
esto__14_02__Construction,Biodiesel,Target,,,,,16_06_biodiesel,balance_table_esto_axis,esto_flow,esto_product,esto_pair_axis,,esto_pair,,,direct_mapping_numeric_gap,"Mapping looks direct; inspect source data values, signs, and scenario-specific series."
esto__14_02__Construction,Biogas,ESTO,,,,,16_01_biogas,balance_table_esto_axis,esto_flow,esto_product,esto_pair_axis,,esto_pair,,,direct_mapping_numeric_gap,"Mapping looks direct; inspect source data values, signs, and scenario-specific series."
esto__14_02__Construction,Biogas,Target,,,,,16_01_biogas,balance_table_esto_axis,esto_flow,esto_product,esto_pair_axis,,esto_pair,,,direct_mapping_numeric_gap,"Mapping looks direct; inspect source data values, signs, and scenario-specific series."
esto__14_02__Construction,Biogasoline,ESTO,,,,,16_05_biogasoline,balance_table_esto_axis,esto_flow,esto_product,esto_pair_axis,,esto_pair,,,direct_mapping_numeric_gap,"Mapping looks direct; inspect source data values, signs, and scenario-specific series."
esto__14_02__Construction,Biogasoline,Target,,,,,16_05_biogasoline,balance_table_esto_axis,esto_flow,esto_product,esto_pair_axis,,esto_pair,,,direct_mapping_numeric_gap,"Mapping looks direct; inspect source data values, signs, and scenario-specific series."
esto__14_02__Construction,Black liqour,ESTO,,,,,15_04_black_liquor,balance_table_esto_axis,esto_flow,esto_product,esto_pair_axis,,esto_pair,,,direct_mapping_numeric_gap,"Mapping looks direct; inspect source data values, signs, and scenario-specific series."
esto__14_02__Construction,Black liqour,Target,,,,,15_04_black_liquor,balance_table_esto_axis,esto_flow,esto_product,esto_pair_axis,,esto_pair,,,direct_mapping_numeric_gap,"Mapping looks direct; inspect source data values, signs, and scenario-specific series."
esto__14_02__Construction,Charcoal,ESTO,,,,,15_03_charcoal,balance_table_esto_axis,esto_flow,esto_product,esto_pair_axis,,esto_pair,,,direct_mapping_numeric_gap,"Mapping looks direct; inspect source data values, signs, and scenario-specific series."
esto__14_02__Construction,Charcoal,Target,,,,,15_03_charcoal,balance_table_esto_axis,esto_flow,esto_product,esto_pair_axis,,esto_pair,,,direct_mapping_numeric_gap,"Mapping looks direct; inspect source data values, signs, and scenario-specific series."
esto__14_02__Construction,Electricity,ESTO,,,,,17_electricity,balance_table_esto_axis,esto_flow,esto_product,esto_pair_axis,,esto_pair,,,direct_mapping_numeric_gap,"Mapping looks direct; inspect source data values, signs, and scenario-specific series."
esto__14_02__Construction,Fuelwood & woodwaste,ESTO,,,,,15_01_fuelwood_and_woodwaste,balance_table_esto_axis,esto_flow,esto_product,esto_pair_axis,,esto_pair,,,direct_mapping_numeric_gap,"Mapping looks direct; inspect source data values, signs, and scenario-specific series."
esto__14_02__Construction,Fuelwood & woodwaste,Target,,,,,15_01_fuelwood_and_woodwaste,balance_table_esto_axis,esto_flow,esto_product,esto_pair_axis,,esto_pair,,,direct_mapping_numeric_gap,"Mapping looks direct; inspect source data values, signs, and scenario-specific series."
esto__14_02__Construction,Gas/diesel oil,ESTO,,,,,07_07_gas_diesel_oil,balance_table_esto_axis,esto_flow,esto_product,esto_pair_axis,,esto_pair,,,direct_mapping_numeric_gap,"Mapping looks direct; inspect source data values, signs, and scenario-specific series."
esto__14_02__Construction,Industrial waste,ESTO,,,,,16_02_industrial_waste,balance_table_esto_axis,esto_flow,esto_product,esto_pair_axis,,esto_pair,,,direct_mapping_numeric_gap,"Mapping looks direct; inspect source data values, signs, and scenario-specific series."
esto__14_02__Construction,Industrial waste,Target,,,,,16_02_industrial_waste,balance_table_esto_axis,esto_flow,esto_product,esto_pair_axis,,esto_pair,,,direct_mapping_numeric_gap,"Mapping looks direct; inspect source data values, signs, and scenario-specific series."
esto__14_02__Construction,LPG,ESTO,,,,,07_09_lpg,balance_table_esto_axis,esto_flow,esto_product,esto_pair_axis,,esto_pair,,,direct_mapping_numeric_gap,"Mapping looks direct; inspect source data values, signs, and scenario-specific series."
esto__14_02__Construction,Municipal solid waste (non-renewable),ESTO,,,,,16_04_municipal_solid_waste_nonrenewable,balance_table_esto_axis,esto_flow,esto_product,esto_pair_axis,,esto_pair,,,direct_mapping_numeric_gap,"Mapping looks direct; inspect source data values, signs, and scenario-specific series."
esto__14_02__Construction,Municipal solid waste (non-renewable),Target,,,,,16_04_municipal_solid_waste_nonrenewable,balance_table_esto_axis,esto_flow,esto_product,esto_pair_axis,,esto_pair,,,direct_mapping_numeric_gap,"Mapping looks direct; inspect source data values, signs, and scenario-specific series."
esto__14_02__Construction,Municipal solid waste (renewable),ESTO,,,,,16_03_municipal_solid_waste_renewable,balance_table_esto_axis,esto_flow,esto_product,esto_pair_axis,,esto_pair,,,direct_mapping_numeric_gap,"Mapping looks direct; inspect source data values, signs, and scenario-specific series."
esto__14_02__Construction,Municipal solid waste (renewable),Target,,,,,16_03_municipal_solid_waste_renewable,balance_table_esto_axis,esto_flow,esto_product,esto_pair_axis,,esto_pair,,,direct_mapping_numeric_gap,"Mapping looks direct; inspect source data values, signs, and scenario-specific series."
esto__14_02__Construction,Natural gas,ESTO,,,,,08_01_natural_gas,balance_table_esto_axis,esto_flow,esto_product,esto_pair_axis,,esto_pair,,,direct_mapping_numeric_gap,"Mapping looks direct; inspect source data values, signs, and scenario-specific series."
esto__14_02__Construction,Other biomass,ESTO,,,,,15_05_other_biomass,balance_table_esto_axis,esto_flow,esto_product,esto_pair_axis,,esto_pair,,,direct_mapping_numeric_gap,"Mapping looks direct; inspect source data values, signs, and scenario-specific series."
esto__14_02__Construction,Other biomass,Target,,,,,15_05_other_biomass,balance_table_esto_axis,esto_flow,esto_product,esto_pair_axis,,esto_pair,,,direct_mapping_numeric_gap,"Mapping looks direct; inspect source data values, signs, and scenario-specific series."
esto__14_02__Construction,Other liquid biofuels,ESTO,,,,,16_08_other_liquid_biofuels,balance_table_esto_axis,esto_flow,esto_product,esto_pair_axis,,esto_pair,,,direct_mapping_numeric_gap,"Mapping looks direct; inspect source data values, signs, and scenario-specific series."
esto__14_02__Construction,Other liquid biofuels,Target,,,,,16_08_other_liquid_biofuels,balance_table_esto_axis,esto_flow,esto_product,esto_pair_axis,,esto_pair,,,direct_mapping_numeric_gap,"Mapping looks direct; inspect source data values, signs, and scenario-specific series."
esto__14_02__Construction,Other sources,ESTO,,,,,16_others_unallocated,balance_table_esto_axis,esto_flow,esto_product,esto_pair_axis,,esto_pair,,,catch_all_fuel_bucket,Catch-all fuel labels often hide reassignment problems; compare against specific fuels in the same sheet.
esto__14_02__Construction,Other sources,Target,,,,,16_others_unallocated,balance_table_esto_axis,esto_flow,esto_product,esto_pair_axis,,esto_pair,,,catch_all_fuel_bucket,Catch-all fuel labels often hide reassignment problems; compare against specific fuels in the same sheet.
esto__14_03_01__Iron_and_steel,Anthracite,ESTO,,,,,01_x_thermal_coal,balance_table_esto_axis,esto_flow,esto_product,esto_pair_axis,,esto_pair,,,aggregate_fuel_mapping,The 9th fuel is an aggregate bucket; compare against sibling fuels and the shared aggregate fuel audit.
esto__14_03_01__Iron_and_steel,BKB/PB,ESTO,,,,,02_coal_products,balance_table_esto_axis,esto_flow,esto_product,esto_pair_axis,,esto_pair,,,direct_mapping_numeric_gap,"Mapping looks direct; inspect source data values, signs, and scenario-specific series."
esto__14_03_01__Iron_and_steel,Bagasse,ESTO,,,,,15_02_bagasse,balance_table_esto_axis,esto_flow,esto_product,esto_pair_axis,,esto_pair,,,direct_mapping_numeric_gap,"Mapping looks direct; inspect source data values, signs, and scenario-specific series."
esto__14_03_01__Iron_and_steel,Bagasse,Target,,,,,15_02_bagasse,balance_table_esto_axis,esto_flow,esto_product,esto_pair_axis,,esto_pair,,,direct_mapping_numeric_gap,"Mapping looks direct; inspect source data values, signs, and scenario-specific series."
esto__14_03_01__Iron_and_steel,Bio jet kerosene,ESTO,,,,,16_07_bio_jet_kerosene,balance_table_esto_axis,esto_flow,esto_product,esto_pair_axis,,esto_pair,,,direct_mapping_numeric_gap,"Mapping looks direct; inspect source data values, signs, and scenario-specific series."
esto__14_03_01__Iron_and_steel,Bio jet kerosene,Target,,,,,16_07_bio_jet_kerosene,balance_table_esto_axis,esto_flow,esto_product,esto_pair_axis,,esto_pair,,,direct_mapping_numeric_gap,"Mapping looks direct; inspect source data values, signs, and scenario-specific series."
esto__14_03_01__Iron_and_steel,Biodiesel,ESTO,,,,,16_06_biodiesel,balance_table_esto_axis,esto_flow,esto_product,esto_pair_axis,,esto_pair,,,direct_mapping_numeric_gap,"Mapping looks direct; inspect source data values, signs, and scenario-specific series."
esto__14_03_01__Iron_and_steel,Biodiesel,Target,,,,,16_06_biodiesel,balance_table_esto_axis,esto_flow,esto_product,esto_pair_axis,,esto_pair,,,direct_mapping_numeric_gap,"Mapping looks direct; inspect source data values, signs, and scenario-specific series."
esto__14_03_01__Iron_and_steel,Biogas,ESTO,,,,,16_01_biogas,balance_table_esto_axis,esto_flow,esto_product,esto_pair_axis,,esto_pair,,,direct_mapping_numeric_gap,"Mapping looks direct; inspect source data values, signs, and scenario-specific series."
esto__14_03_01__Iron_and_steel,Biogas,Target,,,,,16_01_biogas,balance_table_esto_axis,esto_flow,esto_product,esto_pair_axis,,esto_pair,,,direct_mapping_numeric_gap,"Mapping looks direct; inspect source data values, signs, and scenario-specific series."
esto__14_03_01__Iron_and_steel,Biogasoline,ESTO,,,,,16_05_biogasoline,balance_table_esto_axis,esto_flow,esto_product,esto_pair_axis,,esto_pair,,,direct_mapping_numeric_gap,"Mapping looks direct; inspect source data values, signs, and scenario-specific series."
esto__14_03_01__Iron_and_steel,Biogasoline,Target,,,,,16_05_biogasoline,balance_table_esto_axis,esto_flow,esto_product,esto_pair_axis,,esto_pair,,,direct_mapping_numeric_gap,"Mapping looks direct; inspect source data values, signs, and scenario-specific series."
esto__14_03_01__Iron_and_steel,Black liqour,ESTO,,,,,15_04_black_liquor,balance_table_esto_axis,esto_flow,esto_product,esto_pair_axis,,esto_pair,,,direct_mapping_numeric_gap,"Mapping looks direct; inspect source data values, signs, and scenario-specific series."
esto__14_03_01__Iron_and_steel,Black liqour,Target,,,,,15_04_black_liquor,balance_table_esto_axis,esto_flow,esto_product,esto_pair_axis,,esto_pair,,,direct_mapping_numeric_gap,"Mapping looks direct; inspect source data values, signs, and scenario-specific series."
esto__14_03_01__Iron_and_steel,Blast furnace gas,ESTO,,,,,16_02_industrial_waste,balance_table_esto_axis,esto_flow,esto_product,esto_pair_axis,,esto_pair,,,direct_mapping_numeric_gap,"Mapping looks direct; inspect source data values, signs, and scenario-specific series."
esto__14_03_01__Iron_and_steel,Charcoal,ESTO,,,,,15_03_charcoal,balance_table_esto_axis,esto_flow,esto_product,esto_pair_axis,,esto_pair,,,direct_mapping_numeric_gap,"Mapping looks direct; inspect source data values, signs, and scenario-specific series."
esto__14_03_01__Iron_and_steel,Charcoal,Target,,,,,15_03_charcoal,balance_table_esto_axis,esto_flow,esto_product,esto_pair_axis,,esto_pair,,,direct_mapping_numeric_gap,"Mapping looks direct; inspect source data values, signs, and scenario-specific series."
esto__14_03_01__Iron_and_steel,Coal nonspecified,ESTO,,,,,01_coal_unallocated,balance_table_esto_axis,esto_flow,esto_product,esto_pair_axis,,esto_pair,,,direct_mapping_numeric_gap,"Mapping looks direct; inspect source data values, signs, and scenario-specific series."
esto__14_03_01__Iron_and_steel,Coal tar,ESTO,,,,,02_coal_products,balance_table_esto_axis,esto_flow,esto_product,esto_pair_axis,,esto_pair,,,direct_mapping_numeric_gap,"Mapping looks direct; inspect source data values, signs, and scenario-specific series."
esto__14_03_01__Iron_and_steel,Coal tar,Target,,,,,02_coal_products,balance_table_esto_axis,esto_flow,esto_product,esto_pair_axis,,esto_pair,,,direct_mapping_numeric_gap,"Mapping looks direct; inspect source data values, signs, and scenario-specific series."
esto__14_03_01__Iron_and_steel,Coke oven coke,ESTO,,,,,02_coal_products,balance_table_esto_axis,esto_flow,esto_product,esto_pair_axis,,esto_pair,,,direct_mapping_numeric_gap,"Mapping looks direct; inspect source data values, signs, and scenario-specific series."
esto__14_03_01__Iron_and_steel,Coke oven coke,Target,,,,,02_coal_products,balance_table_esto_axis,esto_flow,esto_product,esto_pair_axis,,esto_pair,,,direct_mapping_numeric_gap,"Mapping looks direct; inspect source data values, signs, and scenario-specific series."
esto__14_03_01__Iron_and_steel,Coke oven gas,ESTO,,,,,16_02_industrial_waste,balance_table_esto_axis,esto_flow,esto_product,esto_pair_axis,,esto_pair,,,direct_mapping_numeric_gap,"Mapping looks direct; inspect source data values, signs, and scenario-specific series."
esto__14_03_01__Iron_and_steel,Coke oven gas,Target,,,,,16_02_industrial_waste,balance_table_esto_axis,esto_flow,esto_product,esto_pair_axis,,esto_pair,,,direct_mapping_numeric_gap,"Mapping looks direct; inspect source data values, signs, and scenario-specific series."
esto__14_03_01__Iron_and_steel,Electricity,ESTO,,,,,17_electricity,balance_table_esto_axis,esto_flow,esto_product,esto_pair_axis,,esto_pair,,,direct_mapping_numeric_gap,"Mapping looks direct; inspect source data values, signs, and scenario-specific series."
esto__14_03_01__Iron_and_steel,Fuel oil,ESTO,,,,,07_08_fuel_oil,balance_table_esto_axis,esto_flow,esto_product,esto_pair_axis,,esto_pair,,,direct_mapping_numeric_gap,"Mapping looks direct; inspect source data values, signs, and scenario-specific series."
esto__14_03_01__Iron_and_steel,Fuelwood & woodwaste,ESTO,,,,,15_01_fuelwood_and_woodwaste,balance_table_esto_axis,esto_flow,esto_product,esto_pair_axis,,esto_pair,,,direct_mapping_numeric_gap,"Mapping looks direct; inspect source data values, signs, and scenario-specific series."
esto__14_03_01__Iron_and_steel,Fuelwood & woodwaste,Target,,,,,15_01_fuelwood_and_woodwaste,balance_table_esto_axis,esto_flow,esto_product,esto_pair_axis,,esto_pair,,,direct_mapping_numeric_gap,"Mapping looks direct; inspect source data values, signs, and scenario-specific series."
esto__14_03_01__Iron_and_steel,Gas coke,ESTO,,,,,02_coal_products,balance_table_esto_axis,esto_flow,esto_product,esto_pair_axis,,esto_pair,,,direct_mapping_numeric_gap,"Mapping looks direct; inspect source data values, signs, and scenario-specific series."
esto__14_03_01__Iron_and_steel,Gas coke,Target,,,,,02_coal_products,balance_table_esto_axis,esto_flow,esto_product,esto_pair_axis,,esto_pair,,,direct_mapping_numeric_gap,"Mapping looks direct; inspect source data values, signs, and scenario-specific series."
esto__14_03_01__Iron_and_steel,Gas/diesel oil,ESTO,,,,,07_07_gas_diesel_oil,balance_table_esto_axis,esto_flow,esto_product,esto_pair_axis,,esto_pair,,,direct_mapping_numeric_gap,"Mapping looks direct; inspect source data values, signs, and scenario-specific series."
esto__14_03_01__Iron_and_steel,Heat,ESTO,,,,,18_heat,balance_table_esto_axis,esto_flow,esto_product,esto_pair_axis,,esto_pair,,,direct_mapping_numeric_gap,"Mapping looks direct; inspect source data values, signs, and scenario-specific series."
esto__14_03_01__Iron_and_steel,Hydrogen,ESTO,,,,,16_x_hydrogen,dashboard_template_esto_axis,dashboard_template,dashboard_template,esto_pair_axis,Template-declared ESTO-axis row with no LEAP export row.,esto_pair,,,aggregate_fuel_mapping,The 9th fuel is an aggregate bucket; compare against sibling fuels and the shared aggregate fuel audit.
esto__14_03_01__Iron_and_steel,Hydrogen,Target,,,,,16_x_hydrogen,dashboard_template_esto_axis,dashboard_template,dashboard_template,esto_pair_axis,Template-declared ESTO-axis row with no LEAP export row.,esto_pair,,,aggregate_fuel_mapping,The 9th fuel is an aggregate bucket; compare against sibling fuels and the shared aggregate fuel audit.
esto__14_03_01__Iron_and_steel,Industrial waste,ESTO,,,,,16_02_industrial_waste,balance_table_esto_axis,esto_flow,esto_product,esto_pair_axis,,esto_pair,,,direct_mapping_numeric_gap,"Mapping looks direct; inspect source data values, signs, and scenario-specific series."
esto__14_03_01__Iron_and_steel,Industrial waste,Target,,,,,16_02_industrial_waste,balance_table_esto_axis,esto_flow,esto_product,esto_pair_axis,,esto_pair,,,direct_mapping_numeric_gap,"Mapping looks direct; inspect source data values, signs, and scenario-specific series."
esto__14_03_01__Iron_and_steel,LPG,ESTO,,,,,07_09_lpg,balance_table_esto_axis,esto_flow,esto_product,esto_pair_axis,,esto_pair,,,direct_mapping_numeric_gap,"Mapping looks direct; inspect source data values, signs, and scenario-specific series."
esto__14_03_01__Iron_and_steel,Municipal solid waste (non-renewable),ESTO,,,,,16_04_municipal_solid_waste_nonrenewable,balance_table_esto_axis,esto_flow,esto_product,esto_pair_axis,,esto_pair,,,direct_mapping_numeric_gap,"Mapping looks direct; inspect source data values, signs, and scenario-specific series."
esto__14_03_01__Iron_and_steel,Municipal solid waste (non-renewable),Target,,,,,16_04_municipal_solid_waste_nonrenewable,balance_table_esto_axis,esto_flow,esto_product,esto_pair_axis,,esto_pair,,,direct_mapping_numeric_gap,"Mapping looks direct; inspect source data values, signs, and scenario-specific series."
esto__14_03_01__Iron_and_steel,Municipal solid waste (renewable),ESTO,,,,,16_03_municipal_solid_waste_renewable,balance_table_esto_axis,esto_flow,esto_product,esto_pair_axis,,esto_pair,,,direct_mapping_numeric_gap,"Mapping looks direct; inspect source data values, signs, and scenario-specific series."
esto__14_03_01__Iron_and_steel,Municipal solid waste (renewable),Target,,,,,16_03_municipal_solid_waste_renewable,balance_table_esto_axis,esto_flow,esto_product,esto_pair_axis,,esto_pair,,,direct_mapping_numeric_gap,"Mapping looks direct; inspect source data values, signs, and scenario-specific series."
esto__14_03_01__Iron_and_steel,Natural gas,ESTO,,,,,08_01_natural_gas,balance_table_esto_axis,esto_flow,esto_product,esto_pair_axis,,esto_pair,,,direct_mapping_numeric_gap,"Mapping looks direct; inspect source data values, signs, and scenario-specific series."
esto__14_03_01__Iron_and_steel,Other biomass,ESTO,,,,,15_05_other_biomass,balance_table_esto_axis,esto_flow,esto_product,esto_pair_axis,,esto_pair,,,direct_mapping_numeric_gap,"Mapping looks direct; inspect source data values, signs, and scenario-specific series."
esto__14_03_01__Iron_and_steel,Other biomass,Target,,,,,15_05_other_biomass,balance_table_esto_axis,esto_flow,esto_product,esto_pair_axis,,esto_pair,,,direct_mapping_numeric_gap,"Mapping looks direct; inspect source data values, signs, and scenario-specific series."
esto__14_03_01__Iron_and_steel,Other bituminous coal,ESTO,,,,,01_x_thermal_coal,balance_table_esto_axis,esto_flow,esto_product,esto_pair_axis,,esto_pair,,,aggregate_fuel_mapping,The 9th fuel is an aggregate bucket; compare against sibling fuels and the shared aggregate fuel audit.
esto__14_03_01__Iron_and_steel,Other bituminous coal,Target,,,,,01_x_thermal_coal,balance_table_esto_axis,esto_flow,esto_product,esto_pair_axis,,esto_pair,,,aggregate_fuel_mapping,The 9th fuel is an aggregate bucket; compare against sibling fuels and the shared aggregate fuel audit.
esto__14_03_01__Iron_and_steel,Other liquid biofuels,ESTO,,,,,16_08_other_liquid_biofuels,balance_table_esto_axis,esto_flow,esto_product,esto_pair_axis,,esto_pair,,,direct_mapping_numeric_gap,"Mapping looks direct; inspect source data values, signs, and scenario-specific series."
esto__14_03_01__Iron_and_steel,Other liquid biofuels,Target,,,,,16_08_other_liquid_biofuels,balance_table_esto_axis,esto_flow,esto_product,esto_pair_axis,,esto_pair,,,direct_mapping_numeric_gap,"Mapping looks direct; inspect source data values, signs, and scenario-specific series."
esto__14_03_01__Iron_and_steel,Other recovered gases,ESTO,,,,,16_02_industrial_waste,balance_table_esto_axis,esto_flow,esto_product,esto_pair_axis,,esto_pair,,,direct_mapping_numeric_gap,"Mapping looks direct; inspect source data values, signs, and scenario-specific series."
esto__14_03_01__Iron_and_steel,Other recovered gases,Target,,,,,16_02_industrial_waste,balance_table_esto_axis,esto_flow,esto_product,esto_pair_axis,,esto_pair,,,direct_mapping_numeric_gap,"Mapping looks direct; inspect source data values, signs, and scenario-specific series."
esto__14_03_01__Iron_and_steel,Other sources,ESTO,,,,,16_others_unallocated,balance_table_esto_axis,esto_flow,esto_product,esto_pair_axis,,esto_pair,,,catch_all_fuel_bucket,Catch-all fuel labels often hide reassignment problems; compare against specific fuels in the same sheet.
esto__14_03_01__Iron_and_steel,Other sources,Target,,,,,16_others_unallocated,balance_table_esto_axis,esto_flow,esto_product,esto_pair_axis,,esto_pair,,,catch_all_fuel_bucket,Catch-all fuel labels often hide reassignment problems; compare against specific fuels in the same sheet.
esto__14_03_01__Iron_and_steel,Patent fuel,ESTO,,,,,02_coal_products,balance_table_esto_axis,esto_flow,esto_product,esto_pair_axis,,esto_pair,,,direct_mapping_numeric_gap,"Mapping looks direct; inspect source data values, signs, and scenario-specific series."
esto__14_03_01__Iron_and_steel,Patent fuel,Target,,,,,02_coal_products,balance_table_esto_axis,esto_flow,esto_product,esto_pair_axis,,esto_pair,,,direct_mapping_numeric_gap,"Mapping looks direct; inspect source data values, signs, and scenario-specific series."
esto__14_03_01__Iron_and_steel,Petroleum coke,ESTO,,,,,02_coal_products,dashboard_template_esto_axis,dashboard_template,dashboard_template,esto_pair_axis,Template-declared ESTO-axis row with no LEAP export row.,esto_pair,,,direct_mapping_numeric_gap,"Mapping looks direct; inspect source data values, signs, and scenario-specific series."
esto__14_03_01__Iron_and_steel,Sub-bituminous coal,ESTO,,,,,01_x_thermal_coal,balance_table_esto_axis,esto_flow,esto_product,esto_pair_axis,,esto_pair,,,aggregate_fuel_mapping,The 9th fuel is an aggregate bucket; compare against sibling fuels and the shared aggregate fuel audit.
esto__14_03_01__Iron_and_steel,Sub-bituminous coal,Target,,,,,01_x_thermal_coal,balance_table_esto_axis,esto_flow,esto_product,esto_pair_axis,,esto_pair,,,aggregate_fuel_mapping,The 9th fuel is an aggregate bucket; compare against sibling fuels and the shared aggregate fuel audit.
esto__14_03_02__Chemical__incl__petrochemical,Anthracite,ESTO,,,,,01_x_thermal_coal,balance_table_esto_axis,esto_flow,esto_product,esto_pair_axis,,esto_pair,,,aggregate_fuel_mapping,The 9th fuel is an aggregate bucket; compare against sibling fuels and the shared aggregate fuel audit.
esto__14_03_02__Chemical__incl__petrochemical,Aviation gasoline,ESTO,,,,,07_02_aviation_gasoline,balance_table_esto_axis,esto_flow,esto_product,esto_pair_axis,,esto_pair,,,direct_mapping_numeric_gap,"Mapping looks direct; inspect source data values, signs, and scenario-specific series."
esto__14_03_02__Chemical__incl__petrochemical,Bagasse,ESTO,,,,,15_02_bagasse,balance_table_esto_axis,esto_flow,esto_product,esto_pair_axis,,esto_pair,,,direct_mapping_numeric_gap,"Mapping looks direct; inspect source data values, signs, and scenario-specific series."
esto__14_03_02__Chemical__incl__petrochemical,Bagasse,Target,,,,,15_02_bagasse,balance_table_esto_axis,esto_flow,esto_product,esto_pair_axis,,esto_pair,,,direct_mapping_numeric_gap,"Mapping looks direct; inspect source data values, signs, and scenario-specific series."
esto__14_03_02__Chemical__incl__petrochemical,Bio jet kerosene,ESTO,,,,,16_07_bio_jet_kerosene,balance_table_esto_axis,esto_flow,esto_product,esto_pair_axis,,esto_pair,,,direct_mapping_numeric_gap,"Mapping looks direct; inspect source data values, signs, and scenario-specific series."
esto__14_03_02__Chemical__incl__petrochemical,Bio jet kerosene,Target,,,,,16_07_bio_jet_kerosene,balance_table_esto_axis,esto_flow,esto_product,esto_pair_axis,,esto_pair,,,direct_mapping_numeric_gap,"Mapping looks direct; inspect source data values, signs, and scenario-specific series."
esto__14_03_02__Chemical__incl__petrochemical,Biodiesel,ESTO,,,,,16_06_biodiesel,balance_table_esto_axis,esto_flow,esto_product,esto_pair_axis,,esto_pair,,,direct_mapping_numeric_gap,"Mapping looks direct; inspect source data values, signs, and scenario-specific series."
esto__14_03_02__Chemical__incl__petrochemical,Biodiesel,Target,,,,,16_06_biodiesel,balance_table_esto_axis,esto_flow,esto_product,esto_pair_axis,,esto_pair,,,direct_mapping_numeric_gap,"Mapping looks direct; inspect source data values, signs, and scenario-specific series."
esto__14_03_02__Chemical__incl__petrochemical,Biogas,ESTO,,,,,16_01_biogas,balance_table_esto_axis,esto_flow,esto_product,esto_pair_axis,,esto_pair,,,direct_mapping_numeric_gap,"Mapping looks direct; inspect source data values, signs, and scenario-specific series."
esto__14_03_02__Chemical__incl__petrochemical,Biogas,Target,,,,,16_01_biogas,balance_table_esto_axis,esto_flow,esto_product,esto_pair_axis,,esto_pair,,,direct_mapping_numeric_gap,"Mapping looks direct; inspect source data values, signs, and scenario-specific series."
esto__14_03_02__Chemical__incl__petrochemical,Biogasoline,ESTO,,,,,16_05_biogasoline,balance_table_esto_axis,esto_flow,esto_product,esto_pair_axis,,esto_pair,,,direct_mapping_numeric_gap,"Mapping looks direct; inspect source data values, signs, and scenario-specific series."
esto__14_03_02__Chemical__incl__petrochemical,Biogasoline,Target,,,,,16_05_biogasoline,balance_table_esto_axis,esto_flow,esto_product,esto_pair_axis,,esto_pair,,,direct_mapping_numeric_gap,"Mapping looks direct; inspect source data values, signs, and scenario-specific series."
esto__14_03_02__Chemical__incl__petrochemical,Bitumen,ESTO,,,,,07_x_other_petroleum_products,balance_table_esto_axis,esto_flow,esto_product,esto_pair_axis,,esto_pair,,,aggregate_fuel_mapping,The 9th fuel is an aggregate bucket; compare against sibling fuels and the shared aggregate fuel audit.
esto__14_03_02__Chemical__incl__petrochemical,Black liqour,ESTO,,,,,15_04_black_liquor,balance_table_esto_axis,esto_flow,esto_product,esto_pair_axis,,esto_pair,,,direct_mapping_numeric_gap,"Mapping looks direct; inspect source data values, signs, and scenario-specific series."
esto__14_03_02__Chemical__incl__petrochemical,Black liqour,Target,,,,,15_04_black_liquor,balance_table_esto_axis,esto_flow,esto_product,esto_pair_axis,,esto_pair,,,direct_mapping_numeric_gap,"Mapping looks direct; inspect source data values, signs, and scenario-specific series."
esto__14_03_02__Chemical__incl__petrochemical,Blast furnace gas,ESTO,,,,,16_02_industrial_waste,dashboard_template_esto_axis,dashboard_template,dashboard_template,esto_pair_axis,Template-declared ESTO-axis row with no LEAP export row.,esto_pair,,,direct_mapping_numeric_gap,"Mapping looks direct; inspect source data values, signs, and scenario-specific series."
esto__14_03_02__Chemical__incl__petrochemical,Charcoal,ESTO,,,,,15_03_charcoal,balance_table_esto_axis,esto_flow,esto_product,esto_pair_axis,,esto_pair,,,direct_mapping_numeric_gap,"Mapping looks direct; inspect source data values, signs, and scenario-specific series."
esto__14_03_02__Chemical__incl__petrochemical,Charcoal,Target,,,,,15_03_charcoal,balance_table_esto_axis,esto_flow,esto_product,esto_pair_axis,,esto_pair,,,direct_mapping_numeric_gap,"Mapping looks direct; inspect source data values, signs, and scenario-specific series."
esto__14_03_02__Chemical__incl__petrochemical,Coal nonspecified,ESTO,,,,,01_coal_unallocated,balance_table_esto_axis,esto_flow,esto_product,esto_pair_axis,,esto_pair,,,direct_mapping_numeric_gap,"Mapping looks direct; inspect source data values, signs, and scenario-specific series."
esto__14_03_02__Chemical__incl__petrochemical,Coke oven gas,ESTO,,,,,16_02_industrial_waste,dashboard_template_esto_axis,dashboard_template,dashboard_template,esto_pair_axis,Template-declared ESTO-axis row with no LEAP export row.,esto_pair,,,direct_mapping_numeric_gap,"Mapping looks direct; inspect source data values, signs, and scenario-specific series."
esto__14_03_02__Chemical__incl__petrochemical,Electricity,ESTO,,,,,17_electricity,balance_table_esto_axis,esto_flow,esto_product,esto_pair_axis,,esto_pair,,,direct_mapping_numeric_gap,"Mapping looks direct; inspect source data values, signs, and scenario-specific series."
esto__14_03_02__Chemical__incl__petrochemical,Ethane,ESTO,,,,,07_11_ethane,balance_table_esto_axis,esto_flow,esto_product,esto_pair_axis,,esto_pair,,,direct_mapping_numeric_gap,"Mapping looks direct; inspect source data values, signs, and scenario-specific series."
esto__14_03_02__Chemical__incl__petrochemical,Fuel oil,ESTO,,,,,07_08_fuel_oil,balance_table_esto_axis,esto_flow,esto_product,esto_pair_axis,,esto_pair,,,direct_mapping_numeric_gap,"Mapping looks direct; inspect source data values, signs, and scenario-specific series."
esto__14_03_02__Chemical__incl__petrochemical,Fuelwood & woodwaste,ESTO,,,,,15_01_fuelwood_and_woodwaste,balance_table_esto_axis,esto_flow,esto_product,esto_pair_axis,,esto_pair,,,direct_mapping_numeric_gap,"Mapping looks direct; inspect source data values, signs, and scenario-specific series."
esto__14_03_02__Chemical__incl__petrochemical,Fuelwood & woodwaste,Target,,,,,15_01_fuelwood_and_woodwaste,balance_table_esto_axis,esto_flow,esto_product,esto_pair_axis,,esto_pair,,,direct_mapping_numeric_gap,"Mapping looks direct; inspect source data values, signs, and scenario-specific series."
esto__14_03_02__Chemical__incl__petrochemical,Gas/diesel oil,ESTO,,,,,07_07_gas_diesel_oil,balance_table_esto_axis,esto_flow,esto_product,esto_pair_axis,,esto_pair,,,direct_mapping_numeric_gap,"Mapping looks direct; inspect source data values, signs, and scenario-specific series."
esto__14_03_02__Chemical__incl__petrochemical,Gasoline type jet fuel,ESTO,,,,,07_x_jet_fuel,balance_table_esto_axis,esto_flow,esto_product,esto_pair_axis,,esto_pair,,,aggregate_fuel_mapping,The 9th fuel is an aggregate bucket; compare against sibling fuels and the shared aggregate fuel audit.
esto__14_03_02__Chemical__incl__petrochemical,Heat,ESTO,,,,,18_heat,balance_table_esto_axis,esto_flow,esto_product,esto_pair_axis,,esto_pair,,,direct_mapping_numeric_gap,"Mapping looks direct; inspect source data values, signs, and scenario-specific series."
esto__14_03_02__Chemical__incl__petrochemical,Industrial waste,ESTO,,,,,16_02_industrial_waste,balance_table_esto_axis,esto_flow,esto_product,esto_pair_axis,,esto_pair,,,direct_mapping_numeric_gap,"Mapping looks direct; inspect source data values, signs, and scenario-specific series."
esto__14_03_02__Chemical__incl__petrochemical,Industrial waste,Target,,,,,16_02_industrial_waste,balance_table_esto_axis,esto_flow,esto_product,esto_pair_axis,,esto_pair,,,direct_mapping_numeric_gap,"Mapping looks direct; inspect source data values, signs, and scenario-specific series."
esto__14_03_02__Chemical__incl__petrochemical,Kerosene,ESTO,,,,,07_06_kerosene,balance_table_esto_axis,esto_flow,esto_product,esto_pair_axis,,esto_pair,,,direct_mapping_numeric_gap,"Mapping looks direct; inspect source data values, signs, and scenario-specific series."
esto__14_03_02__Chemical__incl__petrochemical,Kerosene type jet fuel,ESTO,,,,,07_x_jet_fuel,balance_table_esto_axis,esto_flow,esto_product,esto_pair_axis,,esto_pair,,,aggregate_fuel_mapping,The 9th fuel is an aggregate bucket; compare against sibling fuels and the shared aggregate fuel audit.
esto__14_03_02__Chemical__incl__petrochemical,Kerosene type jet fuel,Target,,,,,07_x_jet_fuel,balance_table_esto_axis,esto_flow,esto_product,esto_pair_axis,,esto_pair,,,aggregate_fuel_mapping,The 9th fuel is an aggregate bucket; compare against sibling fuels and the shared aggregate fuel audit.
esto__14_03_02__Chemical__incl__petrochemical,LPG,ESTO,,,,,07_09_lpg,balance_table_esto_axis,esto_flow,esto_product,esto_pair_axis,,esto_pair,,,direct_mapping_numeric_gap,"Mapping looks direct; inspect source data values, signs, and scenario-specific series."
esto__14_03_02__Chemical__incl__petrochemical,Lignite,ESTO,,,,,01_05_lignite,balance_table_esto_axis,esto_flow,esto_product,esto_pair_axis,,esto_pair,,,direct_mapping_numeric_gap,"Mapping looks direct; inspect source data values, signs, and scenario-specific series."
esto__14_03_02__Chemical__incl__petrochemical,Lubricants,ESTO,,,,,07_x_other_petroleum_products,balance_table_esto_axis,esto_flow,esto_product,esto_pair_axis,,esto_pair,,,aggregate_fuel_mapping,The 9th fuel is an aggregate bucket; compare against sibling fuels and the shared aggregate fuel audit.
esto__14_03_02__Chemical__incl__petrochemical,Lubricants,Target,,,,,07_x_other_petroleum_products,balance_table_esto_axis,esto_flow,esto_product,esto_pair_axis,,esto_pair,,,aggregate_fuel_mapping,The 9th fuel is an aggregate bucket; compare against sibling fuels and the shared aggregate fuel audit.
esto__14_03_02__Chemical__incl__petrochemical,Municipal solid waste (non-renewable),ESTO,,,,,16_04_municipal_solid_waste_nonrenewable,balance_table_esto_axis,esto_flow,esto_product,esto_pair_axis,,esto_pair,,,direct_mapping_numeric_gap,"Mapping looks direct; inspect source data values, signs, and scenario-specific series."
esto__14_03_02__Chemical__incl__petrochemical,Municipal solid waste (non-renewable),Target,,,,,16_04_municipal_solid_waste_nonrenewable,balance_table_esto_axis,esto_flow,esto_product,esto_pair_axis,,esto_pair,,,direct_mapping_numeric_gap,"Mapping looks direct; inspect source data values, signs, and scenario-specific series."
esto__14_03_02__Chemical__incl__petrochemical,Municipal solid waste (renewable),ESTO,,,,,16_03_municipal_solid_waste_renewable,balance_table_esto_axis,esto_flow,esto_product,esto_pair_axis,,esto_pair,,,direct_mapping_numeric_gap,"Mapping looks direct; inspect source data values, signs, and scenario-specific series."
esto__14_03_02__Chemical__incl__petrochemical,Municipal solid waste (renewable),Target,,,,,16_03_municipal_solid_waste_renewable,balance_table_esto_axis,esto_flow,esto_product,esto_pair_axis,,esto_pair,,,direct_mapping_numeric_gap,"Mapping looks direct; inspect source data values, signs, and scenario-specific series."
esto__14_03_02__Chemical__incl__petrochemical,Naphtha,ESTO,,,,,07_03_naphtha,balance_table_esto_axis,esto_flow,esto_product,esto_pair_axis,,esto_pair,,,direct_mapping_numeric_gap,"Mapping looks direct; inspect source data values, signs, and scenario-specific series."
esto__14_03_02__Chemical__incl__petrochemical,Natural gas,ESTO,,,,,08_01_natural_gas,balance_table_esto_axis,esto_flow,esto_product,esto_pair_axis,,esto_pair,,,direct_mapping_numeric_gap,"Mapping looks direct; inspect source data values, signs, and scenario-specific series."
esto__14_03_02__Chemical__incl__petrochemical,Other biomass,ESTO,,,,,15_05_other_biomass,balance_table_esto_axis,esto_flow,esto_product,esto_pair_axis,,esto_pair,,,direct_mapping_numeric_gap,"Mapping looks direct; inspect source data values, signs, and scenario-specific series."
esto__14_03_02__Chemical__incl__petrochemical,Other biomass,Target,,,,,15_05_other_biomass,balance_table_esto_axis,esto_flow,esto_product,esto_pair_axis,,esto_pair,,,direct_mapping_numeric_gap,"Mapping looks direct; inspect source data values, signs, and scenario-specific series."
esto__14_03_02__Chemical__incl__petrochemical,Other bituminous coal,ESTO,,,,,01_x_thermal_coal,balance_table_esto_axis,esto_flow,esto_product,esto_pair_axis,,esto_pair,,,aggregate_fuel_mapping,The 9th fuel is an aggregate bucket; compare against sibling fuels and the shared aggregate fuel audit.
esto__14_03_02__Chemical__incl__petrochemical,Other bituminous coal,Target,,,,,01_x_thermal_coal,balance_table_esto_axis,esto_flow,esto_product,esto_pair_axis,,esto_pair,,,aggregate_fuel_mapping,The 9th fuel is an aggregate bucket; compare against sibling fuels and the shared aggregate fuel audit.
esto__14_03_02__Chemical__incl__petrochemical,Other liquid biofuels,ESTO,,,,,16_08_other_liquid_biofuels,balance_table_esto_axis,esto_flow,esto_product,esto_pair_axis,,esto_pair,,,direct_mapping_numeric_gap,"Mapping looks direct; inspect source data values, signs, and scenario-specific series."
esto__14_03_02__Chemical__incl__petrochemical,Other liquid biofuels,Target,,,,,16_08_other_liquid_biofuels,balance_table_esto_axis,esto_flow,esto_product,esto_pair_axis,,esto_pair,,,direct_mapping_numeric_gap,"Mapping looks direct; inspect source data values, signs, and scenario-specific series."
esto__14_03_02__Chemical__incl__petrochemical,Other products,ESTO,,,,,07_x_other_petroleum_products,balance_table_esto_axis,esto_flow,esto_product,esto_pair_axis,,esto_pair,,,aggregate_fuel_mapping,The 9th fuel is an aggregate bucket; compare against sibling fuels and the shared aggregate fuel audit.
esto__14_03_02__Chemical__incl__petrochemical,Other products,Target,,,,,07_x_other_petroleum_products,balance_table_esto_axis,esto_flow,esto_product,esto_pair_axis,,esto_pair,,,aggregate_fuel_mapping,The 9th fuel is an aggregate bucket; compare against sibling fuels and the shared aggregate fuel audit.
esto__14_03_02__Chemical__incl__petrochemical,Other sources,ESTO,,,,,16_others_unallocated,balance_table_esto_axis,esto_flow,esto_product,esto_pair_axis,,esto_pair,,,catch_all_fuel_bucket,Catch-all fuel labels often hide reassignment problems; compare against specific fuels in the same sheet.
esto__14_03_02__Chemical__incl__petrochemical,Other sources,Target,,,,,16_others_unallocated,balance_table_esto_axis,esto_flow,esto_product,esto_pair_axis,,esto_pair,,,catch_all_fuel_bucket,Catch-all fuel labels often hide reassignment problems; compare against specific fuels in the same sheet.
esto__14_03_02__Chemical__incl__petrochemical,Paraffin waxes,ESTO,,,,,07_x_other_petroleum_products,balance_table_esto_axis,esto_flow,esto_product,esto_pair_axis,,esto_pair,,,aggregate_fuel_mapping,The 9th fuel is an aggregate bucket; compare against sibling fuels and the shared aggregate fuel audit.
esto__14_03_02__Chemical__incl__petrochemical,Paraffin waxes,Target,,,,,07_x_other_petroleum_products,balance_table_esto_axis,esto_flow,esto_product,esto_pair_axis,,esto_pair,,,aggregate_fuel_mapping,The 9th fuel is an aggregate bucket; compare against sibling fuels and the shared aggregate fuel audit.
esto__14_03_02__Chemical__incl__petrochemical,PetProd nonspecified,ESTO,,,,,07_petroleum_products_unallocated,balance_table_esto_axis,esto_flow,esto_product,esto_pair_axis,,esto_pair,,,direct_mapping_numeric_gap,"Mapping looks direct; inspect source data values, signs, and scenario-specific series."
esto__14_03_02__Chemical__incl__petrochemical,Petroleum coke,ESTO,,,,,02_coal_products,balance_table_esto_axis,esto_flow,esto_product,esto_pair_axis,,esto_pair,,,direct_mapping_numeric_gap,"Mapping looks direct; inspect source data values, signs, and scenario-specific series."
esto__14_03_02__Chemical__incl__petrochemical,Refinery gas (not liquefied),ESTO,,,,,07_10_refinery_gas_not_liquefied,balance_table_esto_axis,esto_flow,esto_product,esto_pair_axis,,esto_pair,,,direct_mapping_numeric_gap,"Mapping looks direct; inspect source data values, signs, and scenario-specific series."
esto__14_03_02__Chemical__incl__petrochemical,Sub-bituminous coal,ESTO,,,,,01_x_thermal_coal,balance_table_esto_axis,esto_flow,esto_product,esto_pair_axis,,esto_pair,,,aggregate_fuel_mapping,The 9th fuel is an aggregate bucket; compare against sibling fuels and the shared aggregate fuel audit.
esto__14_03_02__Chemical__incl__petrochemical,Sub-bituminous coal,Target,,,,,01_x_thermal_coal,balance_table_esto_axis,esto_flow,esto_product,esto_pair_axis,,esto_pair,,,aggregate_fuel_mapping,The 9th fuel is an aggregate bucket; compare against sibling fuels and the shared aggregate fuel audit.
esto__14_03_02__Chemical__incl__petrochemical,White spirit SBP,ESTO,,,,,07_03_naphtha,balance_table_esto_axis,esto_flow,esto_product,esto_pair_axis,,esto_pair,,,direct_mapping_numeric_gap,"Mapping looks direct; inspect source data values, signs, and scenario-specific series."
esto__14_03_02__Chemical__incl__petrochemical,White spirit SBP,Target,,,,,07_03_naphtha,balance_table_esto_axis,esto_flow,esto_product,esto_pair_axis,,esto_pair,,,direct_mapping_numeric_gap,"Mapping looks direct; inspect source data values, signs, and scenario-specific series."
esto__14_03_03__Non_ferrous_metals,Aviation gasoline,ESTO,,,,,07_02_aviation_gasoline,balance_table_esto_axis,esto_flow,esto_product,esto_pair_axis,,esto_pair,,,direct_mapping_numeric_gap,"Mapping looks direct; inspect source data values, signs, and scenario-specific series."
esto__14_03_03__Non_ferrous_metals,Bagasse,ESTO,,,,,15_02_bagasse,balance_table_esto_axis,esto_flow,esto_product,esto_pair_axis,,esto_pair,,,direct_mapping_numeric_gap,"Mapping looks direct; inspect source data values, signs, and scenario-specific series."
esto__14_03_03__Non_ferrous_metals,Bagasse,Target,,,,,15_02_bagasse,balance_table_esto_axis,esto_flow,esto_product,esto_pair_axis,,esto_pair,,,direct_mapping_numeric_gap,"Mapping looks direct; inspect source data values, signs, and scenario-specific series."
esto__14_03_03__Non_ferrous_metals,Bio jet kerosene,ESTO,,,,,16_07_bio_jet_kerosene,balance_table_esto_axis,esto_flow,esto_product,esto_pair_axis,,esto_pair,,,direct_mapping_numeric_gap,"Mapping looks direct; inspect source data values, signs, and scenario-specific series."
esto__14_03_03__Non_ferrous_metals,Bio jet kerosene,Target,,,,,16_07_bio_jet_kerosene,balance_table_esto_axis,esto_flow,esto_product,esto_pair_axis,,esto_pair,,,direct_mapping_numeric_gap,"Mapping looks direct; inspect source data values, signs, and scenario-specific series."
esto__14_03_03__Non_ferrous_metals,Biodiesel,ESTO,,,,,16_06_biodiesel,balance_table_esto_axis,esto_flow,esto_product,esto_pair_axis,,esto_pair,,,direct_mapping_numeric_gap,"Mapping looks direct; inspect source data values, signs, and scenario-specific series."
esto__14_03_03__Non_ferrous_metals,Biodiesel,Target,,,,,16_06_biodiesel,balance_table_esto_axis,esto_flow,esto_product,esto_pair_axis,,esto_pair,,,direct_mapping_numeric_gap,"Mapping looks direct; inspect source data values, signs, and scenario-specific series."
esto__14_03_03__Non_ferrous_metals,Biogas,ESTO,,,,,16_01_biogas,balance_table_esto_axis,esto_flow,esto_product,esto_pair_axis,,esto_pair,,,direct_mapping_numeric_gap,"Mapping looks direct; inspect source data values, signs, and scenario-specific series."
esto__14_03_03__Non_ferrous_metals,Biogas,Target,,,,,16_01_biogas,balance_table_esto_axis,esto_flow,esto_product,esto_pair_axis,,esto_pair,,,direct_mapping_numeric_gap,"Mapping looks direct; inspect source data values, signs, and scenario-specific series."
esto__14_03_03__Non_ferrous_metals,Biogasoline,ESTO,,,,,16_05_biogasoline,balance_table_esto_axis,esto_flow,esto_product,esto_pair_axis,,esto_pair,,,direct_mapping_numeric_gap,"Mapping looks direct; inspect source data values, signs, and scenario-specific series."
esto__14_03_03__Non_ferrous_metals,Biogasoline,Target,,,,,16_05_biogasoline,balance_table_esto_axis,esto_flow,esto_product,esto_pair_axis,,esto_pair,,,direct_mapping_numeric_gap,"Mapping looks direct; inspect source data values, signs, and scenario-specific series."
esto__14_03_03__Non_ferrous_metals,Bitumen,ESTO,,,,,07_x_other_petroleum_products,balance_table_esto_axis,esto_flow,esto_product,esto_pair_axis,,esto_pair,,,aggregate_fuel_mapping,The 9th fuel is an aggregate bucket; compare against sibling fuels and the shared aggregate fuel audit.
esto__14_03_03__Non_ferrous_metals,Black liqour,ESTO,,,,,15_04_black_liquor,balance_table_esto_axis,esto_flow,esto_product,esto_pair_axis,,esto_pair,,,direct_mapping_numeric_gap,"Mapping looks direct; inspect source data values, signs, and scenario-specific series."
esto__14_03_03__Non_ferrous_metals,Black liqour,Target,,,,,15_04_black_liquor,balance_table_esto_axis,esto_flow,esto_product,esto_pair_axis,,esto_pair,,,direct_mapping_numeric_gap,"Mapping looks direct; inspect source data values, signs, and scenario-specific series."
esto__14_03_03__Non_ferrous_metals,Charcoal,ESTO,,,,,15_03_charcoal,balance_table_esto_axis,esto_flow,esto_product,esto_pair_axis,,esto_pair,,,direct_mapping_numeric_gap,"Mapping looks direct; inspect source data values, signs, and scenario-specific series."
esto__14_03_03__Non_ferrous_metals,Charcoal,Target,,,,,15_03_charcoal,balance_table_esto_axis,esto_flow,esto_product,esto_pair_axis,,esto_pair,,,direct_mapping_numeric_gap,"Mapping looks direct; inspect source data values, signs, and scenario-specific series."
esto__14_03_03__Non_ferrous_metals,Electricity,ESTO,,,,,17_electricity,balance_table_esto_axis,esto_flow,esto_product,esto_pair_axis,,esto_pair,,,direct_mapping_numeric_gap,"Mapping looks direct; inspect source data values, signs, and scenario-specific series."
esto__14_03_03__Non_ferrous_metals,Ethane,ESTO,,,,,07_11_ethane,balance_table_esto_axis,esto_flow,esto_product,esto_pair_axis,,esto_pair,,,direct_mapping_numeric_gap,"Mapping looks direct; inspect source data values, signs, and scenario-specific series."
esto__14_03_03__Non_ferrous_metals,Fuelwood & woodwaste,ESTO,,,,,15_01_fuelwood_and_woodwaste,balance_table_esto_axis,esto_flow,esto_product,esto_pair_axis,,esto_pair,,,direct_mapping_numeric_gap,"Mapping looks direct; inspect source data values, signs, and scenario-specific series."
esto__14_03_03__Non_ferrous_metals,Fuelwood & woodwaste,Target,,,,,15_01_fuelwood_and_woodwaste,balance_table_esto_axis,esto_flow,esto_product,esto_pair_axis,,esto_pair,,,direct_mapping_numeric_gap,"Mapping looks direct; inspect source data values, signs, and scenario-specific series."
esto__14_03_03__Non_ferrous_metals,Gas/diesel oil,ESTO,,,,,07_07_gas_diesel_oil,balance_table_esto_axis,esto_flow,esto_product,esto_pair_axis,,esto_pair,,,direct_mapping_numeric_gap,"Mapping looks direct; inspect source data values, signs, and scenario-specific series."
esto__14_03_03__Non_ferrous_metals,Gasoline type jet fuel,ESTO,,,,,07_x_jet_fuel,balance_table_esto_axis,esto_flow,esto_product,esto_pair_axis,,esto_pair,,,aggregate_fuel_mapping,The 9th fuel is an aggregate bucket; compare against sibling fuels and the shared aggregate fuel audit.
esto__14_03_03__Non_ferrous_metals,Heat,ESTO,,,,,18_heat,balance_table_esto_axis,esto_flow,esto_product,esto_pair_axis,,esto_pair,,,direct_mapping_numeric_gap,"Mapping looks direct; inspect source data values, signs, and scenario-specific series."
esto__14_03_03__Non_ferrous_metals,Industrial waste,ESTO,,,,,16_02_industrial_waste,balance_table_esto_axis,esto_flow,esto_product,esto_pair_axis,,esto_pair,,,direct_mapping_numeric_gap,"Mapping looks direct; inspect source data values, signs, and scenario-specific series."
esto__14_03_03__Non_ferrous_metals,Industrial waste,Target,,,,,16_02_industrial_waste,balance_table_esto_axis,esto_flow,esto_product,esto_pair_axis,,esto_pair,,,direct_mapping_numeric_gap,"Mapping looks direct; inspect source data values, signs, and scenario-specific series."
esto__14_03_03__Non_ferrous_metals,Kerosene,ESTO,,,,,07_06_kerosene,balance_table_esto_axis,esto_flow,esto_product,esto_pair_axis,,esto_pair,,,direct_mapping_numeric_gap,"Mapping looks direct; inspect source data values, signs, and scenario-specific series."
esto__14_03_03__Non_ferrous_metals,Kerosene type jet fuel,ESTO,,,,,07_x_jet_fuel,balance_table_esto_axis,esto_flow,esto_product,esto_pair_axis,,esto_pair,,,aggregate_fuel_mapping,The 9th fuel is an aggregate bucket; compare against sibling fuels and the shared aggregate fuel audit.
esto__14_03_03__Non_ferrous_metals,Kerosene type jet fuel,Target,,,,,07_x_jet_fuel,balance_table_esto_axis,esto_flow,esto_product,esto_pair_axis,,esto_pair,,,aggregate_fuel_mapping,The 9th fuel is an aggregate bucket; compare against sibling fuels and the shared aggregate fuel audit.
esto__14_03_03__Non_ferrous_metals,LPG,ESTO,,,,,07_09_lpg,balance_table_esto_axis,esto_flow,esto_product,esto_pair_axis,,esto_pair,,,direct_mapping_numeric_gap,"Mapping looks direct; inspect source data values, signs, and scenario-specific series."
esto__14_03_03__Non_ferrous_metals,Lubricants,ESTO,,,,,07_x_other_petroleum_products,balance_table_esto_axis,esto_flow,esto_product,esto_pair_axis,,esto_pair,,,aggregate_fuel_mapping,The 9th fuel is an aggregate bucket; compare against sibling fuels and the shared aggregate fuel audit.
esto__14_03_03__Non_ferrous_metals,Lubricants,Target,,,,,07_x_other_petroleum_products,balance_table_esto_axis,esto_flow,esto_product,esto_pair_axis,,esto_pair,,,aggregate_fuel_mapping,The 9th fuel is an aggregate bucket; compare against sibling fuels and the shared aggregate fuel audit.
esto__14_03_03__Non_ferrous_metals,Municipal solid waste (non-renewable),ESTO,,,,,16_04_municipal_solid_waste_nonrenewable,balance_table_esto_axis,esto_flow,esto_product,esto_pair_axis,,esto_pair,,,direct_mapping_numeric_gap,"Mapping looks direct; inspect source data values, signs, and scenario-specific series."
esto__14_03_03__Non_ferrous_metals,Municipal solid waste (non-renewable),Target,,,,,16_04_municipal_solid_waste_nonrenewable,balance_table_esto_axis,esto_flow,esto_product,esto_pair_axis,,esto_pair,,,direct_mapping_numeric_gap,"Mapping looks direct; inspect source data values, signs, and scenario-specific series."
esto__14_03_03__Non_ferrous_metals,Municipal solid waste (renewable),ESTO,,,,,16_03_municipal_solid_waste_renewable,balance_table_esto_axis,esto_flow,esto_product,esto_pair_axis,,esto_pair,,,direct_mapping_numeric_gap,"Mapping looks direct; inspect source data values, signs, and scenario-specific series."
esto__14_03_03__Non_ferrous_metals,Municipal solid waste (renewable),Target,,,,,16_03_municipal_solid_waste_renewable,balance_table_esto_axis,esto_flow,esto_product,esto_pair_axis,,esto_pair,,,direct_mapping_numeric_gap,"Mapping looks direct; inspect source data values, signs, and scenario-specific series."
esto__14_03_03__Non_ferrous_metals,Naphtha,ESTO,,,,,07_03_naphtha,balance_table_esto_axis,esto_flow,esto_product,esto_pair_axis,,esto_pair,,,direct_mapping_numeric_gap,"Mapping looks direct; inspect source data values, signs, and scenario-specific series."
esto__14_03_03__Non_ferrous_metals,Natural gas,ESTO,,,,,08_01_natural_gas,balance_table_esto_axis,esto_flow,esto_product,esto_pair_axis,,esto_pair,,,direct_mapping_numeric_gap,"Mapping looks direct; inspect source data values, signs, and scenario-specific series."
esto__14_03_03__Non_ferrous_metals,Other biomass,ESTO,,,,,15_05_other_biomass,balance_table_esto_axis,esto_flow,esto_product,esto_pair_axis,,esto_pair,,,direct_mapping_numeric_gap,"Mapping looks direct; inspect source data values, signs, and scenario-specific series."
esto__14_03_03__Non_ferrous_metals,Other biomass,Target,,,,,15_05_other_biomass,balance_table_esto_axis,esto_flow,esto_product,esto_pair_axis,,esto_pair,,,direct_mapping_numeric_gap,"Mapping looks direct; inspect source data values, signs, and scenario-specific series."
esto__14_03_03__Non_ferrous_metals,Other liquid biofuels,ESTO,,,,,16_08_other_liquid_biofuels,balance_table_esto_axis,esto_flow,esto_product,esto_pair_axis,,esto_pair,,,direct_mapping_numeric_gap,"Mapping looks direct; inspect source data values, signs, and scenario-specific series."
esto__14_03_03__Non_ferrous_metals,Other liquid biofuels,Target,,,,,16_08_other_liquid_biofuels,balance_table_esto_axis,esto_flow,esto_product,esto_pair_axis,,esto_pair,,,direct_mapping_numeric_gap,"Mapping looks direct; inspect source data values, signs, and scenario-specific series."
esto__14_03_03__Non_ferrous_metals,Other products,ESTO,,,,,07_x_other_petroleum_products,balance_table_esto_axis,esto_flow,esto_product,esto_pair_axis,,esto_pair,,,aggregate_fuel_mapping,The 9th fuel is an aggregate bucket; compare against sibling fuels and the shared aggregate fuel audit.
esto__14_03_03__Non_ferrous_metals,Other products,Target,,,,,07_x_other_petroleum_products,balance_table_esto_axis,esto_flow,esto_product,esto_pair_axis,,esto_pair,,,aggregate_fuel_mapping,The 9th fuel is an aggregate bucket; compare against sibling fuels and the shared aggregate fuel audit.
esto__14_03_03__Non_ferrous_metals,Other sources,ESTO,,,,,16_others_unallocated,balance_table_esto_axis,esto_flow,esto_product,esto_pair_axis,,esto_pair,,,catch_all_fuel_bucket,Catch-all fuel labels often hide reassignment problems; compare against specific fuels in the same sheet.
esto__14_03_03__Non_ferrous_metals,Other sources,Target,,,,,16_others_unallocated,balance_table_esto_axis,esto_flow,esto_product,esto_pair_axis,,esto_pair,,,catch_all_fuel_bucket,Catch-all fuel labels often hide reassignment problems; compare against specific fuels in the same sheet.
esto__14_03_03__Non_ferrous_metals,Paraffin waxes,ESTO,,,,,07_x_other_petroleum_products,balance_table_esto_axis,esto_flow,esto_product,esto_pair_axis,,esto_pair,,,aggregate_fuel_mapping,The 9th fuel is an aggregate bucket; compare against sibling fuels and the shared aggregate fuel audit.
esto__14_03_03__Non_ferrous_metals,Paraffin waxes,Target,,,,,07_x_other_petroleum_products,balance_table_esto_axis,esto_flow,esto_product,esto_pair_axis,,esto_pair,,,aggregate_fuel_mapping,The 9th fuel is an aggregate bucket; compare against sibling fuels and the shared aggregate fuel audit.
esto__14_03_03__Non_ferrous_metals,PetProd nonspecified,ESTO,,,,,07_petroleum_products_unallocated,balance_table_esto_axis,esto_flow,esto_product,esto_pair_axis,,esto_pair,,,direct_mapping_numeric_gap,"Mapping looks direct; inspect source data values, signs, and scenario-specific series."
esto__14_03_03__Non_ferrous_metals,Petroleum coke,ESTO,,,,,02_coal_products,balance_table_esto_axis,esto_flow,esto_product,esto_pair_axis,,esto_pair,,,direct_mapping_numeric_gap,"Mapping looks direct; inspect source data values, signs, and scenario-specific series."
esto__14_03_03__Non_ferrous_metals,Refinery gas (not liquefied),ESTO,,,,,07_10_refinery_gas_not_liquefied,balance_table_esto_axis,esto_flow,esto_product,esto_pair_axis,,esto_pair,,,direct_mapping_numeric_gap,"Mapping looks direct; inspect source data values, signs, and scenario-specific series."
esto__14_03_03__Non_ferrous_metals,White spirit SBP,ESTO,,,,,07_03_naphtha,balance_table_esto_axis,esto_flow,esto_product,esto_pair_axis,,esto_pair,,,direct_mapping_numeric_gap,"Mapping looks direct; inspect source data values, signs, and scenario-specific series."
esto__14_03_03__Non_ferrous_metals,White spirit SBP,Target,,,,,07_03_naphtha,balance_table_esto_axis,esto_flow,esto_product,esto_pair_axis,,esto_pair,,,direct_mapping_numeric_gap,"Mapping looks direct; inspect source data values, signs, and scenario-specific series."
esto__14_03_04__Non-metallic_mineral_products,Anthracite,ESTO,,,,,01_x_thermal_coal,balance_table_esto_axis,esto_flow,esto_product,esto_pair_axis,,esto_pair,,,aggregate_fuel_mapping,The 9th fuel is an aggregate bucket; compare against sibling fuels and the shared aggregate fuel audit.
esto__14_03_04__Non-metallic_mineral_products,Aviation gasoline,ESTO,,,,,07_02_aviation_gasoline,balance_table_esto_axis,esto_flow,esto_product,esto_pair_axis,,esto_pair,,,direct_mapping_numeric_gap,"Mapping looks direct; inspect source data values, signs, and scenario-specific series."
esto__14_03_04__Non-metallic_mineral_products,Bagasse,ESTO,,,,,15_02_bagasse,balance_table_esto_axis,esto_flow,esto_product,esto_pair_axis,,esto_pair,,,direct_mapping_numeric_gap,"Mapping looks direct; inspect source data values, signs, and scenario-specific series."
esto__14_03_04__Non-metallic_mineral_products,Bio jet kerosene,ESTO,,,,,16_07_bio_jet_kerosene,balance_table_esto_axis,esto_flow,esto_product,esto_pair_axis,,esto_pair,,,direct_mapping_numeric_gap,"Mapping looks direct; inspect source data values, signs, and scenario-specific series."
esto__14_03_04__Non-metallic_mineral_products,Biodiesel,ESTO,,,,,16_06_biodiesel,balance_table_esto_axis,esto_flow,esto_product,esto_pair_axis,,esto_pair,,,direct_mapping_numeric_gap,"Mapping looks direct; inspect source data values, signs, and scenario-specific series."
esto__14_03_04__Non-metallic_mineral_products,Biogas,ESTO,,,,,16_01_biogas,balance_table_esto_axis,esto_flow,esto_product,esto_pair_axis,,esto_pair,,,direct_mapping_numeric_gap,"Mapping looks direct; inspect source data values, signs, and scenario-specific series."
esto__14_03_04__Non-metallic_mineral_products,Biogasoline,ESTO,,,,,16_05_biogasoline,balance_table_esto_axis,esto_flow,esto_product,esto_pair_axis,,esto_pair,,,direct_mapping_numeric_gap,"Mapping looks direct; inspect source data values, signs, and scenario-specific series."
esto__14_03_04__Non-metallic_mineral_products,Bitumen,ESTO,,,,,07_x_other_petroleum_products,balance_table_esto_axis,esto_flow,esto_product,esto_pair_axis,,esto_pair,,,aggregate_fuel_mapping,The 9th fuel is an aggregate bucket; compare against sibling fuels and the shared aggregate fuel audit.
esto__14_03_04__Non-metallic_mineral_products,Black liqour,ESTO,,,,,15_04_black_liquor,balance_table_esto_axis,esto_flow,esto_product,esto_pair_axis,,esto_pair,,,direct_mapping_numeric_gap,"Mapping looks direct; inspect source data values, signs, and scenario-specific series."
esto__14_03_04__Non-metallic_mineral_products,Charcoal,ESTO,,,,,15_03_charcoal,balance_table_esto_axis,esto_flow,esto_product,esto_pair_axis,,esto_pair,,,direct_mapping_numeric_gap,"Mapping looks direct; inspect source data values, signs, and scenario-specific series."
esto__14_03_04__Non-metallic_mineral_products,Coal nonspecified,ESTO,,,,,01_coal_unallocated,balance_table_esto_axis,esto_flow,esto_product,esto_pair_axis,,esto_pair,,,direct_mapping_numeric_gap,"Mapping looks direct; inspect source data values, signs, and scenario-specific series."
esto__14_03_04__Non-metallic_mineral_products,Electricity,ESTO,,,,,17_electricity,balance_table_esto_axis,esto_flow,esto_product,esto_pair_axis,,esto_pair,,,direct_mapping_numeric_gap,"Mapping looks direct; inspect source data values, signs, and scenario-specific series."
esto__14_03_04__Non-metallic_mineral_products,Ethane,ESTO,,,,,07_11_ethane,balance_table_esto_axis,esto_flow,esto_product,esto_pair_axis,,esto_pair,,,direct_mapping_numeric_gap,"Mapping looks direct; inspect source data values, signs, and scenario-specific series."
esto__14_03_04__Non-metallic_mineral_products,Fuel oil,ESTO,,,,,07_08_fuel_oil,balance_table_esto_axis,esto_flow,esto_product,esto_pair_axis,,esto_pair,,,direct_mapping_numeric_gap,"Mapping looks direct; inspect source data values, signs, and scenario-specific series."
esto__14_03_04__Non-metallic_mineral_products,Fuelwood & woodwaste,ESTO,,,,,15_01_fuelwood_and_woodwaste,balance_table_esto_axis,esto_flow,esto_product,esto_pair_axis,,esto_pair,,,direct_mapping_numeric_gap,"Mapping looks direct; inspect source data values, signs, and scenario-specific series."
esto__14_03_04__Non-metallic_mineral_products,Gas/diesel oil,ESTO,,,,,07_07_gas_diesel_oil,balance_table_esto_axis,esto_flow,esto_product,esto_pair_axis,,esto_pair,,,direct_mapping_numeric_gap,"Mapping looks direct; inspect source data values, signs, and scenario-specific series."
esto__14_03_04__Non-metallic_mineral_products,Gasoline type jet fuel,ESTO,,,,,07_x_jet_fuel,balance_table_esto_axis,esto_flow,esto_product,esto_pair_axis,,esto_pair,,,aggregate_fuel_mapping,The 9th fuel is an aggregate bucket; compare against sibling fuels and the shared aggregate fuel audit.
esto__14_03_04__Non-metallic_mineral_products,Heat,ESTO,,,,,18_heat,balance_table_esto_axis,esto_flow,esto_product,esto_pair_axis,,esto_pair,,,direct_mapping_numeric_gap,"Mapping looks direct; inspect source data values, signs, and scenario-specific series."
esto__14_03_04__Non-metallic_mineral_products,Industrial waste,ESTO,,,,,16_02_industrial_waste,balance_table_esto_axis,esto_flow,esto_product,esto_pair_axis,,esto_pair,,,direct_mapping_numeric_gap,"Mapping looks direct; inspect source data values, signs, and scenario-specific series."
esto__14_03_04__Non-metallic_mineral_products,Kerosene,ESTO,,,,,07_06_kerosene,balance_table_esto_axis,esto_flow,esto_product,esto_pair_axis,,esto_pair,,,direct_mapping_numeric_gap,"Mapping looks direct; inspect source data values, signs, and scenario-specific series."
esto__14_03_04__Non-metallic_mineral_products,Kerosene type jet fuel,ESTO,,,,,07_x_jet_fuel,balance_table_esto_axis,esto_flow,esto_product,esto_pair_axis,,esto_pair,,,aggregate_fuel_mapping,The 9th fuel is an aggregate bucket; compare against sibling fuels and the shared aggregate fuel audit.
esto__14_03_04__Non-metallic_mineral_products,Kerosene type jet fuel,Target,,,,,07_x_jet_fuel,balance_table_esto_axis,esto_flow,esto_product,esto_pair_axis,,esto_pair,,,aggregate_fuel_mapping,The 9th fuel is an aggregate bucket; compare against sibling fuels and the shared aggregate fuel audit.
esto__14_03_04__Non-metallic_mineral_products,LPG,ESTO,,,,,07_09_lpg,balance_table_esto_axis,esto_flow,esto_product,esto_pair_axis,,esto_pair,,,direct_mapping_numeric_gap,"Mapping looks direct; inspect source data values, signs, and scenario-specific series."
esto__14_03_04__Non-metallic_mineral_products,Lubricants,ESTO,,,,,07_x_other_petroleum_products,balance_table_esto_axis,esto_flow,esto_product,esto_pair_axis,,esto_pair,,,aggregate_fuel_mapping,The 9th fuel is an aggregate bucket; compare against sibling fuels and the shared aggregate fuel audit.
esto__14_03_04__Non-metallic_mineral_products,Lubricants,Target,,,,,07_x_other_petroleum_products,balance_table_esto_axis,esto_flow,esto_product,esto_pair_axis,,esto_pair,,,aggregate_fuel_mapping,The 9th fuel is an aggregate bucket; compare against sibling fuels and the shared aggregate fuel audit.
esto__14_03_04__Non-metallic_mineral_products,Municipal solid waste (non-renewable),ESTO,,,,,16_04_municipal_solid_waste_nonrenewable,balance_table_esto_axis,esto_flow,esto_product,esto_pair_axis,,esto_pair,,,direct_mapping_numeric_gap,"Mapping looks direct; inspect source data values, signs, and scenario-specific series."
esto__14_03_04__Non-metallic_mineral_products,Municipal solid waste (renewable),ESTO,,,,,16_03_municipal_solid_waste_renewable,balance_table_esto_axis,esto_flow,esto_product,esto_pair_axis,,esto_pair,,,direct_mapping_numeric_gap,"Mapping looks direct; inspect source data values, signs, and scenario-specific series."
esto__14_03_04__Non-metallic_mineral_products,Naphtha,ESTO,,,,,07_03_naphtha,balance_table_esto_axis,esto_flow,esto_product,esto_pair_axis,,esto_pair,,,direct_mapping_numeric_gap,"Mapping looks direct; inspect source data values, signs, and scenario-specific series."
esto__14_03_04__Non-metallic_mineral_products,Natural gas,ESTO,,,,,08_01_natural_gas,balance_table_esto_axis,esto_flow,esto_product,esto_pair_axis,,esto_pair,,,direct_mapping_numeric_gap,"Mapping looks direct; inspect source data values, signs, and scenario-specific series."
esto__14_03_04__Non-metallic_mineral_products,Other biomass,ESTO,,,,,15_05_other_biomass,balance_table_esto_axis,esto_flow,esto_product,esto_pair_axis,,esto_pair,,,direct_mapping_numeric_gap,"Mapping looks direct; inspect source data values, signs, and scenario-specific series."
esto__14_03_04__Non-metallic_mineral_products,Other bituminous coal,ESTO,,,,,01_x_thermal_coal,balance_table_esto_axis,esto_flow,esto_product,esto_pair_axis,,esto_pair,,,aggregate_fuel_mapping,The 9th fuel is an aggregate bucket; compare against sibling fuels and the shared aggregate fuel audit.
esto__14_03_04__Non-metallic_mineral_products,Other bituminous coal,Target,,,,,01_x_thermal_coal,balance_table_esto_axis,esto_flow,esto_product,esto_pair_axis,,esto_pair,,,aggregate_fuel_mapping,The 9th fuel is an aggregate bucket; compare against sibling fuels and the shared aggregate fuel audit.
esto__14_03_04__Non-metallic_mineral_products,Other liquid biofuels,ESTO,,,,,16_08_other_liquid_biofuels,balance_table_esto_axis,esto_flow,esto_product,esto_pair_axis,,esto_pair,,,direct_mapping_numeric_gap,"Mapping looks direct; inspect source data values, signs, and scenario-specific series."
esto__14_03_04__Non-metallic_mineral_products,Other products,ESTO,,,,,07_x_other_petroleum_products,balance_table_esto_axis,esto_flow,esto_product,esto_pair_axis,,esto_pair,,,aggregate_fuel_mapping,The 9th fuel is an aggregate bucket; compare against sibling fuels and the shared aggregate fuel audit.
esto__14_03_04__Non-metallic_mineral_products,Other products,Target,,,,,07_x_other_petroleum_products,balance_table_esto_axis,esto_flow,esto_product,esto_pair_axis,,esto_pair,,,aggregate_fuel_mapping,The 9th fuel is an aggregate bucket; compare against sibling fuels and the shared aggregate fuel audit.
esto__14_03_04__Non-metallic_mineral_products,Other sources,ESTO,,,,,16_others_unallocated,balance_table_esto_axis,esto_flow,esto_product,esto_pair_axis,,esto_pair,,,catch_all_fuel_bucket,Catch-all fuel labels often hide reassignment problems; compare against specific fuels in the same sheet.
esto__14_03_04__Non-metallic_mineral_products,Paraffin waxes,ESTO,,,,,07_x_other_petroleum_products,balance_table_esto_axis,esto_flow,esto_product,esto_pair_axis,,esto_pair,,,aggregate_fuel_mapping,The 9th fuel is an aggregate bucket; compare against sibling fuels and the shared aggregate fuel audit.
esto__14_03_04__Non-metallic_mineral_products,Paraffin waxes,Target,,,,,07_x_other_petroleum_products,balance_table_esto_axis,esto_flow,esto_product,esto_pair_axis,,esto_pair,,,aggregate_fuel_mapping,The 9th fuel is an aggregate bucket; compare against sibling fuels and the shared aggregate fuel audit.
esto__14_03_04__Non-metallic_mineral_products,PetProd nonspecified,ESTO,,,,,07_petroleum_products_unallocated,balance_table_esto_axis,esto_flow,esto_product,esto_pair_axis,,esto_pair,,,direct_mapping_numeric_gap,"Mapping looks direct; inspect source data values, signs, and scenario-specific series."
esto__14_03_04__Non-metallic_mineral_products,Petroleum coke,ESTO,,,,,02_coal_products,balance_table_esto_axis,esto_flow,esto_product,esto_pair_axis,,esto_pair,,,direct_mapping_numeric_gap,"Mapping looks direct; inspect source data values, signs, and scenario-specific series."
esto__14_03_04__Non-metallic_mineral_products,Refinery gas (not liquefied),ESTO,,,,,07_10_refinery_gas_not_liquefied,balance_table_esto_axis,esto_flow,esto_product,esto_pair_axis,,esto_pair,,,direct_mapping_numeric_gap,"Mapping looks direct; inspect source data values, signs, and scenario-specific series."
esto__14_03_04__Non-metallic_mineral_products,Sub-bituminous coal,ESTO,,,,,01_x_thermal_coal,balance_table_esto_axis,esto_flow,esto_product,esto_pair_axis,,esto_pair,,,aggregate_fuel_mapping,The 9th fuel is an aggregate bucket; compare against sibling fuels and the shared aggregate fuel audit.
esto__14_03_04__Non-metallic_mineral_products,Sub-bituminous coal,Target,,,,,01_x_thermal_coal,balance_table_esto_axis,esto_flow,esto_product,esto_pair_axis,,esto_pair,,,aggregate_fuel_mapping,The 9th fuel is an aggregate bucket; compare against sibling fuels and the shared aggregate fuel audit.
esto__14_03_04__Non-metallic_mineral_products,White spirit SBP,ESTO,,,,,07_03_naphtha,balance_table_esto_axis,esto_flow,esto_product,esto_pair_axis,,esto_pair,,,direct_mapping_numeric_gap,"Mapping looks direct; inspect source data values, signs, and scenario-specific series."
esto__14_03_04__Non-metallic_mineral_products,White spirit SBP,Target,,,,,07_03_naphtha,balance_table_esto_axis,esto_flow,esto_product,esto_pair_axis,,esto_pair,,,direct_mapping_numeric_gap,"Mapping looks direct; inspect source data values, signs, and scenario-specific series."
esto__14_03_05__Transportation_equipment,Bagasse,ESTO,,,,,15_02_bagasse,balance_table_esto_axis,esto_flow,esto_product,esto_pair_axis,,esto_pair,,,direct_mapping_numeric_gap,"Mapping looks direct; inspect source data values, signs, and scenario-specific series."
esto__14_03_05__Transportation_equipment,Bagasse,Target,,,,,15_02_bagasse,balance_table_esto_axis,esto_flow,esto_product,esto_pair_axis,,esto_pair,,,direct_mapping_numeric_gap,"Mapping looks direct; inspect source data values, signs, and scenario-specific series."
esto__14_03_05__Transportation_equipment,Bio jet kerosene,ESTO,,,,,16_07_bio_jet_kerosene,balance_table_esto_axis,esto_flow,esto_product,esto_pair_axis,,esto_pair,,,direct_mapping_numeric_gap,"Mapping looks direct; inspect source data values, signs, and scenario-specific series."
esto__14_03_05__Transportation_equipment,Bio jet kerosene,Target,,,,,16_07_bio_jet_kerosene,balance_table_esto_axis,esto_flow,esto_product,esto_pair_axis,,esto_pair,,,direct_mapping_numeric_gap,"Mapping looks direct; inspect source data values, signs, and scenario-specific series."
esto__14_03_05__Transportation_equipment,Biodiesel,ESTO,,,,,16_06_biodiesel,balance_table_esto_axis,esto_flow,esto_product,esto_pair_axis,,esto_pair,,,direct_mapping_numeric_gap,"Mapping looks direct; inspect source data values, signs, and scenario-specific series."
esto__14_03_05__Transportation_equipment,Biodiesel,Target,,,,,16_06_biodiesel,balance_table_esto_axis,esto_flow,esto_product,esto_pair_axis,,esto_pair,,,direct_mapping_numeric_gap,"Mapping looks direct; inspect source data values, signs, and scenario-specific series."
esto__14_03_05__Transportation_equipment,Biogas,ESTO,,,,,16_01_biogas,balance_table_esto_axis,esto_flow,esto_product,esto_pair_axis,,esto_pair,,,direct_mapping_numeric_gap,"Mapping looks direct; inspect source data values, signs, and scenario-specific series."
esto__14_03_05__Transportation_equipment,Biogas,Target,,,,,16_01_biogas,balance_table_esto_axis,esto_flow,esto_product,esto_pair_axis,,esto_pair,,,direct_mapping_numeric_gap,"Mapping looks direct; inspect source data values, signs, and scenario-specific series."
esto__14_03_05__Transportation_equipment,Biogasoline,ESTO,,,,,16_05_biogasoline,balance_table_esto_axis,esto_flow,esto_product,esto_pair_axis,,esto_pair,,,direct_mapping_numeric_gap,"Mapping looks direct; inspect source data values, signs, and scenario-specific series."
esto__14_03_05__Transportation_equipment,Biogasoline,Target,,,,,16_05_biogasoline,balance_table_esto_axis,esto_flow,esto_product,esto_pair_axis,,esto_pair,,,direct_mapping_numeric_gap,"Mapping looks direct; inspect source data values, signs, and scenario-specific series."
esto__14_03_05__Transportation_equipment,Black liqour,ESTO,,,,,15_04_black_liquor,balance_table_esto_axis,esto_flow,esto_product,esto_pair_axis,,esto_pair,,,direct_mapping_numeric_gap,"Mapping looks direct; inspect source data values, signs, and scenario-specific series."
esto__14_03_05__Transportation_equipment,Black liqour,Target,,,,,15_04_black_liquor,balance_table_esto_axis,esto_flow,esto_product,esto_pair_axis,,esto_pair,,,direct_mapping_numeric_gap,"Mapping looks direct; inspect source data values, signs, and scenario-specific series."
esto__14_03_05__Transportation_equipment,Charcoal,ESTO,,,,,15_03_charcoal,balance_table_esto_axis,esto_flow,esto_product,esto_pair_axis,,esto_pair,,,direct_mapping_numeric_gap,"Mapping looks direct; inspect source data values, signs, and scenario-specific series."
esto__14_03_05__Transportation_equipment,Charcoal,Target,,,,,15_03_charcoal,balance_table_esto_axis,esto_flow,esto_product,esto_pair_axis,,esto_pair,,,direct_mapping_numeric_gap,"Mapping looks direct; inspect source data values, signs, and scenario-specific series."
esto__14_03_05__Transportation_equipment,Electricity,ESTO,,,,,17_electricity,balance_table_esto_axis,esto_flow,esto_product,esto_pair_axis,,esto_pair,,,direct_mapping_numeric_gap,"Mapping looks direct; inspect source data values, signs, and scenario-specific series."
esto__14_03_05__Transportation_equipment,Fuel oil,ESTO,,,,,07_08_fuel_oil,balance_table_esto_axis,esto_flow,esto_product,esto_pair_axis,,esto_pair,,,direct_mapping_numeric_gap,"Mapping looks direct; inspect source data values, signs, and scenario-specific series."
esto__14_03_05__Transportation_equipment,Fuelwood & woodwaste,ESTO,,,,,15_01_fuelwood_and_woodwaste,balance_table_esto_axis,esto_flow,esto_product,esto_pair_axis,,esto_pair,,,direct_mapping_numeric_gap,"Mapping looks direct; inspect source data values, signs, and scenario-specific series."
esto__14_03_05__Transportation_equipment,Fuelwood & woodwaste,Target,,,,,15_01_fuelwood_and_woodwaste,balance_table_esto_axis,esto_flow,esto_product,esto_pair_axis,,esto_pair,,,direct_mapping_numeric_gap,"Mapping looks direct; inspect source data values, signs, and scenario-specific series."
esto__14_03_05__Transportation_equipment,Gas/diesel oil,ESTO,,,,,07_07_gas_diesel_oil,balance_table_esto_axis,esto_flow,esto_product,esto_pair_axis,,esto_pair,,,direct_mapping_numeric_gap,"Mapping looks direct; inspect source data values, signs, and scenario-specific series."
esto__14_03_05__Transportation_equipment,Heat,ESTO,,,,,18_heat,balance_table_esto_axis,esto_flow,esto_product,esto_pair_axis,,esto_pair,,,direct_mapping_numeric_gap,"Mapping looks direct; inspect source data values, signs, and scenario-specific series."
esto__14_03_05__Transportation_equipment,Industrial waste,ESTO,,,,,16_02_industrial_waste,balance_table_esto_axis,esto_flow,esto_product,esto_pair_axis,,esto_pair,,,direct_mapping_numeric_gap,"Mapping looks direct; inspect source data values, signs, and scenario-specific series."
esto__14_03_05__Transportation_equipment,Industrial waste,Target,,,,,16_02_industrial_waste,balance_table_esto_axis,esto_flow,esto_product,esto_pair_axis,,esto_pair,,,direct_mapping_numeric_gap,"Mapping looks direct; inspect source data values, signs, and scenario-specific series."
esto__14_03_05__Transportation_equipment,LPG,ESTO,,,,,07_09_lpg,balance_table_esto_axis,esto_flow,esto_product,esto_pair_axis,,esto_pair,,,direct_mapping_numeric_gap,"Mapping looks direct; inspect source data values, signs, and scenario-specific series."
esto__14_03_05__Transportation_equipment,Municipal solid waste (non-renewable),ESTO,,,,,16_04_municipal_solid_waste_nonrenewable,balance_table_esto_axis,esto_flow,esto_product,esto_pair_axis,,esto_pair,,,direct_mapping_numeric_gap,"Mapping looks direct; inspect source data values, signs, and scenario-specific series."
esto__14_03_05__Transportation_equipment,Municipal solid waste (non-renewable),Target,,,,,16_04_municipal_solid_waste_nonrenewable,balance_table_esto_axis,esto_flow,esto_product,esto_pair_axis,,esto_pair,,,direct_mapping_numeric_gap,"Mapping looks direct; inspect source data values, signs, and scenario-specific series."
esto__14_03_05__Transportation_equipment,Municipal solid waste (renewable),ESTO,,,,,16_03_municipal_solid_waste_renewable,balance_table_esto_axis,esto_flow,esto_product,esto_pair_axis,,esto_pair,,,direct_mapping_numeric_gap,"Mapping looks direct; inspect source data values, signs, and scenario-specific series."
esto__14_03_05__Transportation_equipment,Municipal solid waste (renewable),Target,,,,,16_03_municipal_solid_waste_renewable,balance_table_esto_axis,esto_flow,esto_product,esto_pair_axis,,esto_pair,,,direct_mapping_numeric_gap,"Mapping looks direct; inspect source data values, signs, and scenario-specific series."
esto__14_03_05__Transportation_equipment,Natural gas,ESTO,,,,,08_01_natural_gas,balance_table_esto_axis,esto_flow,esto_product,esto_pair_axis,,esto_pair,,,direct_mapping_numeric_gap,"Mapping looks direct; inspect source data values, signs, and scenario-specific series."
esto__14_03_05__Transportation_equipment,Other biomass,ESTO,,,,,15_05_other_biomass,balance_table_esto_axis,esto_flow,esto_product,esto_pair_axis,,esto_pair,,,direct_mapping_numeric_gap,"Mapping looks direct; inspect source data values, signs, and scenario-specific series."
esto__14_03_05__Transportation_equipment,Other biomass,Target,,,,,15_05_other_biomass,balance_table_esto_axis,esto_flow,esto_product,esto_pair_axis,,esto_pair,,,direct_mapping_numeric_gap,"Mapping looks direct; inspect source data values, signs, and scenario-specific series."
esto__14_03_05__Transportation_equipment,Other liquid biofuels,ESTO,,,,,16_08_other_liquid_biofuels,balance_table_esto_axis,esto_flow,esto_product,esto_pair_axis,,esto_pair,,,direct_mapping_numeric_gap,"Mapping looks direct; inspect source data values, signs, and scenario-specific series."
esto__14_03_05__Transportation_equipment,Other liquid biofuels,Target,,,,,16_08_other_liquid_biofuels,balance_table_esto_axis,esto_flow,esto_product,esto_pair_axis,,esto_pair,,,direct_mapping_numeric_gap,"Mapping looks direct; inspect source data values, signs, and scenario-specific series."
esto__14_03_05__Transportation_equipment,Other sources,ESTO,,,,,16_others_unallocated,balance_table_esto_axis,esto_flow,esto_product,esto_pair_axis,,esto_pair,,,catch_all_fuel_bucket,Catch-all fuel labels often hide reassignment problems; compare against specific fuels in the same sheet.
esto__14_03_05__Transportation_equipment,Other sources,Target,,,,,16_others_unallocated,balance_table_esto_axis,esto_flow,esto_product,esto_pair_axis,,esto_pair,,,catch_all_fuel_bucket,Catch-all fuel labels often hide reassignment problems; compare against specific fuels in the same sheet.
esto__14_03_06__Machinery,Anthracite,ESTO,,,,,01_x_thermal_coal,balance_table_esto_axis,esto_flow,esto_product,esto_pair_axis,,esto_pair,,,aggregate_fuel_mapping,The 9th fuel is an aggregate bucket; compare against sibling fuels and the shared aggregate fuel audit.
esto__14_03_06__Machinery,Anthracite,Target,,,,,01_x_thermal_coal,balance_table_esto_axis,esto_flow,esto_product,esto_pair_axis,,esto_pair,,,aggregate_fuel_mapping,The 9th fuel is an aggregate bucket; compare against sibling fuels and the shared aggregate fuel audit.
esto__14_03_06__Machinery,Aviation gasoline,ESTO,,,,,07_02_aviation_gasoline,balance_table_esto_axis,esto_flow,esto_product,esto_pair_axis,,esto_pair,,,direct_mapping_numeric_gap,"Mapping looks direct; inspect source data values, signs, and scenario-specific series."
esto__14_03_06__Machinery,Bagasse,ESTO,,,,,15_02_bagasse,balance_table_esto_axis,esto_flow,esto_product,esto_pair_axis,,esto_pair,,,direct_mapping_numeric_gap,"Mapping looks direct; inspect source data values, signs, and scenario-specific series."
esto__14_03_06__Machinery,Bagasse,Target,,,,,15_02_bagasse,balance_table_esto_axis,esto_flow,esto_product,esto_pair_axis,,esto_pair,,,direct_mapping_numeric_gap,"Mapping looks direct; inspect source data values, signs, and scenario-specific series."
esto__14_03_06__Machinery,Bio jet kerosene,ESTO,,,,,16_07_bio_jet_kerosene,balance_table_esto_axis,esto_flow,esto_product,esto_pair_axis,,esto_pair,,,direct_mapping_numeric_gap,"Mapping looks direct; inspect source data values, signs, and scenario-specific series."
esto__14_03_06__Machinery,Bio jet kerosene,Target,,,,,16_07_bio_jet_kerosene,balance_table_esto_axis,esto_flow,esto_product,esto_pair_axis,,esto_pair,,,direct_mapping_numeric_gap,"Mapping looks direct; inspect source data values, signs, and scenario-specific series."
esto__14_03_06__Machinery,Biodiesel,ESTO,,,,,16_06_biodiesel,balance_table_esto_axis,esto_flow,esto_product,esto_pair_axis,,esto_pair,,,direct_mapping_numeric_gap,"Mapping looks direct; inspect source data values, signs, and scenario-specific series."
esto__14_03_06__Machinery,Biodiesel,Target,,,,,16_06_biodiesel,balance_table_esto_axis,esto_flow,esto_product,esto_pair_axis,,esto_pair,,,direct_mapping_numeric_gap,"Mapping looks direct; inspect source data values, signs, and scenario-specific series."
esto__14_03_06__Machinery,Biogas,ESTO,,,,,16_01_biogas,balance_table_esto_axis,esto_flow,esto_product,esto_pair_axis,,esto_pair,,,direct_mapping_numeric_gap,"Mapping looks direct; inspect source data values, signs, and scenario-specific series."
esto__14_03_06__Machinery,Biogas,Target,,,,,16_01_biogas,balance_table_esto_axis,esto_flow,esto_product,esto_pair_axis,,esto_pair,,,direct_mapping_numeric_gap,"Mapping looks direct; inspect source data values, signs, and scenario-specific series."
esto__14_03_06__Machinery,Biogasoline,ESTO,,,,,16_05_biogasoline,balance_table_esto_axis,esto_flow,esto_product,esto_pair_axis,,esto_pair,,,direct_mapping_numeric_gap,"Mapping looks direct; inspect source data values, signs, and scenario-specific series."
esto__14_03_06__Machinery,Biogasoline,Target,,,,,16_05_biogasoline,balance_table_esto_axis,esto_flow,esto_product,esto_pair_axis,,esto_pair,,,direct_mapping_numeric_gap,"Mapping looks direct; inspect source data values, signs, and scenario-specific series."
esto__14_03_06__Machinery,Bitumen,ESTO,,,,,07_x_other_petroleum_products,balance_table_esto_axis,esto_flow,esto_product,esto_pair_axis,,esto_pair,,,aggregate_fuel_mapping,The 9th fuel is an aggregate bucket; compare against sibling fuels and the shared aggregate fuel audit.
esto__14_03_06__Machinery,Black liqour,ESTO,,,,,15_04_black_liquor,balance_table_esto_axis,esto_flow,esto_product,esto_pair_axis,,esto_pair,,,direct_mapping_numeric_gap,"Mapping looks direct; inspect source data values, signs, and scenario-specific series."
esto__14_03_06__Machinery,Black liqour,Target,,,,,15_04_black_liquor,balance_table_esto_axis,esto_flow,esto_product,esto_pair_axis,,esto_pair,,,direct_mapping_numeric_gap,"Mapping looks direct; inspect source data values, signs, and scenario-specific series."
esto__14_03_06__Machinery,Charcoal,ESTO,,,,,15_03_charcoal,balance_table_esto_axis,esto_flow,esto_product,esto_pair_axis,,esto_pair,,,direct_mapping_numeric_gap,"Mapping looks direct; inspect source data values, signs, and scenario-specific series."
esto__14_03_06__Machinery,Charcoal,Target,,,,,15_03_charcoal,balance_table_esto_axis,esto_flow,esto_product,esto_pair_axis,,esto_pair,,,direct_mapping_numeric_gap,"Mapping looks direct; inspect source data values, signs, and scenario-specific series."
esto__14_03_06__Machinery,Coal nonspecified,ESTO,,,,,01_coal_unallocated,balance_table_esto_axis,esto_flow,esto_product,esto_pair_axis,,esto_pair,,,direct_mapping_numeric_gap,"Mapping looks direct; inspect source data values, signs, and scenario-specific series."
esto__14_03_06__Machinery,Coal nonspecified,Target,,,,,01_coal_unallocated,balance_table_esto_axis,esto_flow,esto_product,esto_pair_axis,,esto_pair,,,direct_mapping_numeric_gap,"Mapping looks direct; inspect source data values, signs, and scenario-specific series."
esto__14_03_06__Machinery,Electricity,ESTO,,,,,17_electricity,balance_table_esto_axis,esto_flow,esto_product,esto_pair_axis,,esto_pair,,,direct_mapping_numeric_gap,"Mapping looks direct; inspect source data values, signs, and scenario-specific series."
esto__14_03_06__Machinery,Ethane,ESTO,,,,,07_11_ethane,balance_table_esto_axis,esto_flow,esto_product,esto_pair_axis,,esto_pair,,,direct_mapping_numeric_gap,"Mapping looks direct; inspect source data values, signs, and scenario-specific series."
esto__14_03_06__Machinery,Fuelwood & woodwaste,ESTO,,,,,15_01_fuelwood_and_woodwaste,balance_table_esto_axis,esto_flow,esto_product,esto_pair_axis,,esto_pair,,,direct_mapping_numeric_gap,"Mapping looks direct; inspect source data values, signs, and scenario-specific series."
esto__14_03_06__Machinery,Fuelwood & woodwaste,Target,,,,,15_01_fuelwood_and_woodwaste,balance_table_esto_axis,esto_flow,esto_product,esto_pair_axis,,esto_pair,,,direct_mapping_numeric_gap,"Mapping looks direct; inspect source data values, signs, and scenario-specific series."
esto__14_03_06__Machinery,Gas/diesel oil,ESTO,,,,,07_07_gas_diesel_oil,balance_table_esto_axis,esto_flow,esto_product,esto_pair_axis,,esto_pair,,,direct_mapping_numeric_gap,"Mapping looks direct; inspect source data values, signs, and scenario-specific series."
esto__14_03_06__Machinery,Gasoline type jet fuel,ESTO,,,,,07_x_jet_fuel,balance_table_esto_axis,esto_flow,esto_product,esto_pair_axis,,esto_pair,,,aggregate_fuel_mapping,The 9th fuel is an aggregate bucket; compare against sibling fuels and the shared aggregate fuel audit.
esto__14_03_06__Machinery,Heat,ESTO,,,,,18_heat,balance_table_esto_axis,esto_flow,esto_product,esto_pair_axis,,esto_pair,,,direct_mapping_numeric_gap,"Mapping looks direct; inspect source data values, signs, and scenario-specific series."
esto__14_03_06__Machinery,Industrial waste,ESTO,,,,,16_02_industrial_waste,balance_table_esto_axis,esto_flow,esto_product,esto_pair_axis,,esto_pair,,,direct_mapping_numeric_gap,"Mapping looks direct; inspect source data values, signs, and scenario-specific series."
esto__14_03_06__Machinery,Industrial waste,Target,,,,,16_02_industrial_waste,balance_table_esto_axis,esto_flow,esto_product,esto_pair_axis,,esto_pair,,,direct_mapping_numeric_gap,"Mapping looks direct; inspect source data values, signs, and scenario-specific series."
esto__14_03_06__Machinery,Kerosene,ESTO,,,,,07_06_kerosene,balance_table_esto_axis,esto_flow,esto_product,esto_pair_axis,,esto_pair,,,direct_mapping_numeric_gap,"Mapping looks direct; inspect source data values, signs, and scenario-specific series."
esto__14_03_06__Machinery,Kerosene type jet fuel,ESTO,,,,,07_x_jet_fuel,balance_table_esto_axis,esto_flow,esto_product,esto_pair_axis,,esto_pair,,,aggregate_fuel_mapping,The 9th fuel is an aggregate bucket; compare against sibling fuels and the shared aggregate fuel audit.
esto__14_03_06__Machinery,Kerosene type jet fuel,Target,,,,,07_x_jet_fuel,balance_table_esto_axis,esto_flow,esto_product,esto_pair_axis,,esto_pair,,,aggregate_fuel_mapping,The 9th fuel is an aggregate bucket; compare against sibling fuels and the shared aggregate fuel audit.
esto__14_03_06__Machinery,LPG,ESTO,,,,,07_09_lpg,balance_table_esto_axis,esto_flow,esto_product,esto_pair_axis,,esto_pair,,,direct_mapping_numeric_gap,"Mapping looks direct; inspect source data values, signs, and scenario-specific series."
esto__14_03_06__Machinery,Lubricants,ESTO,,,,,07_x_other_petroleum_products,balance_table_esto_axis,esto_flow,esto_product,esto_pair_axis,,esto_pair,,,aggregate_fuel_mapping,The 9th fuel is an aggregate bucket; compare against sibling fuels and the shared aggregate fuel audit.
esto__14_03_06__Machinery,Lubricants,Target,,,,,07_x_other_petroleum_products,balance_table_esto_axis,esto_flow,esto_product,esto_pair_axis,,esto_pair,,,aggregate_fuel_mapping,The 9th fuel is an aggregate bucket; compare against sibling fuels and the shared aggregate fuel audit.
esto__14_03_06__Machinery,Municipal solid waste (non-renewable),ESTO,,,,,16_04_municipal_solid_waste_nonrenewable,balance_table_esto_axis,esto_flow,esto_product,esto_pair_axis,,esto_pair,,,direct_mapping_numeric_gap,"Mapping looks direct; inspect source data values, signs, and scenario-specific series."
esto__14_03_06__Machinery,Municipal solid waste (non-renewable),Target,,,,,16_04_municipal_solid_waste_nonrenewable,balance_table_esto_axis,esto_flow,esto_product,esto_pair_axis,,esto_pair,,,direct_mapping_numeric_gap,"Mapping looks direct; inspect source data values, signs, and scenario-specific series."
esto__14_03_06__Machinery,Municipal solid waste (renewable),ESTO,,,,,16_03_municipal_solid_waste_renewable,balance_table_esto_axis,esto_flow,esto_product,esto_pair_axis,,esto_pair,,,direct_mapping_numeric_gap,"Mapping looks direct; inspect source data values, signs, and scenario-specific series."
esto__14_03_06__Machinery,Municipal solid waste (renewable),Target,,,,,16_03_municipal_solid_waste_renewable,balance_table_esto_axis,esto_flow,esto_product,esto_pair_axis,,esto_pair,,,direct_mapping_numeric_gap,"Mapping looks direct; inspect source data values, signs, and scenario-specific series."
esto__14_03_06__Machinery,Naphtha,ESTO,,,,,07_03_naphtha,balance_table_esto_axis,esto_flow,esto_product,esto_pair_axis,,esto_pair,,,direct_mapping_numeric_gap,"Mapping looks direct; inspect source data values, signs, and scenario-specific series."
esto__14_03_06__Machinery,Natural gas,ESTO,,,,,08_01_natural_gas,balance_table_esto_axis,esto_flow,esto_product,esto_pair_axis,,esto_pair,,,direct_mapping_numeric_gap,"Mapping looks direct; inspect source data values, signs, and scenario-specific series."
esto__14_03_06__Machinery,Other biomass,ESTO,,,,,15_05_other_biomass,balance_table_esto_axis,esto_flow,esto_product,esto_pair_axis,,esto_pair,,,direct_mapping_numeric_gap,"Mapping looks direct; inspect source data values, signs, and scenario-specific series."
esto__14_03_06__Machinery,Other biomass,Target,,,,,15_05_other_biomass,balance_table_esto_axis,esto_flow,esto_product,esto_pair_axis,,esto_pair,,,direct_mapping_numeric_gap,"Mapping looks direct; inspect source data values, signs, and scenario-specific series."
esto__14_03_06__Machinery,Other bituminous coal,ESTO,,,,,01_x_thermal_coal,balance_table_esto_axis,esto_flow,esto_product,esto_pair_axis,,esto_pair,,,aggregate_fuel_mapping,The 9th fuel is an aggregate bucket; compare against sibling fuels and the shared aggregate fuel audit.
esto__14_03_06__Machinery,Other bituminous coal,Target,,,,,01_x_thermal_coal,balance_table_esto_axis,esto_flow,esto_product,esto_pair_axis,,esto_pair,,,aggregate_fuel_mapping,The 9th fuel is an aggregate bucket; compare against sibling fuels and the shared aggregate fuel audit.
esto__14_03_06__Machinery,Other liquid biofuels,ESTO,,,,,16_08_other_liquid_biofuels,balance_table_esto_axis,esto_flow,esto_product,esto_pair_axis,,esto_pair,,,direct_mapping_numeric_gap,"Mapping looks direct; inspect source data values, signs, and scenario-specific series."
esto__14_03_06__Machinery,Other liquid biofuels,Target,,,,,16_08_other_liquid_biofuels,balance_table_esto_axis,esto_flow,esto_product,esto_pair_axis,,esto_pair,,,direct_mapping_numeric_gap,"Mapping looks direct; inspect source data values, signs, and scenario-specific series."
esto__14_03_06__Machinery,Other products,ESTO,,,,,07_x_other_petroleum_products,balance_table_esto_axis,esto_flow,esto_product,esto_pair_axis,,esto_pair,,,aggregate_fuel_mapping,The 9th fuel is an aggregate bucket; compare against sibling fuels and the shared aggregate fuel audit.
esto__14_03_06__Machinery,Other products,Target,,,,,07_x_other_petroleum_products,balance_table_esto_axis,esto_flow,esto_product,esto_pair_axis,,esto_pair,,,aggregate_fuel_mapping,The 9th fuel is an aggregate bucket; compare against sibling fuels and the shared aggregate fuel audit.
esto__14_03_06__Machinery,Other sources,ESTO,,,,,16_others_unallocated,balance_table_esto_axis,esto_flow,esto_product,esto_pair_axis,,esto_pair,,,catch_all_fuel_bucket,Catch-all fuel labels often hide reassignment problems; compare against specific fuels in the same sheet.
esto__14_03_06__Machinery,Other sources,Target,,,,,16_others_unallocated,balance_table_esto_axis,esto_flow,esto_product,esto_pair_axis,,esto_pair,,,catch_all_fuel_bucket,Catch-all fuel labels often hide reassignment problems; compare against specific fuels in the same sheet.
esto__14_03_06__Machinery,Paraffin waxes,ESTO,,,,,07_x_other_petroleum_products,balance_table_esto_axis,esto_flow,esto_product,esto_pair_axis,,esto_pair,,,aggregate_fuel_mapping,The 9th fuel is an aggregate bucket; compare against sibling fuels and the shared aggregate fuel audit.
esto__14_03_06__Machinery,Paraffin waxes,Target,,,,,07_x_other_petroleum_products,balance_table_esto_axis,esto_flow,esto_product,esto_pair_axis,,esto_pair,,,aggregate_fuel_mapping,The 9th fuel is an aggregate bucket; compare against sibling fuels and the shared aggregate fuel audit.
esto__14_03_06__Machinery,PetProd nonspecified,ESTO,,,,,07_petroleum_products_unallocated,balance_table_esto_axis,esto_flow,esto_product,esto_pair_axis,,esto_pair,,,direct_mapping_numeric_gap,"Mapping looks direct; inspect source data values, signs, and scenario-specific series."
esto__14_03_06__Machinery,Petroleum coke,ESTO,,,,,02_coal_products,balance_table_esto_axis,esto_flow,esto_product,esto_pair_axis,,esto_pair,,,direct_mapping_numeric_gap,"Mapping looks direct; inspect source data values, signs, and scenario-specific series."
esto__14_03_06__Machinery,Refinery gas (not liquefied),ESTO,,,,,07_10_refinery_gas_not_liquefied,balance_table_esto_axis,esto_flow,esto_product,esto_pair_axis,,esto_pair,,,direct_mapping_numeric_gap,"Mapping looks direct; inspect source data values, signs, and scenario-specific series."
esto__14_03_06__Machinery,Sub-bituminous coal,ESTO,,,,,01_x_thermal_coal,balance_table_esto_axis,esto_flow,esto_product,esto_pair_axis,,esto_pair,,,aggregate_fuel_mapping,The 9th fuel is an aggregate bucket; compare against sibling fuels and the shared aggregate fuel audit.
esto__14_03_06__Machinery,Sub-bituminous coal,Target,,,,,01_x_thermal_coal,balance_table_esto_axis,esto_flow,esto_product,esto_pair_axis,,esto_pair,,,aggregate_fuel_mapping,The 9th fuel is an aggregate bucket; compare against sibling fuels and the shared aggregate fuel audit.
esto__14_03_06__Machinery,White spirit SBP,ESTO,,,,,07_03_naphtha,balance_table_esto_axis,esto_flow,esto_product,esto_pair_axis,,esto_pair,,,direct_mapping_numeric_gap,"Mapping looks direct; inspect source data values, signs, and scenario-specific series."
esto__14_03_06__Machinery,White spirit SBP,Target,,,,,07_03_naphtha,balance_table_esto_axis,esto_flow,esto_product,esto_pair_axis,,esto_pair,,,direct_mapping_numeric_gap,"Mapping looks direct; inspect source data values, signs, and scenario-specific series."
esto__14_03_07__Food__beverages_and_tobacco,Anthracite,ESTO,,,,,01_x_thermal_coal,balance_table_esto_axis,esto_flow,esto_product,esto_pair_axis,,esto_pair,,,aggregate_fuel_mapping,The 9th fuel is an aggregate bucket; compare against sibling fuels and the shared aggregate fuel audit.
esto__14_03_07__Food__beverages_and_tobacco,Bagasse,ESTO,,,,,15_02_bagasse,balance_table_esto_axis,esto_flow,esto_product,esto_pair_axis,,esto_pair,,,direct_mapping_numeric_gap,"Mapping looks direct; inspect source data values, signs, and scenario-specific series."
esto__14_03_07__Food__beverages_and_tobacco,Bio jet kerosene,ESTO,,,,,16_07_bio_jet_kerosene,balance_table_esto_axis,esto_flow,esto_product,esto_pair_axis,,esto_pair,,,direct_mapping_numeric_gap,"Mapping looks direct; inspect source data values, signs, and scenario-specific series."
esto__14_03_07__Food__beverages_and_tobacco,Biodiesel,ESTO,,,,,16_06_biodiesel,balance_table_esto_axis,esto_flow,esto_product,esto_pair_axis,,esto_pair,,,direct_mapping_numeric_gap,"Mapping looks direct; inspect source data values, signs, and scenario-specific series."
esto__14_03_07__Food__beverages_and_tobacco,Biogas,ESTO,,,,,16_01_biogas,balance_table_esto_axis,esto_flow,esto_product,esto_pair_axis,,esto_pair,,,direct_mapping_numeric_gap,"Mapping looks direct; inspect source data values, signs, and scenario-specific series."
esto__14_03_07__Food__beverages_and_tobacco,Biogasoline,ESTO,,,,,16_05_biogasoline,balance_table_esto_axis,esto_flow,esto_product,esto_pair_axis,,esto_pair,,,direct_mapping_numeric_gap,"Mapping looks direct; inspect source data values, signs, and scenario-specific series."
esto__14_03_07__Food__beverages_and_tobacco,Black liqour,ESTO,,,,,15_04_black_liquor,balance_table_esto_axis,esto_flow,esto_product,esto_pair_axis,,esto_pair,,,direct_mapping_numeric_gap,"Mapping looks direct; inspect source data values, signs, and scenario-specific series."
esto__14_03_07__Food__beverages_and_tobacco,Charcoal,ESTO,,,,,15_03_charcoal,balance_table_esto_axis,esto_flow,esto_product,esto_pair_axis,,esto_pair,,,direct_mapping_numeric_gap,"Mapping looks direct; inspect source data values, signs, and scenario-specific series."
esto__14_03_07__Food__beverages_and_tobacco,Coal nonspecified,ESTO,,,,,01_coal_unallocated,balance_table_esto_axis,esto_flow,esto_product,esto_pair_axis,,esto_pair,,,direct_mapping_numeric_gap,"Mapping looks direct; inspect source data values, signs, and scenario-specific series."
esto__14_03_07__Food__beverages_and_tobacco,Coke oven gas,ESTO,,,,,16_02_industrial_waste,dashboard_template_esto_axis,dashboard_template,dashboard_template,esto_pair_axis,Template-declared ESTO-axis row with no LEAP export row.,esto_pair,,,direct_mapping_numeric_gap,"Mapping looks direct; inspect source data values, signs, and scenario-specific series."
esto__14_03_07__Food__beverages_and_tobacco,Electricity,ESTO,,,,,17_electricity,balance_table_esto_axis,esto_flow,esto_product,esto_pair_axis,,esto_pair,,,direct_mapping_numeric_gap,"Mapping looks direct; inspect source data values, signs, and scenario-specific series."
esto__14_03_07__Food__beverages_and_tobacco,Fuel oil,ESTO,,,,,07_08_fuel_oil,balance_table_esto_axis,esto_flow,esto_product,esto_pair_axis,,esto_pair,,,direct_mapping_numeric_gap,"Mapping looks direct; inspect source data values, signs, and scenario-specific series."
esto__14_03_07__Food__beverages_and_tobacco,Fuelwood & woodwaste,ESTO,,,,,15_01_fuelwood_and_woodwaste,balance_table_esto_axis,esto_flow,esto_product,esto_pair_axis,,esto_pair,,,direct_mapping_numeric_gap,"Mapping looks direct; inspect source data values, signs, and scenario-specific series."
esto__14_03_07__Food__beverages_and_tobacco,Gas/diesel oil,ESTO,,,,,07_07_gas_diesel_oil,balance_table_esto_axis,esto_flow,esto_product,esto_pair_axis,,esto_pair,,,direct_mapping_numeric_gap,"Mapping looks direct; inspect source data values, signs, and scenario-specific series."
esto__14_03_07__Food__beverages_and_tobacco,Heat,ESTO,,,,,18_heat,balance_table_esto_axis,esto_flow,esto_product,esto_pair_axis,,esto_pair,,,direct_mapping_numeric_gap,"Mapping looks direct; inspect source data values, signs, and scenario-specific series."
esto__14_03_07__Food__beverages_and_tobacco,Industrial waste,ESTO,,,,,16_02_industrial_waste,balance_table_esto_axis,esto_flow,esto_product,esto_pair_axis,,esto_pair,,,direct_mapping_numeric_gap,"Mapping looks direct; inspect source data values, signs, and scenario-specific series."
esto__14_03_07__Food__beverages_and_tobacco,LPG,ESTO,,,,,07_09_lpg,balance_table_esto_axis,esto_flow,esto_product,esto_pair_axis,,esto_pair,,,direct_mapping_numeric_gap,"Mapping looks direct; inspect source data values, signs, and scenario-specific series."
esto__14_03_07__Food__beverages_and_tobacco,Lignite,ESTO,,,,,01_05_lignite,balance_table_esto_axis,esto_flow,esto_product,esto_pair_axis,,esto_pair,,,direct_mapping_numeric_gap,"Mapping looks direct; inspect source data values, signs, and scenario-specific series."
esto__14_03_07__Food__beverages_and_tobacco,Municipal solid waste (non-renewable),ESTO,,,,,16_04_municipal_solid_waste_nonrenewable,balance_table_esto_axis,esto_flow,esto_product,esto_pair_axis,,esto_pair,,,direct_mapping_numeric_gap,"Mapping looks direct; inspect source data values, signs, and scenario-specific series."
esto__14_03_07__Food__beverages_and_tobacco,Municipal solid waste (renewable),ESTO,,,,,16_03_municipal_solid_waste_renewable,balance_table_esto_axis,esto_flow,esto_product,esto_pair_axis,,esto_pair,,,direct_mapping_numeric_gap,"Mapping looks direct; inspect source data values, signs, and scenario-specific series."
esto__14_03_07__Food__beverages_and_tobacco,Natural gas,ESTO,,,,,08_01_natural_gas,balance_table_esto_axis,esto_flow,esto_product,esto_pair_axis,,esto_pair,,,direct_mapping_numeric_gap,"Mapping looks direct; inspect source data values, signs, and scenario-specific series."
esto__14_03_07__Food__beverages_and_tobacco,Other biomass,ESTO,,,,,15_05_other_biomass,balance_table_esto_axis,esto_flow,esto_product,esto_pair_axis,,esto_pair,,,direct_mapping_numeric_gap,"Mapping looks direct; inspect source data values, signs, and scenario-specific series."
esto__14_03_07__Food__beverages_and_tobacco,Other bituminous coal,ESTO,,,,,01_x_thermal_coal,balance_table_esto_axis,esto_flow,esto_product,esto_pair_axis,,esto_pair,,,aggregate_fuel_mapping,The 9th fuel is an aggregate bucket; compare against sibling fuels and the shared aggregate fuel audit.
esto__14_03_07__Food__beverages_and_tobacco,Other bituminous coal,Target,,,,,01_x_thermal_coal,balance_table_esto_axis,esto_flow,esto_product,esto_pair_axis,,esto_pair,,,aggregate_fuel_mapping,The 9th fuel is an aggregate bucket; compare against sibling fuels and the shared aggregate fuel audit.
esto__14_03_07__Food__beverages_and_tobacco,Other liquid biofuels,ESTO,,,,,16_08_other_liquid_biofuels,balance_table_esto_axis,esto_flow,esto_product,esto_pair_axis,,esto_pair,,,direct_mapping_numeric_gap,"Mapping looks direct; inspect source data values, signs, and scenario-specific series."
esto__14_03_07__Food__beverages_and_tobacco,Other sources,ESTO,,,,,16_others_unallocated,balance_table_esto_axis,esto_flow,esto_product,esto_pair_axis,,esto_pair,,,catch_all_fuel_bucket,Catch-all fuel labels often hide reassignment problems; compare against specific fuels in the same sheet.
esto__14_03_07__Food__beverages_and_tobacco,Sub-bituminous coal,ESTO,,,,,01_x_thermal_coal,balance_table_esto_axis,esto_flow,esto_product,esto_pair_axis,,esto_pair,,,aggregate_fuel_mapping,The 9th fuel is an aggregate bucket; compare against sibling fuels and the shared aggregate fuel audit.
esto__14_03_07__Food__beverages_and_tobacco,Sub-bituminous coal,Target,,,,,01_x_thermal_coal,balance_table_esto_axis,esto_flow,esto_product,esto_pair_axis,,esto_pair,,,aggregate_fuel_mapping,The 9th fuel is an aggregate bucket; compare against sibling fuels and the shared aggregate fuel audit.
esto__14_03_08__Pulp__paper_and_printing,Anthracite,ESTO,,,,,01_x_thermal_coal,balance_table_esto_axis,esto_flow,esto_product,esto_pair_axis,,esto_pair,,,aggregate_fuel_mapping,The 9th fuel is an aggregate bucket; compare against sibling fuels and the shared aggregate fuel audit.
esto__14_03_08__Pulp__paper_and_printing,Aviation gasoline,ESTO,,,,,07_02_aviation_gasoline,balance_table_esto_axis,esto_flow,esto_product,esto_pair_axis,,esto_pair,,,direct_mapping_numeric_gap,"Mapping looks direct; inspect source data values, signs, and scenario-specific series."
esto__14_03_08__Pulp__paper_and_printing,Bagasse,ESTO,,,,,15_02_bagasse,balance_table_esto_axis,esto_flow,esto_product,esto_pair_axis,,esto_pair,,,direct_mapping_numeric_gap,"Mapping looks direct; inspect source data values, signs, and scenario-specific series."
esto__14_03_08__Pulp__paper_and_printing,Bio jet kerosene,ESTO,,,,,16_07_bio_jet_kerosene,balance_table_esto_axis,esto_flow,esto_product,esto_pair_axis,,esto_pair,,,direct_mapping_numeric_gap,"Mapping looks direct; inspect source data values, signs, and scenario-specific series."
esto__14_03_08__Pulp__paper_and_printing,Biodiesel,ESTO,,,,,16_06_biodiesel,balance_table_esto_axis,esto_flow,esto_product,esto_pair_axis,,esto_pair,,,direct_mapping_numeric_gap,"Mapping looks direct; inspect source data values, signs, and scenario-specific series."
esto__14_03_08__Pulp__paper_and_printing,Biogas,ESTO,,,,,16_01_biogas,balance_table_esto_axis,esto_flow,esto_product,esto_pair_axis,,esto_pair,,,direct_mapping_numeric_gap,"Mapping looks direct; inspect source data values, signs, and scenario-specific series."
esto__14_03_08__Pulp__paper_and_printing,Biogasoline,ESTO,,,,,16_05_biogasoline,balance_table_esto_axis,esto_flow,esto_product,esto_pair_axis,,esto_pair,,,direct_mapping_numeric_gap,"Mapping looks direct; inspect source data values, signs, and scenario-specific series."
esto__14_03_08__Pulp__paper_and_printing,Bitumen,ESTO,,,,,07_x_other_petroleum_products,balance_table_esto_axis,esto_flow,esto_product,esto_pair_axis,,esto_pair,,,aggregate_fuel_mapping,The 9th fuel is an aggregate bucket; compare against sibling fuels and the shared aggregate fuel audit.
esto__14_03_08__Pulp__paper_and_printing,Black liqour,ESTO,,,,,15_04_black_liquor,balance_table_esto_axis,esto_flow,esto_product,esto_pair_axis,,esto_pair,,,direct_mapping_numeric_gap,"Mapping looks direct; inspect source data values, signs, and scenario-specific series."
esto__14_03_08__Pulp__paper_and_printing,Charcoal,ESTO,,,,,15_03_charcoal,balance_table_esto_axis,esto_flow,esto_product,esto_pair_axis,,esto_pair,,,direct_mapping_numeric_gap,"Mapping looks direct; inspect source data values, signs, and scenario-specific series."
esto__14_03_08__Pulp__paper_and_printing,Coal nonspecified,ESTO,,,,,01_coal_unallocated,balance_table_esto_axis,esto_flow,esto_product,esto_pair_axis,,esto_pair,,,direct_mapping_numeric_gap,"Mapping looks direct; inspect source data values, signs, and scenario-specific series."
esto__14_03_08__Pulp__paper_and_printing,Electricity,ESTO,,,,,17_electricity,balance_table_esto_axis,esto_flow,esto_product,esto_pair_axis,,esto_pair,,,direct_mapping_numeric_gap,"Mapping looks direct; inspect source data values, signs, and scenario-specific series."
esto__14_03_08__Pulp__paper_and_printing,Ethane,ESTO,,,,,07_11_ethane,balance_table_esto_axis,esto_flow,esto_product,esto_pair_axis,,esto_pair,,,direct_mapping_numeric_gap,"Mapping looks direct; inspect source data values, signs, and scenario-specific series."
esto__14_03_08__Pulp__paper_and_printing,Fuel oil,ESTO,,,,,07_08_fuel_oil,balance_table_esto_axis,esto_flow,esto_product,esto_pair_axis,,esto_pair,,,direct_mapping_numeric_gap,"Mapping looks direct; inspect source data values, signs, and scenario-specific series."
esto__14_03_08__Pulp__paper_and_printing,Fuelwood & woodwaste,ESTO,,,,,15_01_fuelwood_and_woodwaste,balance_table_esto_axis,esto_flow,esto_product,esto_pair_axis,,esto_pair,,,direct_mapping_numeric_gap,"Mapping looks direct; inspect source data values, signs, and scenario-specific series."
esto__14_03_08__Pulp__paper_and_printing,Gas/diesel oil,ESTO,,,,,07_07_gas_diesel_oil,balance_table_esto_axis,esto_flow,esto_product,esto_pair_axis,,esto_pair,,,direct_mapping_numeric_gap,"Mapping looks direct; inspect source data values, signs, and scenario-specific series."
esto__14_03_08__Pulp__paper_and_printing,Gasoline type jet fuel,ESTO,,,,,07_x_jet_fuel,balance_table_esto_axis,esto_flow,esto_product,esto_pair_axis,,esto_pair,,,aggregate_fuel_mapping,The 9th fuel is an aggregate bucket; compare against sibling fuels and the shared aggregate fuel audit.
esto__14_03_08__Pulp__paper_and_printing,Heat,ESTO,,,,,18_heat,balance_table_esto_axis,esto_flow,esto_product,esto_pair_axis,,esto_pair,,,direct_mapping_numeric_gap,"Mapping looks direct; inspect source data values, signs, and scenario-specific series."
esto__14_03_08__Pulp__paper_and_printing,Industrial waste,ESTO,,,,,16_02_industrial_waste,balance_table_esto_axis,esto_flow,esto_product,esto_pair_axis,,esto_pair,,,direct_mapping_numeric_gap,"Mapping looks direct; inspect source data values, signs, and scenario-specific series."
esto__14_03_08__Pulp__paper_and_printing,Kerosene,ESTO,,,,,07_06_kerosene,balance_table_esto_axis,esto_flow,esto_product,esto_pair_axis,,esto_pair,,,direct_mapping_numeric_gap,"Mapping looks direct; inspect source data values, signs, and scenario-specific series."
esto__14_03_08__Pulp__paper_and_printing,Kerosene type jet fuel,ESTO,,,,,07_x_jet_fuel,balance_table_esto_axis,esto_flow,esto_product,esto_pair_axis,,esto_pair,,,aggregate_fuel_mapping,The 9th fuel is an aggregate bucket; compare against sibling fuels and the shared aggregate fuel audit.
esto__14_03_08__Pulp__paper_and_printing,Kerosene type jet fuel,Target,,,,,07_x_jet_fuel,balance_table_esto_axis,esto_flow,esto_product,esto_pair_axis,,esto_pair,,,aggregate_fuel_mapping,The 9th fuel is an aggregate bucket; compare against sibling fuels and the shared aggregate fuel audit.
esto__14_03_08__Pulp__paper_and_printing,LPG,ESTO,,,,,07_09_lpg,balance_table_esto_axis,esto_flow,esto_product,esto_pair_axis,,esto_pair,,,direct_mapping_numeric_gap,"Mapping looks direct; inspect source data values, signs, and scenario-specific series."
esto__14_03_08__Pulp__paper_and_printing,Lubricants,ESTO,,,,,07_x_other_petroleum_products,balance_table_esto_axis,esto_flow,esto_product,esto_pair_axis,,esto_pair,,,aggregate_fuel_mapping,The 9th fuel is an aggregate bucket; compare against sibling fuels and the shared aggregate fuel audit.
esto__14_03_08__Pulp__paper_and_printing,Lubricants,Target,,,,,07_x_other_petroleum_products,balance_table_esto_axis,esto_flow,esto_product,esto_pair_axis,,esto_pair,,,aggregate_fuel_mapping,The 9th fuel is an aggregate bucket; compare against sibling fuels and the shared aggregate fuel audit.
esto__14_03_08__Pulp__paper_and_printing,Municipal solid waste (non-renewable),ESTO,,,,,16_04_municipal_solid_waste_nonrenewable,balance_table_esto_axis,esto_flow,esto_product,esto_pair_axis,,esto_pair,,,direct_mapping_numeric_gap,"Mapping looks direct; inspect source data values, signs, and scenario-specific series."
esto__14_03_08__Pulp__paper_and_printing,Municipal solid waste (renewable),ESTO,,,,,16_03_municipal_solid_waste_renewable,balance_table_esto_axis,esto_flow,esto_product,esto_pair_axis,,esto_pair,,,direct_mapping_numeric_gap,"Mapping looks direct; inspect source data values, signs, and scenario-specific series."
esto__14_03_08__Pulp__paper_and_printing,Naphtha,ESTO,,,,,07_03_naphtha,balance_table_esto_axis,esto_flow,esto_product,esto_pair_axis,,esto_pair,,,direct_mapping_numeric_gap,"Mapping looks direct; inspect source data values, signs, and scenario-specific series."
esto__14_03_08__Pulp__paper_and_printing,Natural gas,ESTO,,,,,08_01_natural_gas,balance_table_esto_axis,esto_flow,esto_product,esto_pair_axis,,esto_pair,,,direct_mapping_numeric_gap,"Mapping looks direct; inspect source data values, signs, and scenario-specific series."
esto__14_03_08__Pulp__paper_and_printing,Other biomass,ESTO,,,,,15_05_other_biomass,balance_table_esto_axis,esto_flow,esto_product,esto_pair_axis,,esto_pair,,,direct_mapping_numeric_gap,"Mapping looks direct; inspect source data values, signs, and scenario-specific series."
esto__14_03_08__Pulp__paper_and_printing,Other bituminous coal,ESTO,,,,,01_x_thermal_coal,balance_table_esto_axis,esto_flow,esto_product,esto_pair_axis,,esto_pair,,,aggregate_fuel_mapping,The 9th fuel is an aggregate bucket; compare against sibling fuels and the shared aggregate fuel audit.
esto__14_03_08__Pulp__paper_and_printing,Other bituminous coal,Target,,,,,01_x_thermal_coal,balance_table_esto_axis,esto_flow,esto_product,esto_pair_axis,,esto_pair,,,aggregate_fuel_mapping,The 9th fuel is an aggregate bucket; compare against sibling fuels and the shared aggregate fuel audit.
esto__14_03_08__Pulp__paper_and_printing,Other liquid biofuels,ESTO,,,,,16_08_other_liquid_biofuels,balance_table_esto_axis,esto_flow,esto_product,esto_pair_axis,,esto_pair,,,direct_mapping_numeric_gap,"Mapping looks direct; inspect source data values, signs, and scenario-specific series."
esto__14_03_08__Pulp__paper_and_printing,Other products,ESTO,,,,,07_x_other_petroleum_products,balance_table_esto_axis,esto_flow,esto_product,esto_pair_axis,,esto_pair,,,aggregate_fuel_mapping,The 9th fuel is an aggregate bucket; compare against sibling fuels and the shared aggregate fuel audit.
esto__14_03_08__Pulp__paper_and_printing,Other products,Target,,,,,07_x_other_petroleum_products,balance_table_esto_axis,esto_flow,esto_product,esto_pair_axis,,esto_pair,,,aggregate_fuel_mapping,The 9th fuel is an aggregate bucket; compare against sibling fuels and the shared aggregate fuel audit.
esto__14_03_08__Pulp__paper_and_printing,Other sources,ESTO,,,,,16_others_unallocated,balance_table_esto_axis,esto_flow,esto_product,esto_pair_axis,,esto_pair,,,catch_all_fuel_bucket,Catch-all fuel labels often hide reassignment problems; compare against specific fuels in the same sheet.
esto__14_03_08__Pulp__paper_and_printing,Paraffin waxes,ESTO,,,,,07_x_other_petroleum_products,balance_table_esto_axis,esto_flow,esto_product,esto_pair_axis,,esto_pair,,,aggregate_fuel_mapping,The 9th fuel is an aggregate bucket; compare against sibling fuels and the shared aggregate fuel audit.
esto__14_03_08__Pulp__paper_and_printing,Paraffin waxes,Target,,,,,07_x_other_petroleum_products,balance_table_esto_axis,esto_flow,esto_product,esto_pair_axis,,esto_pair,,,aggregate_fuel_mapping,The 9th fuel is an aggregate bucket; compare against sibling fuels and the shared aggregate fuel audit.
esto__14_03_08__Pulp__paper_and_printing,PetProd nonspecified,ESTO,,,,,07_petroleum_products_unallocated,balance_table_esto_axis,esto_flow,esto_product,esto_pair_axis,,esto_pair,,,direct_mapping_numeric_gap,"Mapping looks direct; inspect source data values, signs, and scenario-specific series."
esto__14_03_08__Pulp__paper_and_printing,Petroleum coke,ESTO,,,,,02_coal_products,balance_table_esto_axis,esto_flow,esto_product,esto_pair_axis,,esto_pair,,,direct_mapping_numeric_gap,"Mapping looks direct; inspect source data values, signs, and scenario-specific series."
esto__14_03_08__Pulp__paper_and_printing,Refinery gas (not liquefied),ESTO,,,,,07_10_refinery_gas_not_liquefied,balance_table_esto_axis,esto_flow,esto_product,esto_pair_axis,,esto_pair,,,direct_mapping_numeric_gap,"Mapping looks direct; inspect source data values, signs, and scenario-specific series."
esto__14_03_08__Pulp__paper_and_printing,Sub-bituminous coal,ESTO,,,,,01_x_thermal_coal,balance_table_esto_axis,esto_flow,esto_product,esto_pair_axis,,esto_pair,,,aggregate_fuel_mapping,The 9th fuel is an aggregate bucket; compare against sibling fuels and the shared aggregate fuel audit.
esto__14_03_08__Pulp__paper_and_printing,Sub-bituminous coal,Target,,,,,01_x_thermal_coal,balance_table_esto_axis,esto_flow,esto_product,esto_pair_axis,,esto_pair,,,aggregate_fuel_mapping,The 9th fuel is an aggregate bucket; compare against sibling fuels and the shared aggregate fuel audit.
esto__14_03_08__Pulp__paper_and_printing,White spirit SBP,ESTO,,,,,07_03_naphtha,balance_table_esto_axis,esto_flow,esto_product,esto_pair_axis,,esto_pair,,,direct_mapping_numeric_gap,"Mapping looks direct; inspect source data values, signs, and scenario-specific series."
esto__14_03_08__Pulp__paper_and_printing,White spirit SBP,Target,,,,,07_03_naphtha,balance_table_esto_axis,esto_flow,esto_product,esto_pair_axis,,esto_pair,,,direct_mapping_numeric_gap,"Mapping looks direct; inspect source data values, signs, and scenario-specific series."
esto__14_03_09__Wood_and_wood_products,Bagasse,ESTO,,,,,15_02_bagasse,balance_table_esto_axis,esto_flow,esto_product,esto_pair_axis,,esto_pair,,,direct_mapping_numeric_gap,"Mapping looks direct; inspect source data values, signs, and scenario-specific series."
esto__14_03_09__Wood_and_wood_products,Bio jet kerosene,ESTO,,,,,16_07_bio_jet_kerosene,balance_table_esto_axis,esto_flow,esto_product,esto_pair_axis,,esto_pair,,,direct_mapping_numeric_gap,"Mapping looks direct; inspect source data values, signs, and scenario-specific series."
esto__14_03_09__Wood_and_wood_products,Biodiesel,ESTO,,,,,16_06_biodiesel,balance_table_esto_axis,esto_flow,esto_product,esto_pair_axis,,esto_pair,,,direct_mapping_numeric_gap,"Mapping looks direct; inspect source data values, signs, and scenario-specific series."
esto__14_03_09__Wood_and_wood_products,Biogas,ESTO,,,,,16_01_biogas,balance_table_esto_axis,esto_flow,esto_product,esto_pair_axis,,esto_pair,,,direct_mapping_numeric_gap,"Mapping looks direct; inspect source data values, signs, and scenario-specific series."
esto__14_03_09__Wood_and_wood_products,Biogasoline,ESTO,,,,,16_05_biogasoline,balance_table_esto_axis,esto_flow,esto_product,esto_pair_axis,,esto_pair,,,direct_mapping_numeric_gap,"Mapping looks direct; inspect source data values, signs, and scenario-specific series."
esto__14_03_09__Wood_and_wood_products,Black liqour,ESTO,,,,,15_04_black_liquor,balance_table_esto_axis,esto_flow,esto_product,esto_pair_axis,,esto_pair,,,direct_mapping_numeric_gap,"Mapping looks direct; inspect source data values, signs, and scenario-specific series."
esto__14_03_09__Wood_and_wood_products,Charcoal,ESTO,,,,,15_03_charcoal,balance_table_esto_axis,esto_flow,esto_product,esto_pair_axis,,esto_pair,,,direct_mapping_numeric_gap,"Mapping looks direct; inspect source data values, signs, and scenario-specific series."
esto__14_03_09__Wood_and_wood_products,Electricity,ESTO,,,,,17_electricity,balance_table_esto_axis,esto_flow,esto_product,esto_pair_axis,,esto_pair,,,direct_mapping_numeric_gap,"Mapping looks direct; inspect source data values, signs, and scenario-specific series."
esto__14_03_09__Wood_and_wood_products,Fuel oil,ESTO,,,,,07_08_fuel_oil,balance_table_esto_axis,esto_flow,esto_product,esto_pair_axis,,esto_pair,,,direct_mapping_numeric_gap,"Mapping looks direct; inspect source data values, signs, and scenario-specific series."
esto__14_03_09__Wood_and_wood_products,Fuelwood & woodwaste,ESTO,,,,,15_01_fuelwood_and_woodwaste,balance_table_esto_axis,esto_flow,esto_product,esto_pair_axis,,esto_pair,,,direct_mapping_numeric_gap,"Mapping looks direct; inspect source data values, signs, and scenario-specific series."
esto__14_03_09__Wood_and_wood_products,Gas/diesel oil,ESTO,,,,,07_07_gas_diesel_oil,balance_table_esto_axis,esto_flow,esto_product,esto_pair_axis,,esto_pair,,,direct_mapping_numeric_gap,"Mapping looks direct; inspect source data values, signs, and scenario-specific series."
esto__14_03_09__Wood_and_wood_products,Heat,ESTO,,,,,18_heat,balance_table_esto_axis,esto_flow,esto_product,esto_pair_axis,,esto_pair,,,direct_mapping_numeric_gap,"Mapping looks direct; inspect source data values, signs, and scenario-specific series."
esto__14_03_09__Wood_and_wood_products,Industrial waste,ESTO,,,,,16_02_industrial_waste,balance_table_esto_axis,esto_flow,esto_product,esto_pair_axis,,esto_pair,,,direct_mapping_numeric_gap,"Mapping looks direct; inspect source data values, signs, and scenario-specific series."
esto__14_03_09__Wood_and_wood_products,LPG,ESTO,,,,,07_09_lpg,balance_table_esto_axis,esto_flow,esto_product,esto_pair_axis,,esto_pair,,,direct_mapping_numeric_gap,"Mapping looks direct; inspect source data values, signs, and scenario-specific series."
esto__14_03_09__Wood_and_wood_products,Municipal solid waste (non-renewable),ESTO,,,,,16_04_municipal_solid_waste_nonrenewable,balance_table_esto_axis,esto_flow,esto_product,esto_pair_axis,,esto_pair,,,direct_mapping_numeric_gap,"Mapping looks direct; inspect source data values, signs, and scenario-specific series."
esto__14_03_09__Wood_and_wood_products,Municipal solid waste (renewable),ESTO,,,,,16_03_municipal_solid_waste_renewable,balance_table_esto_axis,esto_flow,esto_product,esto_pair_axis,,esto_pair,,,direct_mapping_numeric_gap,"Mapping looks direct; inspect source data values, signs, and scenario-specific series."
esto__14_03_09__Wood_and_wood_products,Natural gas,ESTO,,,,,08_01_natural_gas,balance_table_esto_axis,esto_flow,esto_product,esto_pair_axis,,esto_pair,,,direct_mapping_numeric_gap,"Mapping looks direct; inspect source data values, signs, and scenario-specific series."
esto__14_03_09__Wood_and_wood_products,Other biomass,ESTO,,,,,15_05_other_biomass,balance_table_esto_axis,esto_flow,esto_product,esto_pair_axis,,esto_pair,,,direct_mapping_numeric_gap,"Mapping looks direct; inspect source data values, signs, and scenario-specific series."
esto__14_03_09__Wood_and_wood_products,Other liquid biofuels,ESTO,,,,,16_08_other_liquid_biofuels,balance_table_esto_axis,esto_flow,esto_product,esto_pair_axis,,esto_pair,,,direct_mapping_numeric_gap,"Mapping looks direct; inspect source data values, signs, and scenario-specific series."
esto__14_03_09__Wood_and_wood_products,Other sources,ESTO,,,,,16_others_unallocated,balance_table_esto_axis,esto_flow,esto_product,esto_pair_axis,,esto_pair,,,catch_all_fuel_bucket,Catch-all fuel labels often hide reassignment problems; compare against specific fuels in the same sheet.
esto__14_03_10__Textiles_and_leather,Anthracite,ESTO,,,,,01_x_thermal_coal,balance_table_esto_axis,esto_flow,esto_product,esto_pair_axis,,esto_pair,,,aggregate_fuel_mapping,The 9th fuel is an aggregate bucket; compare against sibling fuels and the shared aggregate fuel audit.
esto__14_03_10__Textiles_and_leather,Anthracite,Target,,,,,01_x_thermal_coal,balance_table_esto_axis,esto_flow,esto_product,esto_pair_axis,,esto_pair,,,aggregate_fuel_mapping,The 9th fuel is an aggregate bucket; compare against sibling fuels and the shared aggregate fuel audit.
esto__14_03_10__Textiles_and_leather,Coal nonspecified,ESTO,,,,,01_coal_unallocated,balance_table_esto_axis,esto_flow,esto_product,esto_pair_axis,,esto_pair,,,direct_mapping_numeric_gap,"Mapping looks direct; inspect source data values, signs, and scenario-specific series."
esto__14_03_10__Textiles_and_leather,Coal nonspecified,Target,,,,,01_coal_unallocated,balance_table_esto_axis,esto_flow,esto_product,esto_pair_axis,,esto_pair,,,direct_mapping_numeric_gap,"Mapping looks direct; inspect source data values, signs, and scenario-specific series."
esto__14_03_10__Textiles_and_leather,Electricity,ESTO,,,,,17_electricity,balance_table_esto_axis,esto_flow,esto_product,esto_pair_axis,,esto_pair,,,direct_mapping_numeric_gap,"Mapping looks direct; inspect source data values, signs, and scenario-specific series."
esto__14_03_10__Textiles_and_leather,Heat,ESTO,,,,,18_heat,balance_table_esto_axis,esto_flow,esto_product,esto_pair_axis,,esto_pair,,,direct_mapping_numeric_gap,"Mapping looks direct; inspect source data values, signs, and scenario-specific series."
esto__14_03_10__Textiles_and_leather,Natural gas,ESTO,,,,,08_01_natural_gas,balance_table_esto_axis,esto_flow,esto_product,esto_pair_axis,,esto_pair,,,direct_mapping_numeric_gap,"Mapping looks direct; inspect source data values, signs, and scenario-specific series."
esto__14_03_10__Textiles_and_leather,Other bituminous coal,ESTO,,,,,01_x_thermal_coal,balance_table_esto_axis,esto_flow,esto_product,esto_pair_axis,,esto_pair,,,aggregate_fuel_mapping,The 9th fuel is an aggregate bucket; compare against sibling fuels and the shared aggregate fuel audit.
esto__14_03_10__Textiles_and_leather,Other bituminous coal,Target,,,,,01_x_thermal_coal,balance_table_esto_axis,esto_flow,esto_product,esto_pair_axis,,esto_pair,,,aggregate_fuel_mapping,The 9th fuel is an aggregate bucket; compare against sibling fuels and the shared aggregate fuel audit.
esto__14_03_10__Textiles_and_leather,Sub-bituminous coal,ESTO,,,,,01_x_thermal_coal,balance_table_esto_axis,esto_flow,esto_product,esto_pair_axis,,esto_pair,,,aggregate_fuel_mapping,The 9th fuel is an aggregate bucket; compare against sibling fuels and the shared aggregate fuel audit.
esto__14_03_10__Textiles_and_leather,Sub-bituminous coal,Target,,,,,01_x_thermal_coal,balance_table_esto_axis,esto_flow,esto_product,esto_pair_axis,,esto_pair,,,aggregate_fuel_mapping,The 9th fuel is an aggregate bucket; compare against sibling fuels and the shared aggregate fuel audit.
esto__14_03_11__Non-specified_industry,Anthracite,ESTO,,,,,01_x_thermal_coal,balance_table_esto_axis,esto_flow,esto_product,esto_pair_axis,,esto_pair,,,aggregate_fuel_mapping,The 9th fuel is an aggregate bucket; compare against sibling fuels and the shared aggregate fuel audit.
esto__14_03_11__Non-specified_industry,Aviation gasoline,ESTO,,,,,07_02_aviation_gasoline,balance_table_esto_axis,esto_flow,esto_product,esto_pair_axis,,esto_pair,,,direct_mapping_numeric_gap,"Mapping looks direct; inspect source data values, signs, and scenario-specific series."
esto__14_03_11__Non-specified_industry,BKB/PB,ESTO,,,,,02_coal_products,balance_table_esto_axis,esto_flow,esto_product,esto_pair_axis,,esto_pair,,,direct_mapping_numeric_gap,"Mapping looks direct; inspect source data values, signs, and scenario-specific series."
esto__14_03_11__Non-specified_industry,Bagasse,ESTO,,,,,15_02_bagasse,balance_table_esto_axis,esto_flow,esto_product,esto_pair_axis,,esto_pair,,,direct_mapping_numeric_gap,"Mapping looks direct; inspect source data values, signs, and scenario-specific series."
esto__14_03_11__Non-specified_industry,Bio jet kerosene,ESTO,,,,,16_07_bio_jet_kerosene,balance_table_esto_axis,esto_flow,esto_product,esto_pair_axis,,esto_pair,,,direct_mapping_numeric_gap,"Mapping looks direct; inspect source data values, signs, and scenario-specific series."
esto__14_03_11__Non-specified_industry,Biodiesel,ESTO,,,,,16_06_biodiesel,balance_table_esto_axis,esto_flow,esto_product,esto_pair_axis,,esto_pair,,,direct_mapping_numeric_gap,"Mapping looks direct; inspect source data values, signs, and scenario-specific series."
esto__14_03_11__Non-specified_industry,Biogas,ESTO,,,,,16_01_biogas,balance_table_esto_axis,esto_flow,esto_product,esto_pair_axis,,esto_pair,,,direct_mapping_numeric_gap,"Mapping looks direct; inspect source data values, signs, and scenario-specific series."
esto__14_03_11__Non-specified_industry,Biogasoline,ESTO,,,,,16_05_biogasoline,balance_table_esto_axis,esto_flow,esto_product,esto_pair_axis,,esto_pair,,,direct_mapping_numeric_gap,"Mapping looks direct; inspect source data values, signs, and scenario-specific series."
esto__14_03_11__Non-specified_industry,Bitumen,ESTO,,,,,07_x_other_petroleum_products,balance_table_esto_axis,esto_flow,esto_product,esto_pair_axis,,esto_pair,,,aggregate_fuel_mapping,The 9th fuel is an aggregate bucket; compare against sibling fuels and the shared aggregate fuel audit.
esto__14_03_11__Non-specified_industry,Black liqour,ESTO,,,,,15_04_black_liquor,balance_table_esto_axis,esto_flow,esto_product,esto_pair_axis,,esto_pair,,,direct_mapping_numeric_gap,"Mapping looks direct; inspect source data values, signs, and scenario-specific series."
esto__14_03_11__Non-specified_industry,Blast furnace gas,ESTO,,,,,16_02_industrial_waste,balance_table_esto_axis,esto_flow,esto_product,esto_pair_axis,,esto_pair,,,direct_mapping_numeric_gap,"Mapping looks direct; inspect source data values, signs, and scenario-specific series."
esto__14_03_11__Non-specified_industry,Charcoal,ESTO,,,,,15_03_charcoal,balance_table_esto_axis,esto_flow,esto_product,esto_pair_axis,,esto_pair,,,direct_mapping_numeric_gap,"Mapping looks direct; inspect source data values, signs, and scenario-specific series."
esto__14_03_11__Non-specified_industry,Coal nonspecified,ESTO,,,,,01_coal_unallocated,balance_table_esto_axis,esto_flow,esto_product,esto_pair_axis,,esto_pair,,,direct_mapping_numeric_gap,"Mapping looks direct; inspect source data values, signs, and scenario-specific series."
esto__14_03_11__Non-specified_industry,Coal tar,ESTO,,,,,02_coal_products,balance_table_esto_axis,esto_flow,esto_product,esto_pair_axis,,esto_pair,,,direct_mapping_numeric_gap,"Mapping looks direct; inspect source data values, signs, and scenario-specific series."
esto__14_03_11__Non-specified_industry,Coal tar,Target,,,,,02_coal_products,balance_table_esto_axis,esto_flow,esto_product,esto_pair_axis,,esto_pair,,,direct_mapping_numeric_gap,"Mapping looks direct; inspect source data values, signs, and scenario-specific series."
esto__14_03_11__Non-specified_industry,Coke oven coke,ESTO,,,,,02_coal_products,balance_table_esto_axis,esto_flow,esto_product,esto_pair_axis,,esto_pair,,,direct_mapping_numeric_gap,"Mapping looks direct; inspect source data values, signs, and scenario-specific series."
esto__14_03_11__Non-specified_industry,Coke oven coke,Target,,,,,02_coal_products,balance_table_esto_axis,esto_flow,esto_product,esto_pair_axis,,esto_pair,,,direct_mapping_numeric_gap,"Mapping looks direct; inspect source data values, signs, and scenario-specific series."
esto__14_03_11__Non-specified_industry,Coke oven gas,ESTO,,,,,16_02_industrial_waste,balance_table_esto_axis,esto_flow,esto_product,esto_pair_axis,,esto_pair,,,direct_mapping_numeric_gap,"Mapping looks direct; inspect source data values, signs, and scenario-specific series."
esto__14_03_11__Non-specified_industry,Coke oven gas,Target,,,,,16_02_industrial_waste,balance_table_esto_axis,esto_flow,esto_product,esto_pair_axis,,esto_pair,,,direct_mapping_numeric_gap,"Mapping looks direct; inspect source data values, signs, and scenario-specific series."
esto__14_03_11__Non-specified_industry,Electricity,ESTO,,,,,17_electricity,balance_table_esto_axis,esto_flow,esto_product,esto_pair_axis,,esto_pair,,,direct_mapping_numeric_gap,"Mapping looks direct; inspect source data values, signs, and scenario-specific series."
esto__14_03_11__Non-specified_industry,Ethane,ESTO,,,,,07_11_ethane,balance_table_esto_axis,esto_flow,esto_product,esto_pair_axis,,esto_pair,,,direct_mapping_numeric_gap,"Mapping looks direct; inspect source data values, signs, and scenario-specific series."
esto__14_03_11__Non-specified_industry,Fuelwood & woodwaste,ESTO,,,,,15_01_fuelwood_and_woodwaste,balance_table_esto_axis,esto_flow,esto_product,esto_pair_axis,,esto_pair,,,direct_mapping_numeric_gap,"Mapping looks direct; inspect source data values, signs, and scenario-specific series."
esto__14_03_11__Non-specified_industry,Gas coke,ESTO,,,,,02_coal_products,balance_table_esto_axis,esto_flow,esto_product,esto_pair_axis,,esto_pair,,,direct_mapping_numeric_gap,"Mapping looks direct; inspect source data values, signs, and scenario-specific series."
esto__14_03_11__Non-specified_industry,Gas coke,Target,,,,,02_coal_products,balance_table_esto_axis,esto_flow,esto_product,esto_pair_axis,,esto_pair,,,direct_mapping_numeric_gap,"Mapping looks direct; inspect source data values, signs, and scenario-specific series."
esto__14_03_11__Non-specified_industry,Gas/diesel oil,ESTO,,,,,07_07_gas_diesel_oil,balance_table_esto_axis,esto_flow,esto_product,esto_pair_axis,,esto_pair,,,direct_mapping_numeric_gap,"Mapping looks direct; inspect source data values, signs, and scenario-specific series."
esto__14_03_11__Non-specified_industry,Gasoline type jet fuel,ESTO,,,,,07_x_jet_fuel,balance_table_esto_axis,esto_flow,esto_product,esto_pair_axis,,esto_pair,,,aggregate_fuel_mapping,The 9th fuel is an aggregate bucket; compare against sibling fuels and the shared aggregate fuel audit.
esto__14_03_11__Non-specified_industry,Heat,ESTO,,,,,18_heat,balance_table_esto_axis,esto_flow,esto_product,esto_pair_axis,,esto_pair,,,direct_mapping_numeric_gap,"Mapping looks direct; inspect source data values, signs, and scenario-specific series."
esto__14_03_11__Non-specified_industry,Industrial waste,ESTO,,,,,16_02_industrial_waste,balance_table_esto_axis,esto_flow,esto_product,esto_pair_axis,,esto_pair,,,direct_mapping_numeric_gap,"Mapping looks direct; inspect source data values, signs, and scenario-specific series."
esto__14_03_11__Non-specified_industry,Industrial waste,Target,,,,,16_02_industrial_waste,balance_table_esto_axis,esto_flow,esto_product,esto_pair_axis,,esto_pair,,,direct_mapping_numeric_gap,"Mapping looks direct; inspect source data values, signs, and scenario-specific series."
esto__14_03_11__Non-specified_industry,Kerosene,ESTO,,,,,07_06_kerosene,balance_table_esto_axis,esto_flow,esto_product,esto_pair_axis,,esto_pair,,,direct_mapping_numeric_gap,"Mapping looks direct; inspect source data values, signs, and scenario-specific series."
esto__14_03_11__Non-specified_industry,Kerosene type jet fuel,ESTO,,,,,07_x_jet_fuel,balance_table_esto_axis,esto_flow,esto_product,esto_pair_axis,,esto_pair,,,aggregate_fuel_mapping,The 9th fuel is an aggregate bucket; compare against sibling fuels and the shared aggregate fuel audit.
esto__14_03_11__Non-specified_industry,Kerosene type jet fuel,Target,,,,,07_x_jet_fuel,balance_table_esto_axis,esto_flow,esto_product,esto_pair_axis,,esto_pair,,,aggregate_fuel_mapping,The 9th fuel is an aggregate bucket; compare against sibling fuels and the shared aggregate fuel audit.
esto__14_03_11__Non-specified_industry,LPG,ESTO,,,,,07_09_lpg,balance_table_esto_axis,esto_flow,esto_product,esto_pair_axis,,esto_pair,,,direct_mapping_numeric_gap,"Mapping looks direct; inspect source data values, signs, and scenario-specific series."
esto__14_03_11__Non-specified_industry,Lubricants,ESTO,,,,,07_x_other_petroleum_products,balance_table_esto_axis,esto_flow,esto_product,esto_pair_axis,,esto_pair,,,aggregate_fuel_mapping,The 9th fuel is an aggregate bucket; compare against sibling fuels and the shared aggregate fuel audit.
esto__14_03_11__Non-specified_industry,Lubricants,Target,,,,,07_x_other_petroleum_products,balance_table_esto_axis,esto_flow,esto_product,esto_pair_axis,,esto_pair,,,aggregate_fuel_mapping,The 9th fuel is an aggregate bucket; compare against sibling fuels and the shared aggregate fuel audit.
esto__14_03_11__Non-specified_industry,Municipal solid waste (non-renewable),ESTO,,,,,16_04_municipal_solid_waste_nonrenewable,balance_table_esto_axis,esto_flow,esto_product,esto_pair_axis,,esto_pair,,,direct_mapping_numeric_gap,"Mapping looks direct; inspect source data values, signs, and scenario-specific series."
esto__14_03_11__Non-specified_industry,Municipal solid waste (renewable),ESTO,,,,,16_03_municipal_solid_waste_renewable,balance_table_esto_axis,esto_flow,esto_product,esto_pair_axis,,esto_pair,,,direct_mapping_numeric_gap,"Mapping looks direct; inspect source data values, signs, and scenario-specific series."
esto__14_03_11__Non-specified_industry,Naphtha,ESTO,,,,,07_03_naphtha,balance_table_esto_axis,esto_flow,esto_product,esto_pair_axis,,esto_pair,,,direct_mapping_numeric_gap,"Mapping looks direct; inspect source data values, signs, and scenario-specific series."
esto__14_03_11__Non-specified_industry,Natural gas,ESTO,,,,,08_01_natural_gas,balance_table_esto_axis,esto_flow,esto_product,esto_pair_axis,,esto_pair,,,direct_mapping_numeric_gap,"Mapping looks direct; inspect source data values, signs, and scenario-specific series."
esto__14_03_11__Non-specified_industry,Other biomass,ESTO,,,,,15_05_other_biomass,balance_table_esto_axis,esto_flow,esto_product,esto_pair_axis,,esto_pair,,,direct_mapping_numeric_gap,"Mapping looks direct; inspect source data values, signs, and scenario-specific series."
esto__14_03_11__Non-specified_industry,Other bituminous coal,ESTO,,,,,01_x_thermal_coal,balance_table_esto_axis,esto_flow,esto_product,esto_pair_axis,,esto_pair,,,aggregate_fuel_mapping,The 9th fuel is an aggregate bucket; compare against sibling fuels and the shared aggregate fuel audit.
esto__14_03_11__Non-specified_industry,Other bituminous coal,Target,,,,,01_x_thermal_coal,balance_table_esto_axis,esto_flow,esto_product,esto_pair_axis,,esto_pair,,,aggregate_fuel_mapping,The 9th fuel is an aggregate bucket; compare against sibling fuels and the shared aggregate fuel audit.
esto__14_03_11__Non-specified_industry,Other liquid biofuels,ESTO,,,,,16_08_other_liquid_biofuels,balance_table_esto_axis,esto_flow,esto_product,esto_pair_axis,,esto_pair,,,direct_mapping_numeric_gap,"Mapping looks direct; inspect source data values, signs, and scenario-specific series."
esto__14_03_11__Non-specified_industry,Other products,ESTO,,,,,07_x_other_petroleum_products,balance_table_esto_axis,esto_flow,esto_product,esto_pair_axis,,esto_pair,,,aggregate_fuel_mapping,The 9th fuel is an aggregate bucket; compare against sibling fuels and the shared aggregate fuel audit.
esto__14_03_11__Non-specified_industry,Other products,Target,,,,,07_x_other_petroleum_products,balance_table_esto_axis,esto_flow,esto_product,esto_pair_axis,,esto_pair,,,aggregate_fuel_mapping,The 9th fuel is an aggregate bucket; compare against sibling fuels and the shared aggregate fuel audit.
esto__14_03_11__Non-specified_industry,Other recovered gases,ESTO,,,,,16_02_industrial_waste,balance_table_esto_axis,esto_flow,esto_product,esto_pair_axis,,esto_pair,,,direct_mapping_numeric_gap,"Mapping looks direct; inspect source data values, signs, and scenario-specific series."
esto__14_03_11__Non-specified_industry,Other recovered gases,Target,,,,,16_02_industrial_waste,balance_table_esto_axis,esto_flow,esto_product,esto_pair_axis,,esto_pair,,,direct_mapping_numeric_gap,"Mapping looks direct; inspect source data values, signs, and scenario-specific series."
esto__14_03_11__Non-specified_industry,Other sources,ESTO,,,,,16_others_unallocated,balance_table_esto_axis,esto_flow,esto_product,esto_pair_axis,,esto_pair,,,catch_all_fuel_bucket,Catch-all fuel labels often hide reassignment problems; compare against specific fuels in the same sheet.
esto__14_03_11__Non-specified_industry,Paraffin waxes,ESTO,,,,,07_x_other_petroleum_products,balance_table_esto_axis,esto_flow,esto_product,esto_pair_axis,,esto_pair,,,aggregate_fuel_mapping,The 9th fuel is an aggregate bucket; compare against sibling fuels and the shared aggregate fuel audit.
esto__14_03_11__Non-specified_industry,Paraffin waxes,Target,,,,,07_x_other_petroleum_products,balance_table_esto_axis,esto_flow,esto_product,esto_pair_axis,,esto_pair,,,aggregate_fuel_mapping,The 9th fuel is an aggregate bucket; compare against sibling fuels and the shared aggregate fuel audit.
esto__14_03_11__Non-specified_industry,Patent fuel,ESTO,,,,,02_coal_products,balance_table_esto_axis,esto_flow,esto_product,esto_pair_axis,,esto_pair,,,direct_mapping_numeric_gap,"Mapping looks direct; inspect source data values, signs, and scenario-specific series."
esto__14_03_11__Non-specified_industry,Patent fuel,Target,,,,,02_coal_products,balance_table_esto_axis,esto_flow,esto_product,esto_pair_axis,,esto_pair,,,direct_mapping_numeric_gap,"Mapping looks direct; inspect source data values, signs, and scenario-specific series."
esto__14_03_11__Non-specified_industry,PetProd nonspecified,ESTO,,,,,07_petroleum_products_unallocated,balance_table_esto_axis,esto_flow,esto_product,esto_pair_axis,,esto_pair,,,direct_mapping_numeric_gap,"Mapping looks direct; inspect source data values, signs, and scenario-specific series."
esto__14_03_11__Non-specified_industry,Petroleum coke,ESTO,,,,,02_coal_products,balance_table_esto_axis,esto_flow,esto_product,esto_pair_axis,,esto_pair,,,direct_mapping_numeric_gap,"Mapping looks direct; inspect source data values, signs, and scenario-specific series."
esto__14_03_11__Non-specified_industry,Petroleum coke,Target,,,,,02_coal_products,balance_table_esto_axis,esto_flow,esto_product,esto_pair_axis,,esto_pair,,,direct_mapping_numeric_gap,"Mapping looks direct; inspect source data values, signs, and scenario-specific series."
esto__14_03_11__Non-specified_industry,Refinery gas (not liquefied),ESTO,,,,,07_10_refinery_gas_not_liquefied,balance_table_esto_axis,esto_flow,esto_product,esto_pair_axis,,esto_pair,,,direct_mapping_numeric_gap,"Mapping looks direct; inspect source data values, signs, and scenario-specific series."
esto__14_03_11__Non-specified_industry,Sub-bituminous coal,ESTO,,,,,01_x_thermal_coal,balance_table_esto_axis,esto_flow,esto_product,esto_pair_axis,,esto_pair,,,aggregate_fuel_mapping,The 9th fuel is an aggregate bucket; compare against sibling fuels and the shared aggregate fuel audit.
esto__14_03_11__Non-specified_industry,Sub-bituminous coal,Target,,,,,01_x_thermal_coal,balance_table_esto_axis,esto_flow,esto_product,esto_pair_axis,,esto_pair,,,aggregate_fuel_mapping,The 9th fuel is an aggregate bucket; compare against sibling fuels and the shared aggregate fuel audit.
esto__14_03_11__Non-specified_industry,White spirit SBP,ESTO,,,,,07_03_naphtha,balance_table_esto_axis,esto_flow,esto_product,esto_pair_axis,,esto_pair,,,direct_mapping_numeric_gap,"Mapping looks direct; inspect source data values, signs, and scenario-specific series."
esto__14_03_11__Non-specified_industry,White spirit SBP,Target,,,,,07_03_naphtha,balance_table_esto_axis,esto_flow,esto_product,esto_pair_axis,,esto_pair,,,direct_mapping_numeric_gap,"Mapping looks direct; inspect source data values, signs, and scenario-specific series."
esto__14_03__Manufacturing,Coal tar,Target,,,,,02_coal_products,balance_table_esto_axis,esto_flow,esto_product,esto_pair_axis,,esto_pair,,,direct_mapping_numeric_gap,"Mapping looks direct; inspect source data values, signs, and scenario-specific series."
esto__14_03__Manufacturing,Coke oven coke,Target,,,,,02_coal_products,balance_table_esto_axis,esto_flow,esto_product,esto_pair_axis,,esto_pair,,,direct_mapping_numeric_gap,"Mapping looks direct; inspect source data values, signs, and scenario-specific series."
esto__14_03__Manufacturing,Coke oven gas,Target,,,,,16_02_industrial_waste,balance_table_esto_axis,esto_flow,esto_product,esto_pair_axis,,esto_pair,,,direct_mapping_numeric_gap,"Mapping looks direct; inspect source data values, signs, and scenario-specific series."
esto__14_03__Manufacturing,Gas coke,Target,,,,,02_coal_products,balance_table_esto_axis,esto_flow,esto_product,esto_pair_axis,,esto_pair,,,direct_mapping_numeric_gap,"Mapping looks direct; inspect source data values, signs, and scenario-specific series."
esto__14_03__Manufacturing,Industrial waste,Target,,,,,16_02_industrial_waste,balance_table_esto_axis,esto_flow,esto_product,esto_pair_axis,,esto_pair,,,direct_mapping_numeric_gap,"Mapping looks direct; inspect source data values, signs, and scenario-specific series."
esto__14_03__Manufacturing,Kerosene type jet fuel,Target,,,,,07_x_jet_fuel,balance_table_esto_axis,esto_flow,esto_product,esto_pair_axis,,esto_pair,,,aggregate_fuel_mapping,The 9th fuel is an aggregate bucket; compare against sibling fuels and the shared aggregate fuel audit.
esto__14_03__Manufacturing,Lubricants,Target,,,,,07_x_other_petroleum_products,balance_table_esto_axis,esto_flow,esto_product,esto_pair_axis,,esto_pair,,,aggregate_fuel_mapping,The 9th fuel is an aggregate bucket; compare against sibling fuels and the shared aggregate fuel audit.
esto__14_03__Manufacturing,Other bituminous coal,Target,,,,,01_x_thermal_coal,balance_table_esto_axis,esto_flow,esto_product,esto_pair_axis,,esto_pair,,,aggregate_fuel_mapping,The 9th fuel is an aggregate bucket; compare against sibling fuels and the shared aggregate fuel audit.
esto__14_03__Manufacturing,Other products,Target,,,,,07_x_other_petroleum_products,balance_table_esto_axis,esto_flow,esto_product,esto_pair_axis,,esto_pair,,,aggregate_fuel_mapping,The 9th fuel is an aggregate bucket; compare against sibling fuels and the shared aggregate fuel audit.
esto__14_03__Manufacturing,Other recovered gases,Target,,,,,16_02_industrial_waste,balance_table_esto_axis,esto_flow,esto_product,esto_pair_axis,,esto_pair,,,direct_mapping_numeric_gap,"Mapping looks direct; inspect source data values, signs, and scenario-specific series."
esto__14_03__Manufacturing,Paraffin waxes,ESTO,,,,,07_x_other_petroleum_products,balance_table_esto_axis,esto_flow,esto_product,esto_pair_axis,,esto_pair,,,aggregate_fuel_mapping,The 9th fuel is an aggregate bucket; compare against sibling fuels and the shared aggregate fuel audit.
esto__14_03__Manufacturing,Paraffin waxes,Target,,,,,07_x_other_petroleum_products,balance_table_esto_axis,esto_flow,esto_product,esto_pair_axis,,esto_pair,,,aggregate_fuel_mapping,The 9th fuel is an aggregate bucket; compare against sibling fuels and the shared aggregate fuel audit.
esto__14_03__Manufacturing,Patent fuel,Target,,,,,02_coal_products,balance_table_esto_axis,esto_flow,esto_product,esto_pair_axis,,esto_pair,,,direct_mapping_numeric_gap,"Mapping looks direct; inspect source data values, signs, and scenario-specific series."
esto__14_03__Manufacturing,Petroleum coke,Target,,,,,02_coal_products,balance_table_esto_axis,esto_flow,esto_product,esto_pair_axis,,esto_pair,,,direct_mapping_numeric_gap,"Mapping looks direct; inspect source data values, signs, and scenario-specific series."
esto__14_03__Manufacturing,Sub-bituminous coal,Target,,,,,01_x_thermal_coal,balance_table_esto_axis,esto_flow,esto_product,esto_pair_axis,,esto_pair,,,aggregate_fuel_mapping,The 9th fuel is an aggregate bucket; compare against sibling fuels and the shared aggregate fuel audit.
esto__14_03__Manufacturing,White spirit SBP,Target,,,,,07_03_naphtha,balance_table_esto_axis,esto_flow,esto_product,esto_pair_axis,,esto_pair,,,direct_mapping_numeric_gap,"Mapping looks direct; inspect source data values, signs, and scenario-specific series."
esto__14__Industry_sector,Coal tar,Target,,,,,02_coal_products,balance_table_esto_axis,esto_flow,esto_product,esto_pair_axis,,esto_pair,,,direct_mapping_numeric_gap,"Mapping looks direct; inspect source data values, signs, and scenario-specific series."
esto__14__Industry_sector,Coke oven coke,Target,,,,,02_coal_products,balance_table_esto_axis,esto_flow,esto_product,esto_pair_axis,,esto_pair,,,direct_mapping_numeric_gap,"Mapping looks direct; inspect source data values, signs, and scenario-specific series."
esto__14__Industry_sector,Coke oven gas,Target,,,,,16_02_industrial_waste,balance_table_esto_axis,esto_flow,esto_product,esto_pair_axis,,esto_pair,,,direct_mapping_numeric_gap,"Mapping looks direct; inspect source data values, signs, and scenario-specific series."
esto__14__Industry_sector,Gas coke,Target,,,,,02_coal_products,balance_table_esto_axis,esto_flow,esto_product,esto_pair_axis,,esto_pair,,,direct_mapping_numeric_gap,"Mapping looks direct; inspect source data values, signs, and scenario-specific series."
esto__14__Industry_sector,Industrial waste,Target,,,,,16_02_industrial_waste,balance_table_esto_axis,esto_flow,esto_product,esto_pair_axis,,esto_pair,,,direct_mapping_numeric_gap,"Mapping looks direct; inspect source data values, signs, and scenario-specific series."
esto__14__Industry_sector,Kerosene type jet fuel,Target,,,,,07_x_jet_fuel,balance_table_esto_axis,esto_flow,esto_product,esto_pair_axis,,esto_pair,,,aggregate_fuel_mapping,The 9th fuel is an aggregate bucket; compare against sibling fuels and the shared aggregate fuel audit.
esto__14__Industry_sector,Lubricants,Target,,,,,07_x_other_petroleum_products,balance_table_esto_axis,esto_flow,esto_product,esto_pair_axis,,esto_pair,,,aggregate_fuel_mapping,The 9th fuel is an aggregate bucket; compare against sibling fuels and the shared aggregate fuel audit.
esto__14__Industry_sector,Other bituminous coal,Target,,,,,01_x_thermal_coal,balance_table_esto_axis,esto_flow,esto_product,esto_pair_axis,,esto_pair,,,aggregate_fuel_mapping,The 9th fuel is an aggregate bucket; compare against sibling fuels and the shared aggregate fuel audit.
esto__14__Industry_sector,Other products,Target,,,,,07_x_other_petroleum_products,balance_table_esto_axis,esto_flow,esto_product,esto_pair_axis,,esto_pair,,,aggregate_fuel_mapping,The 9th fuel is an aggregate bucket; compare against sibling fuels and the shared aggregate fuel audit.
esto__14__Industry_sector,Other recovered gases,Target,,,,,16_02_industrial_waste,balance_table_esto_axis,esto_flow,esto_product,esto_pair_axis,,esto_pair,,,direct_mapping_numeric_gap,"Mapping looks direct; inspect source data values, signs, and scenario-specific series."
esto__14__Industry_sector,Paraffin waxes,ESTO,,,,,07_x_other_petroleum_products,balance_table_esto_axis,esto_flow,esto_product,esto_pair_axis,,esto_pair,,,aggregate_fuel_mapping,The 9th fuel is an aggregate bucket; compare against sibling fuels and the shared aggregate fuel audit.
esto__14__Industry_sector,Paraffin waxes,Target,,,,,07_x_other_petroleum_products,balance_table_esto_axis,esto_flow,esto_product,esto_pair_axis,,esto_pair,,,aggregate_fuel_mapping,The 9th fuel is an aggregate bucket; compare against sibling fuels and the shared aggregate fuel audit.
esto__14__Industry_sector,Patent fuel,Target,,,,,02_coal_products,balance_table_esto_axis,esto_flow,esto_product,esto_pair_axis,,esto_pair,,,direct_mapping_numeric_gap,"Mapping looks direct; inspect source data values, signs, and scenario-specific series."
esto__14__Industry_sector,Petroleum coke,Target,,,,,02_coal_products,balance_table_esto_axis,esto_flow,esto_product,esto_pair_axis,,esto_pair,,,direct_mapping_numeric_gap,"Mapping looks direct; inspect source data values, signs, and scenario-specific series."
esto__14__Industry_sector,Sub-bituminous coal,Target,,,,,01_x_thermal_coal,balance_table_esto_axis,esto_flow,esto_product,esto_pair_axis,,esto_pair,,,aggregate_fuel_mapping,The 9th fuel is an aggregate bucket; compare against sibling fuels and the shared aggregate fuel audit.
esto__14__Industry_sector,White spirit SBP,Target,,,,,07_03_naphtha,balance_table_esto_axis,esto_flow,esto_product,esto_pair_axis,,esto_pair,,,direct_mapping_numeric_gap,"Mapping looks direct; inspect source data values, signs, and scenario-specific series."
esto__15_01__Domestic_air_transport,Aviation gasoline,ESTO,,,,,07_02_aviation_gasoline,balance_table_esto_axis,esto_flow,esto_product,esto_pair_axis,,esto_pair,,,direct_mapping_numeric_gap,"Mapping looks direct; inspect source data values, signs, and scenario-specific series."
esto__15_01__Domestic_air_transport,Bio jet kerosene,ESTO,,,,,16_07_bio_jet_kerosene,balance_table_esto_axis,esto_flow,esto_product,esto_pair_axis,,esto_pair,,,direct_mapping_numeric_gap,"Mapping looks direct; inspect source data values, signs, and scenario-specific series."
esto__15_01__Domestic_air_transport,E-fuel,ESTO,,,,,16_x_efuel,balance_table_esto_axis,esto_flow,esto_product,esto_pair_axis,,esto_pair,,,aggregate_fuel_mapping,The 9th fuel is an aggregate bucket; compare against sibling fuels and the shared aggregate fuel audit.
esto__15_01__Domestic_air_transport,E-fuel,Target,,,,,16_x_efuel,balance_table_esto_axis,esto_flow,esto_product,esto_pair_axis,,esto_pair,,,aggregate_fuel_mapping,The 9th fuel is an aggregate bucket; compare against sibling fuels and the shared aggregate fuel audit.
esto__15_01__Domestic_air_transport,Electricity,ESTO,,,,,17_electricity,balance_table_esto_axis,esto_flow,esto_product,esto_pair_axis,,esto_pair,,,direct_mapping_numeric_gap,"Mapping looks direct; inspect source data values, signs, and scenario-specific series."
esto__15_01__Domestic_air_transport,Hydrogen,ESTO,,,,,16_x_hydrogen,balance_table_esto_axis,esto_flow,esto_product,esto_pair_axis,,esto_pair,,,aggregate_fuel_mapping,The 9th fuel is an aggregate bucket; compare against sibling fuels and the shared aggregate fuel audit.
esto__15_01__Domestic_air_transport,Kerosene type jet fuel,ESTO,,,,,07_x_jet_fuel,balance_table_esto_axis,esto_flow,esto_product,esto_pair_axis,,esto_pair,,,aggregate_fuel_mapping,The 9th fuel is an aggregate bucket; compare against sibling fuels and the shared aggregate fuel audit.
esto__15_02__Road,Biodiesel,ESTO,,,,,16_06_biodiesel,balance_table_esto_axis,esto_flow,esto_product,esto_pair_axis,,esto_pair,,,direct_mapping_numeric_gap,"Mapping looks direct; inspect source data values, signs, and scenario-specific series."
esto__15_02__Road,Biodiesel,ESTO,,,,,16_06_biodiesel,dashboard_template_esto_axis,dashboard_template,dashboard_template,esto_pair_axis,Template-declared ESTO-axis row with no LEAP export row.,esto_pair,,,direct_mapping_numeric_gap,"Mapping looks direct; inspect source data values, signs, and scenario-specific series."
esto__15_02__Road,Biogas,ESTO,,,,,,dashboard_template_esto_axis,dashboard_template,dashboard_template,esto_pair_axis,Template-declared ESTO-axis row with no LEAP export row.,esto_pair,,,direct_mapping_numeric_gap,"Mapping looks direct; inspect source data values, signs, and scenario-specific series."
esto__15_02__Road,Biogasoline,ESTO,,,,,16_05_biogasoline,balance_table_esto_axis,esto_flow,esto_product,esto_pair_axis,,esto_pair,,,direct_mapping_numeric_gap,"Mapping looks direct; inspect source data values, signs, and scenario-specific series."
esto__15_02__Road,Biogasoline,ESTO,,,,,16_05_biogasoline,dashboard_template_esto_axis,dashboard_template,dashboard_template,esto_pair_axis,Template-declared ESTO-axis row with no LEAP export row.,esto_pair,,,direct_mapping_numeric_gap,"Mapping looks direct; inspect source data values, signs, and scenario-specific series."
esto__15_02__Road,Electricity,ESTO,,,,,17_electricity,balance_table_esto_axis,esto_flow,esto_product,esto_pair_axis,,esto_pair,,,direct_mapping_numeric_gap,"Mapping looks direct; inspect source data values, signs, and scenario-specific series."
esto__15_02__Road,Electricity,ESTO,,,,,17_electricity,dashboard_template_esto_axis,dashboard_template,dashboard_template,esto_pair_axis,Template-declared ESTO-axis row with no LEAP export row.,esto_pair,,,direct_mapping_numeric_gap,"Mapping looks direct; inspect source data values, signs, and scenario-specific series."
esto__15_02__Road,Gas/diesel oil,ESTO,,,,,07_07_gas_diesel_oil,balance_table_esto_axis,esto_flow,esto_product,esto_pair_axis,,esto_pair,,,direct_mapping_numeric_gap,"Mapping looks direct; inspect source data values, signs, and scenario-specific series."
esto__15_02__Road,Gas/diesel oil,ESTO,,,,,07_07_gas_diesel_oil,dashboard_template_esto_axis,dashboard_template,dashboard_template,esto_pair_axis,Template-declared ESTO-axis row with no LEAP export row.,esto_pair,,,direct_mapping_numeric_gap,"Mapping looks direct; inspect source data values, signs, and scenario-specific series."
esto__15_02__Road,Hydrogen,ESTO,,,,,16_x_hydrogen,balance_table_esto_axis,esto_flow,esto_product,esto_pair_axis,,esto_pair,,,aggregate_fuel_mapping,The 9th fuel is an aggregate bucket; compare against sibling fuels and the shared aggregate fuel audit.
esto__15_02__Road,Hydrogen,ESTO,,,,,16_x_hydrogen,dashboard_template_esto_axis,dashboard_template,dashboard_template,esto_pair_axis,Template-declared ESTO-axis row with no LEAP export row.,esto_pair,,,aggregate_fuel_mapping,The 9th fuel is an aggregate bucket; compare against sibling fuels and the shared aggregate fuel audit.
esto__15_02__Road,LPG,ESTO,,,,,07_09_lpg,balance_table_esto_axis,esto_flow,esto_product,esto_pair_axis,,esto_pair,,,direct_mapping_numeric_gap,"Mapping looks direct; inspect source data values, signs, and scenario-specific series."
esto__15_02__Road,LPG,ESTO,,,,,07_09_lpg,dashboard_template_esto_axis,dashboard_template,dashboard_template,esto_pair_axis,Template-declared ESTO-axis row with no LEAP export row.,esto_pair,,,direct_mapping_numeric_gap,"Mapping looks direct; inspect source data values, signs, and scenario-specific series."
esto__15_02__Road,Motor gasoline,ESTO,,,,,07_01_motor_gasoline,balance_table_esto_axis,esto_flow,esto_product,esto_pair_axis,,esto_pair,,,direct_mapping_numeric_gap,"Mapping looks direct; inspect source data values, signs, and scenario-specific series."
esto__15_02__Road,Motor gasoline,ESTO,,,,,07_01_motor_gasoline,dashboard_template_esto_axis,dashboard_template,dashboard_template,esto_pair_axis,Template-declared ESTO-axis row with no LEAP export row.,esto_pair,,,direct_mapping_numeric_gap,"Mapping looks direct; inspect source data values, signs, and scenario-specific series."
esto__15_02__Road,Natural gas,ESTO,,,,,08_01_natural_gas,balance_table_esto_axis,esto_flow,esto_product,esto_pair_axis,,esto_pair,,,direct_mapping_numeric_gap,"Mapping looks direct; inspect source data values, signs, and scenario-specific series."
esto__15_02__Road,Natural gas,ESTO,,,,,08_01_natural_gas,dashboard_template_esto_axis,dashboard_template,dashboard_template,esto_pair_axis,Template-declared ESTO-axis row with no LEAP export row.,esto_pair,,,direct_mapping_numeric_gap,"Mapping looks direct; inspect source data values, signs, and scenario-specific series."
esto__15_03__Rail,Biodiesel,ESTO,,,,,16_06_biodiesel,balance_table_esto_axis,esto_flow,esto_product,esto_pair_axis,,esto_pair,,,direct_mapping_numeric_gap,"Mapping looks direct; inspect source data values, signs, and scenario-specific series."
esto__15_03__Rail,Electricity,ESTO,,,,,17_electricity,balance_table_esto_axis,esto_flow,esto_product,esto_pair_axis,,esto_pair,,,direct_mapping_numeric_gap,"Mapping looks direct; inspect source data values, signs, and scenario-specific series."
esto__15_03__Rail,Gas/diesel oil,ESTO,,,,,07_07_gas_diesel_oil,balance_table_esto_axis,esto_flow,esto_product,esto_pair_axis,,esto_pair,,,direct_mapping_numeric_gap,"Mapping looks direct; inspect source data values, signs, and scenario-specific series."
esto__15_04__Domestic_navigation,Ammonia,ESTO,,,,,16_x_ammonia,balance_table_esto_axis,esto_flow,esto_product,esto_pair_axis,,esto_pair,,,aggregate_fuel_mapping,The 9th fuel is an aggregate bucket; compare against sibling fuels and the shared aggregate fuel audit.
esto__15_04__Domestic_navigation,Biodiesel,ESTO,,,,,16_06_biodiesel,balance_table_esto_axis,esto_flow,esto_product,esto_pair_axis,,esto_pair,,,direct_mapping_numeric_gap,"Mapping looks direct; inspect source data values, signs, and scenario-specific series."
esto__15_04__Domestic_navigation,Biogasoline,ESTO,,,,,16_05_biogasoline,balance_table_esto_axis,esto_flow,esto_product,esto_pair_axis,,esto_pair,,,direct_mapping_numeric_gap,"Mapping looks direct; inspect source data values, signs, and scenario-specific series."
esto__15_04__Domestic_navigation,Biogasoline,Target,,,,,16_05_biogasoline,balance_table_esto_axis,esto_flow,esto_product,esto_pair_axis,,esto_pair,,,direct_mapping_numeric_gap,"Mapping looks direct; inspect source data values, signs, and scenario-specific series."
esto__15_04__Domestic_navigation,Electricity,ESTO,,,,,17_electricity,balance_table_esto_axis,esto_flow,esto_product,esto_pair_axis,,esto_pair,,,direct_mapping_numeric_gap,"Mapping looks direct; inspect source data values, signs, and scenario-specific series."
esto__15_04__Domestic_navigation,Fuel oil,ESTO,,,,,07_08_fuel_oil,balance_table_esto_axis,esto_flow,esto_product,esto_pair_axis,,esto_pair,,,direct_mapping_numeric_gap,"Mapping looks direct; inspect source data values, signs, and scenario-specific series."
esto__15_04__Domestic_navigation,Gas/diesel oil,ESTO,,,,,07_07_gas_diesel_oil,balance_table_esto_axis,esto_flow,esto_product,esto_pair_axis,,esto_pair,,,direct_mapping_numeric_gap,"Mapping looks direct; inspect source data values, signs, and scenario-specific series."
esto__15_04__Domestic_navigation,LNG,ESTO,,,,,08_02_lng,balance_table_esto_axis,esto_flow,esto_product,esto_pair_axis,,esto_pair,,,direct_mapping_numeric_gap,"Mapping looks direct; inspect source data values, signs, and scenario-specific series."
esto__15_04__Domestic_navigation,Motor gasoline,ESTO,,,,,07_01_motor_gasoline,balance_table_esto_axis,esto_flow,esto_product,esto_pair_axis,,esto_pair,,,direct_mapping_numeric_gap,"Mapping looks direct; inspect source data values, signs, and scenario-specific series."
esto__15_05__Pipeline_transport,Natural gas,ESTO,,,,,08_01_natural_gas,balance_table_esto_axis,esto_flow,esto_product,esto_pair_axis,,esto_pair,,,direct_mapping_numeric_gap,"Mapping looks direct; inspect source data values, signs, and scenario-specific series."
esto__15__Transport_sector,Ammonia,ESTO,,,,,16_x_ammonia,balance_table_esto_axis,esto_flow,esto_product,esto_pair_axis,,esto_pair,,,aggregate_fuel_mapping,The 9th fuel is an aggregate bucket; compare against sibling fuels and the shared aggregate fuel audit.
esto__15__Transport_sector,E-fuel,ESTO,,,,,16_x_efuel,balance_table_esto_axis,esto_flow,esto_product,esto_pair_axis,,esto_pair,,,aggregate_fuel_mapping,The 9th fuel is an aggregate bucket; compare against sibling fuels and the shared aggregate fuel audit.
esto__15__Transport_sector,E-fuel,Target,,,,,16_x_efuel,balance_table_esto_axis,esto_flow,esto_product,esto_pair_axis,,esto_pair,,,aggregate_fuel_mapping,The 9th fuel is an aggregate bucket; compare against sibling fuels and the shared aggregate fuel audit.
esto__15__Transport_sector,Hydrogen,ESTO,,,,,16_x_hydrogen,balance_table_esto_axis,esto_flow,esto_product,esto_pair_axis,,esto_pair,,,aggregate_fuel_mapping,The 9th fuel is an aggregate bucket; compare against sibling fuels and the shared aggregate fuel audit.
esto__16_01_01__Datacentres,Electricity,ESTO,,,,,17_electricity,balance_table_esto_axis,esto_flow,esto_product,esto_pair_axis,,esto_pair,,,direct_mapping_numeric_gap,"Mapping looks direct; inspect source data values, signs, and scenario-specific series."
esto__16_01__Commercial_and_public_services,Anthracite,ESTO,,,,,01_x_thermal_coal,balance_table_esto_axis,esto_flow,esto_product,esto_pair_axis,,esto_pair,,,aggregate_fuel_mapping,The 9th fuel is an aggregate bucket; compare against sibling fuels and the shared aggregate fuel audit.
esto__16_01__Commercial_and_public_services,Biodiesel,ESTO,,,,,16_06_biodiesel,balance_table_esto_axis,esto_flow,esto_product,esto_pair_axis,,esto_pair,,,direct_mapping_numeric_gap,"Mapping looks direct; inspect source data values, signs, and scenario-specific series."
esto__16_01__Commercial_and_public_services,Biogas,ESTO,,,,,16_01_biogas,balance_table_esto_axis,esto_flow,esto_product,esto_pair_axis,,esto_pair,,,direct_mapping_numeric_gap,"Mapping looks direct; inspect source data values, signs, and scenario-specific series."
esto__16_01__Commercial_and_public_services,Electricity,ESTO,,,,,17_electricity,balance_table_esto_axis,esto_flow,esto_product,esto_pair_axis,,esto_pair,,,direct_mapping_numeric_gap,"Mapping looks direct; inspect source data values, signs, and scenario-specific series."
esto__16_01__Commercial_and_public_services,Fuel oil,ESTO,,,,,07_08_fuel_oil,balance_table_esto_axis,esto_flow,esto_product,esto_pair_axis,,esto_pair,,,direct_mapping_numeric_gap,"Mapping looks direct; inspect source data values, signs, and scenario-specific series."
esto__16_01__Commercial_and_public_services,Gas/diesel oil,ESTO,,,,,07_07_gas_diesel_oil,balance_table_esto_axis,esto_flow,esto_product,esto_pair_axis,,esto_pair,,,direct_mapping_numeric_gap,"Mapping looks direct; inspect source data values, signs, and scenario-specific series."
esto__16_01__Commercial_and_public_services,Heat,ESTO,,,,,18_heat,balance_table_esto_axis,esto_flow,esto_product,esto_pair_axis,,esto_pair,,,direct_mapping_numeric_gap,"Mapping looks direct; inspect source data values, signs, and scenario-specific series."
esto__16_01__Commercial_and_public_services,Kerosene,ESTO,,,,,07_06_kerosene,balance_table_esto_axis,esto_flow,esto_product,esto_pair_axis,,esto_pair,,,direct_mapping_numeric_gap,"Mapping looks direct; inspect source data values, signs, and scenario-specific series."
esto__16_01__Commercial_and_public_services,LPG,ESTO,,,,,07_09_lpg,balance_table_esto_axis,esto_flow,esto_product,esto_pair_axis,,esto_pair,,,direct_mapping_numeric_gap,"Mapping looks direct; inspect source data values, signs, and scenario-specific series."
esto__16_01__Commercial_and_public_services,Motor gasoline,ESTO,,,,,07_01_motor_gasoline,balance_table_esto_axis,esto_flow,esto_product,esto_pair_axis,,esto_pair,,,direct_mapping_numeric_gap,"Mapping looks direct; inspect source data values, signs, and scenario-specific series."
esto__16_01__Commercial_and_public_services,Municipal solid waste (non-renewable),ESTO,,,,,16_04_municipal_solid_waste_nonrenewable,balance_table_esto_axis,esto_flow,esto_product,esto_pair_axis,,esto_pair,,,direct_mapping_numeric_gap,"Mapping looks direct; inspect source data values, signs, and scenario-specific series."
esto__16_01__Commercial_and_public_services,Municipal solid waste (renewable),ESTO,,,,,16_03_municipal_solid_waste_renewable,balance_table_esto_axis,esto_flow,esto_product,esto_pair_axis,,esto_pair,,,direct_mapping_numeric_gap,"Mapping looks direct; inspect source data values, signs, and scenario-specific series."
esto__16_01__Commercial_and_public_services,Natural gas,ESTO,,,,,08_01_natural_gas,balance_table_esto_axis,esto_flow,esto_product,esto_pair_axis,,esto_pair,,,direct_mapping_numeric_gap,"Mapping looks direct; inspect source data values, signs, and scenario-specific series."
esto__16_01__Commercial_and_public_services,Other biomass,ESTO,,,,,15_05_other_biomass,balance_table_esto_axis,esto_flow,esto_product,esto_pair_axis,,esto_pair,,,direct_mapping_numeric_gap,"Mapping looks direct; inspect source data values, signs, and scenario-specific series."
esto__16_01__Commercial_and_public_services,Other bituminous coal,ESTO,,,,,01_x_thermal_coal,balance_table_esto_axis,esto_flow,esto_product,esto_pair_axis,,esto_pair,,,aggregate_fuel_mapping,The 9th fuel is an aggregate bucket; compare against sibling fuels and the shared aggregate fuel audit.
esto__16_01__Commercial_and_public_services,Other bituminous coal,Target,,,,,01_x_thermal_coal,balance_table_esto_axis,esto_flow,esto_product,esto_pair_axis,,esto_pair,,,aggregate_fuel_mapping,The 9th fuel is an aggregate bucket; compare against sibling fuels and the shared aggregate fuel audit.
esto__16_01__Commercial_and_public_services,Solar nonspecified,ESTO,,,,,12_x_other_solar,balance_table_esto_axis,esto_flow,esto_product,esto_pair_axis,,esto_pair,,,aggregate_fuel_mapping,The 9th fuel is an aggregate bucket; compare against sibling fuels and the shared aggregate fuel audit.
esto__16_01__Commercial_and_public_services,Sub-bituminous coal,ESTO,,,,,01_x_thermal_coal,balance_table_esto_axis,esto_flow,esto_product,esto_pair_axis,,esto_pair,,,aggregate_fuel_mapping,The 9th fuel is an aggregate bucket; compare against sibling fuels and the shared aggregate fuel audit.
esto__16_01__Commercial_and_public_services,Sub-bituminous coal,Target,,,,,01_x_thermal_coal,balance_table_esto_axis,esto_flow,esto_product,esto_pair_axis,,esto_pair,,,aggregate_fuel_mapping,The 9th fuel is an aggregate bucket; compare against sibling fuels and the shared aggregate fuel audit.
esto__16_02__Residential,Biodiesel,ESTO,,,,,16_06_biodiesel,balance_table_esto_axis,esto_flow,esto_product,esto_pair_axis,,esto_pair,,,direct_mapping_numeric_gap,"Mapping looks direct; inspect source data values, signs, and scenario-specific series."
esto__16_02__Residential,Electricity,ESTO,,,,,17_electricity,balance_table_esto_axis,esto_flow,esto_product,esto_pair_axis,,esto_pair,,,direct_mapping_numeric_gap,"Mapping looks direct; inspect source data values, signs, and scenario-specific series."
esto__16_02__Residential,Gas/diesel oil,ESTO,,,,,07_07_gas_diesel_oil,balance_table_esto_axis,esto_flow,esto_product,esto_pair_axis,,esto_pair,,,direct_mapping_numeric_gap,"Mapping looks direct; inspect source data values, signs, and scenario-specific series."
esto__16_02__Residential,Geothermal,ESTO,,,,,11_geothermal,balance_table_esto_axis,esto_flow,esto_product,esto_pair_axis,,esto_pair,,,direct_mapping_numeric_gap,"Mapping looks direct; inspect source data values, signs, and scenario-specific series."
esto__16_02__Residential,Kerosene,ESTO,,,,,07_06_kerosene,balance_table_esto_axis,esto_flow,esto_product,esto_pair_axis,,esto_pair,,,direct_mapping_numeric_gap,"Mapping looks direct; inspect source data values, signs, and scenario-specific series."
esto__16_02__Residential,LPG,ESTO,,,,,07_09_lpg,balance_table_esto_axis,esto_flow,esto_product,esto_pair_axis,,esto_pair,,,direct_mapping_numeric_gap,"Mapping looks direct; inspect source data values, signs, and scenario-specific series."
esto__16_02__Residential,Natural gas,ESTO,,,,,08_01_natural_gas,balance_table_esto_axis,esto_flow,esto_product,esto_pair_axis,,esto_pair,,,direct_mapping_numeric_gap,"Mapping looks direct; inspect source data values, signs, and scenario-specific series."
esto__16_02__Residential,Other biomass,ESTO,,,,,15_05_other_biomass,balance_table_esto_axis,esto_flow,esto_product,esto_pair_axis,,esto_pair,,,direct_mapping_numeric_gap,"Mapping looks direct; inspect source data values, signs, and scenario-specific series."
esto__16_02__Residential,Solar nonspecified,ESTO,,,,,12_x_other_solar,balance_table_esto_axis,esto_flow,esto_product,esto_pair_axis,,esto_pair,,,aggregate_fuel_mapping,The 9th fuel is an aggregate bucket; compare against sibling fuels and the shared aggregate fuel audit.
esto__16_03__Agriculture,Biodiesel,ESTO,,,,,16_06_biodiesel,balance_table_esto_axis,esto_flow,esto_product,esto_pair_axis,,esto_pair,,,direct_mapping_numeric_gap,"Mapping looks direct; inspect source data values, signs, and scenario-specific series."
esto__16_03__Agriculture,Biogas,ESTO,,,,,16_01_biogas,balance_table_esto_axis,esto_flow,esto_product,esto_pair_axis,,esto_pair,,,direct_mapping_numeric_gap,"Mapping looks direct; inspect source data values, signs, and scenario-specific series."
esto__16_03__Agriculture,Biogas,Target,,,,,16_01_biogas,balance_table_esto_axis,esto_flow,esto_product,esto_pair_axis,,esto_pair,,,direct_mapping_numeric_gap,"Mapping looks direct; inspect source data values, signs, and scenario-specific series."
esto__16_03__Agriculture,Electricity,ESTO,,,,,17_electricity,balance_table_esto_axis,esto_flow,esto_product,esto_pair_axis,,esto_pair,,,direct_mapping_numeric_gap,"Mapping looks direct; inspect source data values, signs, and scenario-specific series."
esto__16_03__Agriculture,Fuel oil,ESTO,,,,,07_08_fuel_oil,balance_table_esto_axis,esto_flow,esto_product,esto_pair_axis,,esto_pair,,,direct_mapping_numeric_gap,"Mapping looks direct; inspect source data values, signs, and scenario-specific series."
esto__16_03__Agriculture,Gas/diesel oil,ESTO,,,,,07_07_gas_diesel_oil,balance_table_esto_axis,esto_flow,esto_product,esto_pair_axis,,esto_pair,,,direct_mapping_numeric_gap,"Mapping looks direct; inspect source data values, signs, and scenario-specific series."
esto__16_03__Agriculture,LPG,ESTO,,,,,07_09_lpg,balance_table_esto_axis,esto_flow,esto_product,esto_pair_axis,,esto_pair,,,direct_mapping_numeric_gap,"Mapping looks direct; inspect source data values, signs, and scenario-specific series."
esto__16_03__Agriculture,Motor gasoline,ESTO,,,,,07_01_motor_gasoline,balance_table_esto_axis,esto_flow,esto_product,esto_pair_axis,,esto_pair,,,direct_mapping_numeric_gap,"Mapping looks direct; inspect source data values, signs, and scenario-specific series."
esto__16_03__Agriculture,Natural gas,ESTO,,,,,08_01_natural_gas,balance_table_esto_axis,esto_flow,esto_product,esto_pair_axis,,esto_pair,,,direct_mapping_numeric_gap,"Mapping looks direct; inspect source data values, signs, and scenario-specific series."
esto__16_03__Agriculture,Other biomass,ESTO,,,,,15_05_other_biomass,balance_table_esto_axis,esto_flow,esto_product,esto_pair_axis,,esto_pair,,,direct_mapping_numeric_gap,"Mapping looks direct; inspect source data values, signs, and scenario-specific series."
esto__16_05__Non-specified_others,Electricity,ESTO,,,,,17_electricity,balance_table_esto_axis,esto_flow,esto_product,esto_pair_axis,,esto_pair,,,direct_mapping_numeric_gap,"Mapping looks direct; inspect source data values, signs, and scenario-specific series."
template__Other_transformation__Coal__oil_and_gas_extraction_own_use,Biodiesel,ESTO,,,,,16_06_biodiesel,dashboard_template_esto_axis,dashboard_template,dashboard_template,esto_pair_axis,Template-declared ESTO-axis row with no LEAP export row.,esto_pair,,,direct_mapping_numeric_gap,"Mapping looks direct; inspect source data values, signs, and scenario-specific series."
template__Other_transformation__Coal__oil_and_gas_extraction_own_use,Biodiesel,Target,,,,,16_06_biodiesel,dashboard_template_esto_axis,dashboard_template,dashboard_template,esto_pair_axis,Template-declared ESTO-axis row with no LEAP export row.,esto_pair,,,direct_mapping_numeric_gap,"Mapping looks direct; inspect source data values, signs, and scenario-specific series."
template__Other_transformation__Coal__oil_and_gas_extraction_own_use,Electricity,ESTO,,,,,17_electricity,dashboard_template_esto_axis,dashboard_template,dashboard_template,esto_pair_axis,Template-declared ESTO-axis row with no LEAP export row.,esto_pair,,,direct_mapping_numeric_gap,"Mapping looks direct; inspect source data values, signs, and scenario-specific series."
template__Other_transformation__Coal__oil_and_gas_extraction_own_use,Electricity,Target,,,,,17_electricity,dashboard_template_esto_axis,dashboard_template,dashboard_template,esto_pair_axis,Template-declared ESTO-axis row with no LEAP export row.,esto_pair,,,direct_mapping_numeric_gap,"Mapping looks direct; inspect source data values, signs, and scenario-specific series."
template__Other_transformation__Coal__oil_and_gas_extraction_own_use,Fuel oil,ESTO,,,,,07_08_fuel_oil,dashboard_template_esto_axis,dashboard_template,dashboard_template,esto_pair_axis,Template-declared ESTO-axis row with no LEAP export row.,esto_pair,,,direct_mapping_numeric_gap,"Mapping looks direct; inspect source data values, signs, and scenario-specific series."
template__Other_transformation__Coal__oil_and_gas_extraction_own_use,Fuel oil,Target,,,,,07_08_fuel_oil,dashboard_template_esto_axis,dashboard_template,dashboard_template,esto_pair_axis,Template-declared ESTO-axis row with no LEAP export row.,esto_pair,,,direct_mapping_numeric_gap,"Mapping looks direct; inspect source data values, signs, and scenario-specific series."
template__Other_transformation__Coal__oil_and_gas_extraction_own_use,Gas/diesel oil,ESTO,,,,,07_07_gas_diesel_oil,dashboard_template_esto_axis,dashboard_template,dashboard_template,esto_pair_axis,Template-declared ESTO-axis row with no LEAP export row.,esto_pair,,,direct_mapping_numeric_gap,"Mapping looks direct; inspect source data values, signs, and scenario-specific series."
template__Other_transformation__Coal__oil_and_gas_extraction_own_use,Gas/diesel oil,Target,,,,,07_07_gas_diesel_oil,dashboard_template_esto_axis,dashboard_template,dashboard_template,esto_pair_axis,Template-declared ESTO-axis row with no LEAP export row.,esto_pair,,,direct_mapping_numeric_gap,"Mapping looks direct; inspect source data values, signs, and scenario-specific series."
template__Other_transformation__Coal__oil_and_gas_extraction_own_use,Motor gasoline,ESTO,,,,,07_01_motor_gasoline,dashboard_template_esto_axis,dashboard_template,dashboard_template,esto_pair_axis,Template-declared ESTO-axis row with no LEAP export row.,esto_pair,,,direct_mapping_numeric_gap,"Mapping looks direct; inspect source data values, signs, and scenario-specific series."
template__Other_transformation__Coal__oil_and_gas_extraction_own_use,Motor gasoline,Target,,,,,07_01_motor_gasoline,dashboard_template_esto_axis,dashboard_template,dashboard_template,esto_pair_axis,Template-declared ESTO-axis row with no LEAP export row.,esto_pair,,,direct_mapping_numeric_gap,"Mapping looks direct; inspect source data values, signs, and scenario-specific series."
template__Other_transformation__Coal__oil_and_gas_extraction_own_use,Natural gas,ESTO,,,,,08_01_natural_gas,dashboard_template_esto_axis,dashboard_template,dashboard_template,esto_pair_axis,Template-declared ESTO-axis row with no LEAP export row.,esto_pair,,,direct_mapping_numeric_gap,"Mapping looks direct; inspect source data values, signs, and scenario-specific series."
template__Other_transformation__Coal__oil_and_gas_extraction_own_use,Natural gas,Target,,,,,08_01_natural_gas,dashboard_template_esto_axis,dashboard_template,dashboard_template,esto_pair_axis,Template-declared ESTO-axis row with no LEAP export row.,esto_pair,,,direct_mapping_numeric_gap,"Mapping looks direct; inspect source data values, signs, and scenario-specific series."
template__Other_transformation__Coal__oil_and_gas_extraction_own_use,Other bituminous coal,ESTO,,,,,01_x_thermal_coal,dashboard_template_esto_axis,dashboard_template,dashboard_template,esto_pair_axis,Template-declared ESTO-axis row with no LEAP export row.,esto_pair,,,aggregate_fuel_mapping,The 9th fuel is an aggregate bucket; compare against sibling fuels and the shared aggregate fuel audit.
template__Other_transformation__Coal__oil_and_gas_extraction_own_use,Other bituminous coal,ESTO,,,,,,dashboard_template_esto_axis,dashboard_template,dashboard_template,esto_pair_axis,Template-declared ESTO-axis row with no LEAP export row.,esto_pair,,,direct_mapping_numeric_gap,"Mapping looks direct; inspect source data values, signs, and scenario-specific series."
template__Other_transformation__Coal__oil_and_gas_extraction_own_use,Other bituminous coal,Target,,,,,01_x_thermal_coal,dashboard_template_esto_axis,dashboard_template,dashboard_template,esto_pair_axis,Template-declared ESTO-axis row with no LEAP export row.,esto_pair,,,aggregate_fuel_mapping,The 9th fuel is an aggregate bucket; compare against sibling fuels and the shared aggregate fuel audit.
template__Other_transformation__Coal__oil_and_gas_extraction_own_use,Other bituminous coal,Target,,,,,,dashboard_template_esto_axis,dashboard_template,dashboard_template,esto_pair_axis,Template-declared ESTO-axis row with no LEAP export row.,esto_pair,,,direct_mapping_numeric_gap,"Mapping looks direct; inspect source data values, signs, and scenario-specific series."
template__Other_transformation__Coal__oil_and_gas_extraction_own_use,Sub-bituminous coal,ESTO,,,,,01_x_thermal_coal,dashboard_template_esto_axis,dashboard_template,dashboard_template,esto_pair_axis,Template-declared ESTO-axis row with no LEAP export row.,esto_pair,,,aggregate_fuel_mapping,The 9th fuel is an aggregate bucket; compare against sibling fuels and the shared aggregate fuel audit.
template__Other_transformation__Coal__oil_and_gas_extraction_own_use,Sub-bituminous coal,ESTO,,,,,,dashboard_template_esto_axis,dashboard_template,dashboard_template,esto_pair_axis,Template-declared ESTO-axis row with no LEAP export row.,esto_pair,,,direct_mapping_numeric_gap,"Mapping looks direct; inspect source data values, signs, and scenario-specific series."
template__Other_transformation__Coal_transformation__Coal_transformation_own_use,BKB/PB,ESTO,,,,,02_coal_products,dashboard_template_esto_axis,dashboard_template,dashboard_template,esto_pair_axis,Template-declared ESTO-axis row with no LEAP export row.,esto_pair,,,direct_mapping_numeric_gap,"Mapping looks direct; inspect source data values, signs, and scenario-specific series."
template__Other_transformation__Coal_transformation__Coal_transformation_own_use,BKB/PB,Target,,,,,02_coal_products,dashboard_template_esto_axis,dashboard_template,dashboard_template,esto_pair_axis,Template-declared ESTO-axis row with no LEAP export row.,esto_pair,,,direct_mapping_numeric_gap,"Mapping looks direct; inspect source data values, signs, and scenario-specific series."
template__Other_transformation__Coal_transformation__Coal_transformation_own_use,Blast furnace gas,ESTO,,,,,02_coal_products,dashboard_template_esto_axis,dashboard_template,dashboard_template,esto_pair_axis,Template-declared ESTO-axis row with no LEAP export row.,esto_pair,,,direct_mapping_numeric_gap,"Mapping looks direct; inspect source data values, signs, and scenario-specific series."
template__Other_transformation__Coal_transformation__Coal_transformation_own_use,Coal products,ESTO,,,,,02_coal_products,dashboard_template_esto_axis,dashboard_template,dashboard_template,esto_pair_axis,Template-declared ESTO-axis row with no LEAP export row.,esto_pair,,,direct_mapping_numeric_gap,"Mapping looks direct; inspect source data values, signs, and scenario-specific series."
template__Other_transformation__Coal_transformation__Coal_transformation_own_use,Coal tar,ESTO,,,,,02_coal_products,dashboard_template_esto_axis,dashboard_template,dashboard_template,esto_pair_axis,Template-declared ESTO-axis row with no LEAP export row.,esto_pair,,,direct_mapping_numeric_gap,"Mapping looks direct; inspect source data values, signs, and scenario-specific series."
template__Other_transformation__Coal_transformation__Coal_transformation_own_use,Coke oven coke,ESTO,,,,,02_coal_products,dashboard_template_esto_axis,dashboard_template,dashboard_template,esto_pair_axis,Template-declared ESTO-axis row with no LEAP export row.,esto_pair,,,direct_mapping_numeric_gap,"Mapping looks direct; inspect source data values, signs, and scenario-specific series."
template__Other_transformation__Coal_transformation__Coal_transformation_own_use,Coke oven gas,ESTO,,,,,02_coal_products,dashboard_template_esto_axis,dashboard_template,dashboard_template,esto_pair_axis,Template-declared ESTO-axis row with no LEAP export row.,esto_pair,,,direct_mapping_numeric_gap,"Mapping looks direct; inspect source data values, signs, and scenario-specific series."
template__Other_transformation__Coal_transformation__Coal_transformation_own_use,Electricity,ESTO,,,,,17_electricity,dashboard_template_esto_axis,dashboard_template,dashboard_template,esto_pair_axis,Template-declared ESTO-axis row with no LEAP export row.,esto_pair,,,direct_mapping_numeric_gap,"Mapping looks direct; inspect source data values, signs, and scenario-specific series."
template__Other_transformation__Coal_transformation__Coal_transformation_own_use,Electricity,Target,,,,,17_electricity,dashboard_template_esto_axis,dashboard_template,dashboard_template,esto_pair_axis,Template-declared ESTO-axis row with no LEAP export row.,esto_pair,,,direct_mapping_numeric_gap,"Mapping looks direct; inspect source data values, signs, and scenario-specific series."
template__Other_transformation__Coal_transformation__Coal_transformation_own_use,Fuel oil,ESTO,,,,,,dashboard_template_esto_axis,dashboard_template,dashboard_template,esto_pair_axis,Template-declared ESTO-axis row with no LEAP export row.,esto_pair,,,direct_mapping_numeric_gap,"Mapping looks direct; inspect source data values, signs, and scenario-specific series."
template__Other_transformation__Coal_transformation__Coal_transformation_own_use,Fuel oil,ESTO,,,,,07_08_fuel_oil,dashboard_template_esto_axis,dashboard_template,dashboard_template,esto_pair_axis,Template-declared ESTO-axis row with no LEAP export row.,esto_pair,,,direct_mapping_numeric_gap,"Mapping looks direct; inspect source data values, signs, and scenario-specific series."
template__Other_transformation__Coal_transformation__Coal_transformation_own_use,Fuel oil,Target,,,,,,dashboard_template_esto_axis,dashboard_template,dashboard_template,esto_pair_axis,Template-declared ESTO-axis row with no LEAP export row.,esto_pair,,,direct_mapping_numeric_gap,"Mapping looks direct; inspect source data values, signs, and scenario-specific series."
template__Other_transformation__Coal_transformation__Coal_transformation_own_use,Fuel oil,Target,,,,,07_08_fuel_oil,dashboard_template_esto_axis,dashboard_template,dashboard_template,esto_pair_axis,Template-declared ESTO-axis row with no LEAP export row.,esto_pair,,,direct_mapping_numeric_gap,"Mapping looks direct; inspect source data values, signs, and scenario-specific series."
template__Other_transformation__Coal_transformation__Coal_transformation_own_use,Gas coke,ESTO,,,,,02_coal_products,dashboard_template_esto_axis,dashboard_template,dashboard_template,esto_pair_axis,Template-declared ESTO-axis row with no LEAP export row.,esto_pair,,,direct_mapping_numeric_gap,"Mapping looks direct; inspect source data values, signs, and scenario-specific series."
template__Other_transformation__Coal_transformation__Coal_transformation_own_use,Natural gas,ESTO,,,,,08_01_natural_gas,dashboard_template_esto_axis,dashboard_template,dashboard_template,esto_pair_axis,Template-declared ESTO-axis row with no LEAP export row.,esto_pair,,,direct_mapping_numeric_gap,"Mapping looks direct; inspect source data values, signs, and scenario-specific series."
template__Other_transformation__Coal_transformation__Coal_transformation_own_use,Natural gas,Target,,,,,08_01_natural_gas,dashboard_template_esto_axis,dashboard_template,dashboard_template,esto_pair_axis,Template-declared ESTO-axis row with no LEAP export row.,esto_pair,,,direct_mapping_numeric_gap,"Mapping looks direct; inspect source data values, signs, and scenario-specific series."
template__Other_transformation__Coal_transformation__Coal_transformation_own_use,Other recovered gases,ESTO,,,,,02_coal_products,dashboard_template_esto_axis,dashboard_template,dashboard_template,esto_pair_axis,Template-declared ESTO-axis row with no LEAP export row.,esto_pair,,,direct_mapping_numeric_gap,"Mapping looks direct; inspect source data values, signs, and scenario-specific series."
template__Other_transformation__Coal_transformation__Coal_transformation_own_use,Patent fuel,ESTO,,,,,02_coal_products,dashboard_template_esto_axis,dashboard_template,dashboard_template,esto_pair_axis,Template-declared ESTO-axis row with no LEAP export row.,esto_pair,,,direct_mapping_numeric_gap,"Mapping looks direct; inspect source data values, signs, and scenario-specific series."
template__Other_transformation__Gas_processing_plants__Gas_processing_own_use,Electricity,ESTO,,,,,17_electricity,dashboard_template_esto_axis,dashboard_template,dashboard_template,esto_pair_axis,Template-declared ESTO-axis row with no LEAP export row.,esto_pair,,,direct_mapping_numeric_gap,"Mapping looks direct; inspect source data values, signs, and scenario-specific series."
template__Other_transformation__Gas_processing_plants__Gas_processing_own_use,Electricity,Target,,,,,17_electricity,dashboard_template_esto_axis,dashboard_template,dashboard_template,esto_pair_axis,Template-declared ESTO-axis row with no LEAP export row.,esto_pair,,,direct_mapping_numeric_gap,"Mapping looks direct; inspect source data values, signs, and scenario-specific series."
template__Other_transformation__Gas_processing_plants__Gas_processing_own_use,Natural gas,ESTO,,,,,08_01_natural_gas,dashboard_template_esto_axis,dashboard_template,dashboard_template,esto_pair_axis,Template-declared ESTO-axis row with no LEAP export row.,esto_pair,,,direct_mapping_numeric_gap,"Mapping looks direct; inspect source data values, signs, and scenario-specific series."
template__Other_transformation__Gas_processing_plants__Gas_processing_own_use,Natural gas,Target,,,,,08_01_natural_gas,dashboard_template_esto_axis,dashboard_template,dashboard_template,esto_pair_axis,Template-declared ESTO-axis row with no LEAP export row.,esto_pair,,,direct_mapping_numeric_gap,"Mapping looks direct; inspect source data values, signs, and scenario-specific series."
template__Power__CHP_plants,Anthracite,ESTO,,,,,01_x_thermal_coal,dashboard_template_esto_axis,dashboard_template,dashboard_template,esto_pair_axis,Template-declared ESTO-axis row with no LEAP export row.,esto_pair,,,aggregate_fuel_mapping,The 9th fuel is an aggregate bucket; compare against sibling fuels and the shared aggregate fuel audit.
template__Power__CHP_plants,Biodiesel,ESTO,,,,,,dashboard_template_esto_axis,dashboard_template,dashboard_template,esto_pair_axis,Template-declared ESTO-axis row with no LEAP export row.,esto_pair,,,direct_mapping_numeric_gap,"Mapping looks direct; inspect source data values, signs, and scenario-specific series."
template__Power__CHP_plants,Biogas,ESTO,,,,,,dashboard_template_esto_axis,dashboard_template,dashboard_template,esto_pair_axis,Template-declared ESTO-axis row with no LEAP export row.,esto_pair,,,direct_mapping_numeric_gap,"Mapping looks direct; inspect source data values, signs, and scenario-specific series."
template__Power__CHP_plants,Blast furnace gas,ESTO,,,,,02_coal_products,dashboard_template_esto_axis,dashboard_template,dashboard_template,esto_pair_axis,Template-declared ESTO-axis row with no LEAP export row.,esto_pair,,,direct_mapping_numeric_gap,"Mapping looks direct; inspect source data values, signs, and scenario-specific series."
template__Power__CHP_plants,Blast furnace gas,Target,,,,,02_coal_products,dashboard_template_esto_axis,dashboard_template,dashboard_template,esto_pair_axis,Template-declared ESTO-axis row with no LEAP export row.,esto_pair,,,direct_mapping_numeric_gap,"Mapping looks direct; inspect source data values, signs, and scenario-specific series."
template__Power__CHP_plants,Coke oven gas,ESTO,,,,,,dashboard_template_esto_axis,dashboard_template,dashboard_template,esto_pair_axis,Template-declared ESTO-axis row with no LEAP export row.,esto_pair,,,direct_mapping_numeric_gap,"Mapping looks direct; inspect source data values, signs, and scenario-specific series."
template__Power__CHP_plants,Coke oven gas,ESTO,,,,,02_coal_products,dashboard_template_esto_axis,dashboard_template,dashboard_template,esto_pair_axis,Template-declared ESTO-axis row with no LEAP export row.,esto_pair,,,direct_mapping_numeric_gap,"Mapping looks direct; inspect source data values, signs, and scenario-specific series."
template__Power__CHP_plants,Crude oil,ESTO,,,,,,dashboard_template_esto_axis,dashboard_template,dashboard_template,esto_pair_axis,Template-declared ESTO-axis row with no LEAP export row.,esto_pair,,,direct_mapping_numeric_gap,"Mapping looks direct; inspect source data values, signs, and scenario-specific series."
template__Power__CHP_plants,Crude oil,ESTO,,,,,07_x_other_petroleum_products,dashboard_template_esto_axis,dashboard_template,dashboard_template,esto_pair_axis,Template-declared ESTO-axis row with no LEAP export row.,esto_pair,,,aggregate_fuel_mapping,The 9th fuel is an aggregate bucket; compare against sibling fuels and the shared aggregate fuel audit.
template__Power__CHP_plants,Crude oil,Target,,,,,,dashboard_template_esto_axis,dashboard_template,dashboard_template,esto_pair_axis,Template-declared ESTO-axis row with no LEAP export row.,esto_pair,,,direct_mapping_numeric_gap,"Mapping looks direct; inspect source data values, signs, and scenario-specific series."
template__Power__CHP_plants,Crude oil,Target,,,,,07_x_other_petroleum_products,dashboard_template_esto_axis,dashboard_template,dashboard_template,esto_pair_axis,Template-declared ESTO-axis row with no LEAP export row.,esto_pair,,,aggregate_fuel_mapping,The 9th fuel is an aggregate bucket; compare against sibling fuels and the shared aggregate fuel audit.
template__Power__CHP_plants,Electricity,ESTO,,,,,17_electricity,dashboard_template_esto_axis,dashboard_template,dashboard_template,esto_pair_axis,Template-declared ESTO-axis row with no LEAP export row.,esto_pair,,,direct_mapping_numeric_gap,"Mapping looks direct; inspect source data values, signs, and scenario-specific series."
template__Power__CHP_plants,Fuel oil,ESTO,,,,,07_08_fuel_oil,dashboard_template_esto_axis,dashboard_template,dashboard_template,esto_pair_axis,Template-declared ESTO-axis row with no LEAP export row.,esto_pair,,,direct_mapping_numeric_gap,"Mapping looks direct; inspect source data values, signs, and scenario-specific series."
template__Power__CHP_plants,Fuel oil,Target,,,,,07_08_fuel_oil,dashboard_template_esto_axis,dashboard_template,dashboard_template,esto_pair_axis,Template-declared ESTO-axis row with no LEAP export row.,esto_pair,,,direct_mapping_numeric_gap,"Mapping looks direct; inspect source data values, signs, and scenario-specific series."
template__Power__CHP_plants,Gas/diesel oil,ESTO,,,,,07_07_gas_diesel_oil,dashboard_template_esto_axis,dashboard_template,dashboard_template,esto_pair_axis,Template-declared ESTO-axis row with no LEAP export row.,esto_pair,,,direct_mapping_numeric_gap,"Mapping looks direct; inspect source data values, signs, and scenario-specific series."
template__Power__CHP_plants,Gas/diesel oil,Target,,,,,07_07_gas_diesel_oil,dashboard_template_esto_axis,dashboard_template,dashboard_template,esto_pair_axis,Template-declared ESTO-axis row with no LEAP export row.,esto_pair,,,direct_mapping_numeric_gap,"Mapping looks direct; inspect source data values, signs, and scenario-specific series."
template__Power__CHP_plants,Heat,ESTO,,,,,18_heat,dashboard_template_esto_axis,dashboard_template,dashboard_template,esto_pair_axis,Template-declared ESTO-axis row with no LEAP export row.,esto_pair,,,direct_mapping_numeric_gap,"Mapping looks direct; inspect source data values, signs, and scenario-specific series."
template__Power__CHP_plants,Industrial waste,ESTO,,,,,,dashboard_template_esto_axis,dashboard_template,dashboard_template,esto_pair_axis,Template-declared ESTO-axis row with no LEAP export row.,esto_pair,,,direct_mapping_numeric_gap,"Mapping looks direct; inspect source data values, signs, and scenario-specific series."
template__Power__CHP_plants,Kerosene,ESTO,,,,,07_x_other_petroleum_products,dashboard_template_esto_axis,dashboard_template,dashboard_template,esto_pair_axis,Template-declared ESTO-axis row with no LEAP export row.,esto_pair,,,aggregate_fuel_mapping,The 9th fuel is an aggregate bucket; compare against sibling fuels and the shared aggregate fuel audit.
template__Power__CHP_plants,Kerosene,ESTO,,,,,,dashboard_template_esto_axis,dashboard_template,dashboard_template,esto_pair_axis,Template-declared ESTO-axis row with no LEAP export row.,esto_pair,,,direct_mapping_numeric_gap,"Mapping looks direct; inspect source data values, signs, and scenario-specific series."
template__Power__CHP_plants,LPG,ESTO,,,,,07_x_other_petroleum_products,dashboard_template_esto_axis,dashboard_template,dashboard_template,esto_pair_axis,Template-declared ESTO-axis row with no LEAP export row.,esto_pair,,,aggregate_fuel_mapping,The 9th fuel is an aggregate bucket; compare against sibling fuels and the shared aggregate fuel audit.
template__Power__CHP_plants,Lignite,ESTO,,,,,01_05_lignite,dashboard_template_esto_axis,dashboard_template,dashboard_template,esto_pair_axis,Template-declared ESTO-axis row with no LEAP export row.,esto_pair,,,direct_mapping_numeric_gap,"Mapping looks direct; inspect source data values, signs, and scenario-specific series."
template__Power__CHP_plants,Lignite,Target,,,,,01_05_lignite,dashboard_template_esto_axis,dashboard_template,dashboard_template,esto_pair_axis,Template-declared ESTO-axis row with no LEAP export row.,esto_pair,,,direct_mapping_numeric_gap,"Mapping looks direct; inspect source data values, signs, and scenario-specific series."
template__Power__CHP_plants,Municipal solid waste (non-renewable),ESTO,,,,,,dashboard_template_esto_axis,dashboard_template,dashboard_template,esto_pair_axis,Template-declared ESTO-axis row with no LEAP export row.,esto_pair,,,direct_mapping_numeric_gap,"Mapping looks direct; inspect source data values, signs, and scenario-specific series."
template__Power__CHP_plants,Municipal solid waste (renewable),ESTO,,,,,,dashboard_template_esto_axis,dashboard_template,dashboard_template,esto_pair_axis,Template-declared ESTO-axis row with no LEAP export row.,esto_pair,,,direct_mapping_numeric_gap,"Mapping looks direct; inspect source data values, signs, and scenario-specific series."
template__Power__CHP_plants,Naphtha,ESTO,,,,,,dashboard_template_esto_axis,dashboard_template,dashboard_template,esto_pair_axis,Template-declared ESTO-axis row with no LEAP export row.,esto_pair,,,direct_mapping_numeric_gap,"Mapping looks direct; inspect source data values, signs, and scenario-specific series."
template__Power__CHP_plants,Naphtha,ESTO,,,,,07_x_other_petroleum_products,dashboard_template_esto_axis,dashboard_template,dashboard_template,esto_pair_axis,Template-declared ESTO-axis row with no LEAP export row.,esto_pair,,,aggregate_fuel_mapping,The 9th fuel is an aggregate bucket; compare against sibling fuels and the shared aggregate fuel audit.
template__Power__CHP_plants,Natural gas,ESTO,,,,,08_01_natural_gas,dashboard_template_esto_axis,dashboard_template,dashboard_template,esto_pair_axis,Template-declared ESTO-axis row with no LEAP export row.,esto_pair,,,direct_mapping_numeric_gap,"Mapping looks direct; inspect source data values, signs, and scenario-specific series."
template__Power__CHP_plants,Other biomass,ESTO,,,,,15_solid_biomass_unallocated,dashboard_template_esto_axis,dashboard_template,dashboard_template,esto_pair_axis,Template-declared ESTO-axis row with no LEAP export row.,esto_pair,,,direct_mapping_numeric_gap,"Mapping looks direct; inspect source data values, signs, and scenario-specific series."
template__Power__CHP_plants,Other biomass,ESTO,,,,,16_others_unallocated,dashboard_template_esto_axis,dashboard_template,dashboard_template,esto_pair_axis,Template-declared ESTO-axis row with no LEAP export row.,esto_pair,,,direct_mapping_numeric_gap,"Mapping looks direct; inspect source data values, signs, and scenario-specific series."
template__Power__CHP_plants,Other biomass,Target,,,,,15_solid_biomass_unallocated,dashboard_template_esto_axis,dashboard_template,dashboard_template,esto_pair_axis,Template-declared ESTO-axis row with no LEAP export row.,esto_pair,,,direct_mapping_numeric_gap,"Mapping looks direct; inspect source data values, signs, and scenario-specific series."
template__Power__CHP_plants,Other biomass,Target,,,,,16_others_unallocated,dashboard_template_esto_axis,dashboard_template,dashboard_template,esto_pair_axis,Template-declared ESTO-axis row with no LEAP export row.,esto_pair,,,direct_mapping_numeric_gap,"Mapping looks direct; inspect source data values, signs, and scenario-specific series."
template__Power__CHP_plants,Other bituminous coal,ESTO,,,,,01_x_thermal_coal,dashboard_template_esto_axis,dashboard_template,dashboard_template,esto_pair_axis,Template-declared ESTO-axis row with no LEAP export row.,esto_pair,,,aggregate_fuel_mapping,The 9th fuel is an aggregate bucket; compare against sibling fuels and the shared aggregate fuel audit.
template__Power__CHP_plants,Other liquid biofuels,ESTO,,,,,,dashboard_template_esto_axis,dashboard_template,dashboard_template,esto_pair_axis,Template-declared ESTO-axis row with no LEAP export row.,esto_pair,,,direct_mapping_numeric_gap,"Mapping looks direct; inspect source data values, signs, and scenario-specific series."
template__Power__CHP_plants,Other products,ESTO,,,,,07_x_other_petroleum_products,dashboard_template_esto_axis,dashboard_template,dashboard_template,esto_pair_axis,Template-declared ESTO-axis row with no LEAP export row.,esto_pair,,,aggregate_fuel_mapping,The 9th fuel is an aggregate bucket; compare against sibling fuels and the shared aggregate fuel audit.
template__Power__CHP_plants,Other recovered gases,ESTO,,,,,,dashboard_template_esto_axis,dashboard_template,dashboard_template,esto_pair_axis,Template-declared ESTO-axis row with no LEAP export row.,esto_pair,,,direct_mapping_numeric_gap,"Mapping looks direct; inspect source data values, signs, and scenario-specific series."
template__Power__CHP_plants,Other recovered gases,ESTO,,,,,02_coal_products,dashboard_template_esto_axis,dashboard_template,dashboard_template,esto_pair_axis,Template-declared ESTO-axis row with no LEAP export row.,esto_pair,,,direct_mapping_numeric_gap,"Mapping looks direct; inspect source data values, signs, and scenario-specific series."
template__Power__CHP_plants,Petroleum coke,ESTO,,,,,07_x_other_petroleum_products,dashboard_template_esto_axis,dashboard_template,dashboard_template,esto_pair_axis,Template-declared ESTO-axis row with no LEAP export row.,esto_pair,,,aggregate_fuel_mapping,The 9th fuel is an aggregate bucket; compare against sibling fuels and the shared aggregate fuel audit.
template__Power__CHP_plants,Refinery feedstocks,ESTO,,,,,,dashboard_template_esto_axis,dashboard_template,dashboard_template,esto_pair_axis,Template-declared ESTO-axis row with no LEAP export row.,esto_pair,,,direct_mapping_numeric_gap,"Mapping looks direct; inspect source data values, signs, and scenario-specific series."
template__Power__CHP_plants,Refinery feedstocks,ESTO,,,,,07_x_other_petroleum_products,dashboard_template_esto_axis,dashboard_template,dashboard_template,esto_pair_axis,Template-declared ESTO-axis row with no LEAP export row.,esto_pair,,,aggregate_fuel_mapping,The 9th fuel is an aggregate bucket; compare against sibling fuels and the shared aggregate fuel audit.
template__Power__CHP_plants,Refinery gas (not liquefied),ESTO,,,,,,dashboard_template_esto_axis,dashboard_template,dashboard_template,esto_pair_axis,Template-declared ESTO-axis row with no LEAP export row.,esto_pair,,,direct_mapping_numeric_gap,"Mapping looks direct; inspect source data values, signs, and scenario-specific series."
template__Power__CHP_plants,Refinery gas (not liquefied),ESTO,,,,,07_x_other_petroleum_products,dashboard_template_esto_axis,dashboard_template,dashboard_template,esto_pair_axis,Template-declared ESTO-axis row with no LEAP export row.,esto_pair,,,aggregate_fuel_mapping,The 9th fuel is an aggregate bucket; compare against sibling fuels and the shared aggregate fuel audit.
template__Power__CHP_plants,Sub-bituminous coal,ESTO,,,,,01_x_thermal_coal,dashboard_template_esto_axis,dashboard_template,dashboard_template,esto_pair_axis,Template-declared ESTO-axis row with no LEAP export row.,esto_pair,,,aggregate_fuel_mapping,The 9th fuel is an aggregate bucket; compare against sibling fuels and the shared aggregate fuel audit.
template__Power__Electricity_own_use,Electricity,ESTO,,,,,17_electricity,dashboard_template_esto_axis,dashboard_template,dashboard_template,esto_pair_axis,Template-declared ESTO-axis row with no LEAP export row.,esto_pair,,,direct_mapping_numeric_gap,"Mapping looks direct; inspect source data values, signs, and scenario-specific series."
template__Power__Electricity_own_use,Electricity,ESTO,,,,,,dashboard_template_esto_axis,dashboard_template,dashboard_template,esto_pair_axis,Template-declared ESTO-axis row with no LEAP export row.,esto_pair,,,direct_mapping_numeric_gap,"Mapping looks direct; inspect source data values, signs, and scenario-specific series."
template__Power__Electricity_own_use,Electricity,Target,,,,,17_electricity,dashboard_template_esto_axis,dashboard_template,dashboard_template,esto_pair_axis,Template-declared ESTO-axis row with no LEAP export row.,esto_pair,,,direct_mapping_numeric_gap,"Mapping looks direct; inspect source data values, signs, and scenario-specific series."
template__Power__Electricity_own_use,Electricity,Target,,,,,,dashboard_template_esto_axis,dashboard_template,dashboard_template,esto_pair_axis,Template-declared ESTO-axis row with no LEAP export row.,esto_pair,,,direct_mapping_numeric_gap,"Mapping looks direct; inspect source data values, signs, and scenario-specific series."
template__Power__Electricity_own_use,Heat,ESTO,,,,,18_heat,dashboard_template_esto_axis,dashboard_template,dashboard_template,esto_pair_axis,Template-declared ESTO-axis row with no LEAP export row.,esto_pair,,,direct_mapping_numeric_gap,"Mapping looks direct; inspect source data values, signs, and scenario-specific series."
template__Power__Electricity_own_use,Heat,ESTO,,,,,,dashboard_template_esto_axis,dashboard_template,dashboard_template,esto_pair_axis,Template-declared ESTO-axis row with no LEAP export row.,esto_pair,,,direct_mapping_numeric_gap,"Mapping looks direct; inspect source data values, signs, and scenario-specific series."
template__Power__Electricity_own_use,Heat,Target,,,,,18_heat,dashboard_template_esto_axis,dashboard_template,dashboard_template,esto_pair_axis,Template-declared ESTO-axis row with no LEAP export row.,esto_pair,,,direct_mapping_numeric_gap,"Mapping looks direct; inspect source data values, signs, and scenario-specific series."
template__Power__Electricity_own_use,Heat,Target,,,,,,dashboard_template_esto_axis,dashboard_template,dashboard_template,esto_pair_axis,Template-declared ESTO-axis row with no LEAP export row.,esto_pair,,,direct_mapping_numeric_gap,"Mapping looks direct; inspect source data values, signs, and scenario-specific series."
template__Power__Electricity_plants,Anthracite,ESTO,,,,,01_x_thermal_coal,dashboard_template_esto_axis,dashboard_template,dashboard_template,esto_pair_axis,Template-declared ESTO-axis row with no LEAP export row.,esto_pair,,,aggregate_fuel_mapping,The 9th fuel is an aggregate bucket; compare against sibling fuels and the shared aggregate fuel audit.
template__Power__Electricity_plants,Biodiesel,ESTO,,,,,16_06_biodiesel,dashboard_template_esto_axis,dashboard_template,dashboard_template,esto_pair_axis,Template-declared ESTO-axis row with no LEAP export row.,esto_pair,,,direct_mapping_numeric_gap,"Mapping looks direct; inspect source data values, signs, and scenario-specific series."
template__Power__Electricity_plants,Biodiesel,Target,,,,,16_06_biodiesel,dashboard_template_esto_axis,dashboard_template,dashboard_template,esto_pair_axis,Template-declared ESTO-axis row with no LEAP export row.,esto_pair,,,direct_mapping_numeric_gap,"Mapping looks direct; inspect source data values, signs, and scenario-specific series."
template__Power__Electricity_plants,Biogas,ESTO,,,,,16_01_biogas,dashboard_template_esto_axis,dashboard_template,dashboard_template,esto_pair_axis,Template-declared ESTO-axis row with no LEAP export row.,esto_pair,,,direct_mapping_numeric_gap,"Mapping looks direct; inspect source data values, signs, and scenario-specific series."
template__Power__Electricity_plants,Bitumen,ESTO,,,,,07_x_other_petroleum_products,dashboard_template_esto_axis,dashboard_template,dashboard_template,esto_pair_axis,Template-declared ESTO-axis row with no LEAP export row.,esto_pair,,,aggregate_fuel_mapping,The 9th fuel is an aggregate bucket; compare against sibling fuels and the shared aggregate fuel audit.
template__Power__Electricity_plants,Coke oven coke,ESTO,,,,,02_coal_products,dashboard_template_esto_axis,dashboard_template,dashboard_template,esto_pair_axis,Template-declared ESTO-axis row with no LEAP export row.,esto_pair,,,direct_mapping_numeric_gap,"Mapping looks direct; inspect source data values, signs, and scenario-specific series."
template__Power__Electricity_plants,Coke oven coke,Target,,,,,02_coal_products,dashboard_template_esto_axis,dashboard_template,dashboard_template,esto_pair_axis,Template-declared ESTO-axis row with no LEAP export row.,esto_pair,,,direct_mapping_numeric_gap,"Mapping looks direct; inspect source data values, signs, and scenario-specific series."
template__Power__Electricity_plants,Electricity,ESTO,,,,,17_electricity,dashboard_template_esto_axis,dashboard_template,dashboard_template,esto_pair_axis,Template-declared ESTO-axis row with no LEAP export row.,esto_pair,,,direct_mapping_numeric_gap,"Mapping looks direct; inspect source data values, signs, and scenario-specific series."
template__Power__Electricity_plants,Fuel oil,ESTO,,,,,07_08_fuel_oil,dashboard_template_esto_axis,dashboard_template,dashboard_template,esto_pair_axis,Template-declared ESTO-axis row with no LEAP export row.,esto_pair,,,direct_mapping_numeric_gap,"Mapping looks direct; inspect source data values, signs, and scenario-specific series."
template__Power__Electricity_plants,Gas/diesel oil,ESTO,,,,,07_07_gas_diesel_oil,dashboard_template_esto_axis,dashboard_template,dashboard_template,esto_pair_axis,Template-declared ESTO-axis row with no LEAP export row.,esto_pair,,,direct_mapping_numeric_gap,"Mapping looks direct; inspect source data values, signs, and scenario-specific series."
template__Power__Electricity_plants,Geothermal,ESTO,,,,,11_geothermal,dashboard_template_esto_axis,dashboard_template,dashboard_template,esto_pair_axis,Template-declared ESTO-axis row with no LEAP export row.,esto_pair,,,direct_mapping_numeric_gap,"Mapping looks direct; inspect source data values, signs, and scenario-specific series."
template__Power__Electricity_plants,Hydro,ESTO,,,,,10_hydro,dashboard_template_esto_axis,dashboard_template,dashboard_template,esto_pair_axis,Template-declared ESTO-axis row with no LEAP export row.,esto_pair,,,direct_mapping_numeric_gap,"Mapping looks direct; inspect source data values, signs, and scenario-specific series."
template__Power__Electricity_plants,Hydrogen,ESTO,,,,,16_x_hydrogen,dashboard_template_esto_axis,dashboard_template,dashboard_template,esto_pair_axis,Template-declared ESTO-axis row with no LEAP export row.,esto_pair,,,aggregate_fuel_mapping,The 9th fuel is an aggregate bucket; compare against sibling fuels and the shared aggregate fuel audit.
template__Power__Electricity_plants,Industrial waste,ESTO,,,,,16_02_industrial_waste,dashboard_template_esto_axis,dashboard_template,dashboard_template,esto_pair_axis,Template-declared ESTO-axis row with no LEAP export row.,esto_pair,,,direct_mapping_numeric_gap,"Mapping looks direct; inspect source data values, signs, and scenario-specific series."
template__Power__Electricity_plants,Kerosene,ESTO,,,,,07_06_kerosene,dashboard_template_esto_axis,dashboard_template,dashboard_template,esto_pair_axis,Template-declared ESTO-axis row with no LEAP export row.,esto_pair,,,direct_mapping_numeric_gap,"Mapping looks direct; inspect source data values, signs, and scenario-specific series."
template__Power__Electricity_plants,Kerosene,Target,,,,,07_06_kerosene,dashboard_template_esto_axis,dashboard_template,dashboard_template,esto_pair_axis,Template-declared ESTO-axis row with no LEAP export row.,esto_pair,,,direct_mapping_numeric_gap,"Mapping looks direct; inspect source data values, signs, and scenario-specific series."
template__Power__Electricity_plants,Kerosene type jet fuel,ESTO,,,,,,dashboard_template_esto_axis,dashboard_template,dashboard_template,esto_pair_axis,Template-declared ESTO-axis row with no LEAP export row.,esto_pair,,,direct_mapping_numeric_gap,"Mapping looks direct; inspect source data values, signs, and scenario-specific series."
template__Power__Electricity_plants,Lignite,ESTO,,,,,01_05_lignite,dashboard_template_esto_axis,dashboard_template,dashboard_template,esto_pair_axis,Template-declared ESTO-axis row with no LEAP export row.,esto_pair,,,direct_mapping_numeric_gap,"Mapping looks direct; inspect source data values, signs, and scenario-specific series."
template__Power__Electricity_plants,Municipal solid waste (non-renewable),ESTO,,,,,16_04_municipal_solid_waste_nonrenewable,dashboard_template_esto_axis,dashboard_template,dashboard_template,esto_pair_axis,Template-declared ESTO-axis row with no LEAP export row.,esto_pair,,,direct_mapping_numeric_gap,"Mapping looks direct; inspect source data values, signs, and scenario-specific series."
template__Power__Electricity_plants,Municipal solid waste (non-renewable),Target,,,,,16_04_municipal_solid_waste_nonrenewable,dashboard_template_esto_axis,dashboard_template,dashboard_template,esto_pair_axis,Template-declared ESTO-axis row with no LEAP export row.,esto_pair,,,direct_mapping_numeric_gap,"Mapping looks direct; inspect source data values, signs, and scenario-specific series."
template__Power__Electricity_plants,Municipal solid waste (renewable),ESTO,,,,,16_03_municipal_solid_waste_renewable,dashboard_template_esto_axis,dashboard_template,dashboard_template,esto_pair_axis,Template-declared ESTO-axis row with no LEAP export row.,esto_pair,,,direct_mapping_numeric_gap,"Mapping looks direct; inspect source data values, signs, and scenario-specific series."
template__Power__Electricity_plants,Municipal solid waste (renewable),Target,,,,,16_03_municipal_solid_waste_renewable,dashboard_template_esto_axis,dashboard_template,dashboard_template,esto_pair_axis,Template-declared ESTO-axis row with no LEAP export row.,esto_pair,,,direct_mapping_numeric_gap,"Mapping looks direct; inspect source data values, signs, and scenario-specific series."
template__Power__Electricity_plants,Natural gas,ESTO,,,,,08_01_natural_gas,dashboard_template_esto_axis,dashboard_template,dashboard_template,esto_pair_axis,Template-declared ESTO-axis row with no LEAP export row.,esto_pair,,,direct_mapping_numeric_gap,"Mapping looks direct; inspect source data values, signs, and scenario-specific series."
template__Power__Electricity_plants,Nuclear,ESTO,,,,,09_nuclear,dashboard_template_esto_axis,dashboard_template,dashboard_template,esto_pair_axis,Template-declared ESTO-axis row with no LEAP export row.,esto_pair,,,direct_mapping_numeric_gap,"Mapping looks direct; inspect source data values, signs, and scenario-specific series."
template__Power__Electricity_plants,Other biomass,ESTO,,,,,15_solid_biomass_unallocated,dashboard_template_esto_axis,dashboard_template,dashboard_template,esto_pair_axis,Template-declared ESTO-axis row with no LEAP export row.,esto_pair,,,direct_mapping_numeric_gap,"Mapping looks direct; inspect source data values, signs, and scenario-specific series."
template__Power__Electricity_plants,Other biomass,Target,,,,,15_solid_biomass_unallocated,dashboard_template_esto_axis,dashboard_template,dashboard_template,esto_pair_axis,Template-declared ESTO-axis row with no LEAP export row.,esto_pair,,,direct_mapping_numeric_gap,"Mapping looks direct; inspect source data values, signs, and scenario-specific series."
template__Power__Electricity_plants,Other bituminous coal,ESTO,,,,,01_x_thermal_coal,dashboard_template_esto_axis,dashboard_template,dashboard_template,esto_pair_axis,Template-declared ESTO-axis row with no LEAP export row.,esto_pair,,,aggregate_fuel_mapping,The 9th fuel is an aggregate bucket; compare against sibling fuels and the shared aggregate fuel audit.
template__Power__Electricity_plants,Other liquid biofuels,ESTO,,,,,16_08_other_liquid_biofuels,dashboard_template_esto_axis,dashboard_template,dashboard_template,esto_pair_axis,Template-declared ESTO-axis row with no LEAP export row.,esto_pair,,,direct_mapping_numeric_gap,"Mapping looks direct; inspect source data values, signs, and scenario-specific series."
template__Power__Electricity_plants,Other liquid biofuels,Target,,,,,16_08_other_liquid_biofuels,dashboard_template_esto_axis,dashboard_template,dashboard_template,esto_pair_axis,Template-declared ESTO-axis row with no LEAP export row.,esto_pair,,,direct_mapping_numeric_gap,"Mapping looks direct; inspect source data values, signs, and scenario-specific series."
template__Power__Electricity_plants,Other products,ESTO,,,,,07_x_other_petroleum_products,dashboard_template_esto_axis,dashboard_template,dashboard_template,esto_pair_axis,Template-declared ESTO-axis row with no LEAP export row.,esto_pair,,,aggregate_fuel_mapping,The 9th fuel is an aggregate bucket; compare against sibling fuels and the shared aggregate fuel audit.
template__Power__Electricity_plants,Other recovered gases,ESTO,,,,,02_coal_products,dashboard_template_esto_axis,dashboard_template,dashboard_template,esto_pair_axis,Template-declared ESTO-axis row with no LEAP export row.,esto_pair,,,direct_mapping_numeric_gap,"Mapping looks direct; inspect source data values, signs, and scenario-specific series."
template__Power__Electricity_plants,Other sources,ESTO,,,,,16_others_unallocated,dashboard_template_esto_axis,dashboard_template,dashboard_template,esto_pair_axis,Template-declared ESTO-axis row with no LEAP export row.,esto_pair,,,catch_all_fuel_bucket,Catch-all fuel labels often hide reassignment problems; compare against specific fuels in the same sheet.
template__Power__Electricity_plants,Other sources,Target,,,,,16_others_unallocated,dashboard_template_esto_axis,dashboard_template,dashboard_template,esto_pair_axis,Template-declared ESTO-axis row with no LEAP export row.,esto_pair,,,catch_all_fuel_bucket,Catch-all fuel labels often hide reassignment problems; compare against specific fuels in the same sheet.
template__Power__Electricity_plants,Petroleum coke,ESTO,,,,,02_coal_products,dashboard_template_esto_axis,dashboard_template,dashboard_template,esto_pair_axis,Template-declared ESTO-axis row with no LEAP export row.,esto_pair,,,direct_mapping_numeric_gap,"Mapping looks direct; inspect source data values, signs, and scenario-specific series."
template__Power__Electricity_plants,Refinery gas (not liquefied),ESTO,,,,,07_10_refinery_gas_not_liquefied,dashboard_template_esto_axis,dashboard_template,dashboard_template,esto_pair_axis,Template-declared ESTO-axis row with no LEAP export row.,esto_pair,,,direct_mapping_numeric_gap,"Mapping looks direct; inspect source data values, signs, and scenario-specific series."
template__Power__Electricity_plants,Refinery gas (not liquefied),Target,,,,,07_10_refinery_gas_not_liquefied,dashboard_template_esto_axis,dashboard_template,dashboard_template,esto_pair_axis,Template-declared ESTO-axis row with no LEAP export row.,esto_pair,,,direct_mapping_numeric_gap,"Mapping looks direct; inspect source data values, signs, and scenario-specific series."
template__Power__Electricity_plants,Solar nonspecified,ESTO,,,,,12_x_other_solar,dashboard_template_esto_axis,dashboard_template,dashboard_template,esto_pair_axis,Template-declared ESTO-axis row with no LEAP export row.,esto_pair,,,aggregate_fuel_mapping,The 9th fuel is an aggregate bucket; compare against sibling fuels and the shared aggregate fuel audit.
template__Power__Electricity_plants,Sub-bituminous coal,ESTO,,,,,01_x_thermal_coal,dashboard_template_esto_axis,dashboard_template,dashboard_template,esto_pair_axis,Template-declared ESTO-axis row with no LEAP export row.,esto_pair,,,aggregate_fuel_mapping,The 9th fuel is an aggregate bucket; compare against sibling fuels and the shared aggregate fuel audit.
template__Power__Electricity_plants,Wind,ESTO,,,,,14_wind,dashboard_template_esto_axis,dashboard_template,dashboard_template,esto_pair_axis,Template-declared ESTO-axis row with no LEAP export row.,esto_pair,,,direct_mapping_numeric_gap,"Mapping looks direct; inspect source data values, signs, and scenario-specific series."
template__Power__Electricity_plants,of which: Photovoltaics,ESTO,,,,,12_01_of_which_photovoltaics,dashboard_template_esto_axis,dashboard_template,dashboard_template,esto_pair_axis,Template-declared ESTO-axis row with no LEAP export row.,esto_pair,,,direct_mapping_numeric_gap,"Mapping looks direct; inspect source data values, signs, and scenario-specific series."
