sheet,fuel_label,scenario,leap_2022,base_2022,gap_base,abs_gap_base,ratio_base_to_leap,leap_2030,projection_2030,gap_projection,abs_gap_projection,ratio_projection_to_leap,leap_year_points,projection_year_points,projection_missing_year_points,diagnostic_flag
esto__01__Production,Coal nonspecified,Target,40.24427130680856,,,,,38.11970448157084,,,,,38.0,0.0,38.0,missing_projection_points
esto__01__Production,Other bituminous coal,Target,294.97787629917815,,,,,2981.28500256444,,,,,38.0,0.0,38.0,missing_projection_points
esto__01__Production,Sub-bituminous coal,Target,5253.014522738434,,,,,4910.713333991526,,,,,38.0,0.0,38.0,missing_projection_points
esto__02__Imports,Bitumen,Target,,,,,,0.3367281834981666,,,,,38.0,0.0,38.0,missing_projection_points
esto__02__Imports,Coal tar,Target,2.021723335095423,,,,,1.9339503545455947,,,,,38.0,0.0,38.0,missing_projection_points
esto__02__Imports,Coke oven coke,Target,181.0124169998592,,,,,4.43850619113348,,,,,38.0,0.0,38.0,missing_projection_points
esto__02__Imports,Electricity,Target,4317.452558393169,,,,,1019.8772836668348,,,,,38.0,0.0,38.0,missing_projection_points
esto__02__Imports,Gas coke,Target,2.021723335095423,,,,,1.9339503545455947,,,,,38.0,0.0,38.0,missing_projection_points
esto__02__Imports,Geothermal,Target,277.1568963055577,,,,,37.352230912127375,,,,,38.0,0.0,38.0,missing_projection_points
esto__02__Imports,Hydro,Target,108.2357188659991,,,,,42.24163766936695,,,,,38.0,0.0,38.0,missing_projection_points
esto__02__Imports,Industrial waste,Target,5.004190541381777,,,,,10.622079171397582,,,,,38.0,0.0,38.0,missing_projection_points
esto__02__Imports,Kerosene type jet fuel,Target,3194.4379327619818,,,,,3539.9730148201375,,,,,38.0,0.0,38.0,missing_projection_points
esto__02__Imports,Lubricants,Target,0.3785355271283914,,,,,0.3367281834981666,,,,,38.0,0.0,38.0,missing_projection_points
esto__02__Imports,Other products,Target,0.3785355271283914,,,,,0.5072760138312571,,,,,38.0,0.0,38.0,missing_projection_points
esto__02__Imports,Other recovered gases,Target,2.021723335095423,,,,,1.9339503545455947,,,,,38.0,0.0,38.0,missing_projection_points
esto__02__Imports,Paraffin waxes,Target,0.3785355271283914,,,,,0.3367281834981666,,,,,38.0,0.0,38.0,missing_projection_points
esto__02__Imports,Patent fuel,Target,2.021723335095423,,,,,1.9339503545455947,,,,,38.0,0.0,38.0,missing_projection_points
esto__02__Imports,Petroleum coke,Target,0.3785355271283914,,,,,2.127480401995617,,,,,38.0,0.0,38.0,missing_projection_points
esto__02__Imports,Refinery feedstocks,Target,,,,,,860.5143231452914,,,,,38.0,0.0,38.0,missing_projection_points
esto__02__Imports,Solar nonspecified,Target,147.90233033320143,,,,,279.8678546115829,,,,,38.0,0.0,38.0,missing_projection_points
esto__03__Exports,Refinery feedstocks,Target,,,,,,-860.5143231452914,,,,,38.0,0.0,38.0,missing_projection_points
esto__07__Total_primary_energy_supply,Bitumen,Target,,,,,,0.3367281834981666,,,,,38.0,0.0,38.0,missing_projection_points
esto__07__Total_primary_energy_supply,Coal tar,Target,2.021723335095423,,,,,1.9339503545455947,,,,,38.0,0.0,38.0,missing_projection_points
esto__07__Total_primary_energy_supply,Coke oven coke,Target,181.0124169998592,,,,,4.43850619113348,,,,,38.0,0.0,38.0,missing_projection_points
esto__07__Total_primary_energy_supply,Gas coke,Target,2.021723335095423,,,,,1.9339503545455947,,,,,38.0,0.0,38.0,missing_projection_points
esto__07__Total_primary_energy_supply,Industrial waste,Target,5.004190541381777,,,,,10.622079171397582,,,,,38.0,0.0,38.0,missing_projection_points
esto__07__Total_primary_energy_supply,Kerosene type jet fuel,Target,3194.4379327619818,,,,,3539.9730148201375,,,,,38.0,0.0,38.0,missing_projection_points
esto__07__Total_primary_energy_supply,Lubricants,Target,0.3785355271283914,,,,,0.3367281834981666,,,,,38.0,0.0,38.0,missing_projection_points
esto__07__Total_primary_energy_supply,Other bituminous coal,Target,3599.291678319993,,,,,2981.28500256444,,,,,38.0,0.0,38.0,missing_projection_points
esto__07__Total_primary_energy_supply,Other products,Target,0.3785355271283914,,,,,0.5072760138312571,,,,,38.0,0.0,38.0,missing_projection_points
esto__07__Total_primary_energy_supply,Other recovered gases,Target,2.021723335095423,,,,,1.9339503545455947,,,,,38.0,0.0,38.0,missing_projection_points
esto__07__Total_primary_energy_supply,Paraffin waxes,Target,0.3785355271283914,,,,,0.3367281834981666,,,,,38.0,0.0,38.0,missing_projection_points
esto__07__Total_primary_energy_supply,Patent fuel,Target,2.021723335095423,,,,,1.9339503545455947,,,,,38.0,0.0,38.0,missing_projection_points
esto__07__Total_primary_energy_supply,Petroleum coke,Target,0.3785355271283914,,,,,2.127480401995617,,,,,38.0,0.0,38.0,missing_projection_points
esto__07__Total_primary_energy_supply,Sub-bituminous coal,Target,5253.014522738434,,,,,4910.713333991526,,,,,38.0,0.0,38.0,missing_projection_points
esto__09_07__Oil_refineries,PetProd nonspecified,Target,4194.423000000001,,,,,3918.3269367176767,,,,,38.0,0.0,38.0,missing_projection_points
esto__09_08_01__Coke_ovens,Blast furnace gas,Target,-0.3369999999998315,,,,,-0.002184495541359031,,,,,38.0,0.0,38.0,missing_projection_points
esto__09_08_01__Coke_ovens,Coke oven coke,Target,298.348638,,,,,1.9339503545455947,,,,,38.0,0.0,38.0,missing_projection_points
esto__09_08_01__Coke_ovens,Coke oven gas,Target,-17.039697999986405,,,,,-0.11045443414567747,,,,,38.0,0.0,38.0,missing_projection_points
esto__09_08_01__Coke_ovens,Coking coal,Target,-489.3314329999231,,,,,-5.5299945900705065,,,,,38.0,0.0,38.0,missing_projection_points
esto__09_08_01__Coke_ovens,Electricity,Target,-1.9033190000013922,,,,,-0.01233766133320193,,,,,38.0,0.0,38.0,missing_projection_points
esto__09_08_02__Blast_furnaces,Blast furnace gas,Target,78.96,,,,,1.936134850086954,,,,,38.0,0.0,38.0,missing_projection_points
esto__09_08_02__Blast_furnaces,Coke oven coke,Target,-181.0124169998592,,,,,-4.43850619113348,,,,,38.0,0.0,38.0,missing_projection_points
esto__09_08_02__Blast_furnaces,Coke oven gas,Target,-5.381101000002168,,,,,-0.13194702606309466,,,,,38.0,0.0,38.0,missing_projection_points
esto__09_08_02__Blast_furnaces,Electricity,Target,-11.925296000015997,,,,,-0.29241364213821586,,,,,38.0,0.0,38.0,missing_projection_points
esto__09_08_02__Blast_furnaces,Fuel oil,Target,-1.807672000003632,,,,,-0.044324933595914585,,,,,38.0,0.0,38.0,missing_projection_points
esto__09_08_02__Blast_furnaces,Natural gas,Target,-10.851930000035042,,,,,-0.266094223198733,,,,,38.0,0.0,38.0,missing_projection_points
esto__09_08_02__Blast_furnaces,Other bituminous coal,Target,-294.97787629917815,,,,,-3.5066202294386404,,,,,38.0,0.0,38.0,missing_projection_points
esto__09_08__Coal_transformation,Coke oven coke,Target,117.3362210001408,,,,,-2.504555836587885,,,,,38.0,0.0,38.0,missing_projection_points
esto__09_08__Coal_transformation,Coke oven gas,Target,-22.420798999988573,,,,,-0.24240146020877212,,,,,38.0,0.0,38.0,missing_projection_points
esto__09_12__Non-specified_transformation,Electricity,Target,-39.037070000056936,,,,,-44.85518490697147,,,,,38.0,0.0,38.0,missing_projection_points
esto__09__Total_transformation_sector,Coke oven gas,Target,-22.420798999988573,,,,,-0.24240146020877215,,,,,38.0,0.0,38.0,missing_projection_points
esto__09__Total_transformation_sector,Industrial waste,Target,,,,,,-5.656762312113655,,,,,38.0,0.0,38.0,missing_projection_points
esto__09__Total_transformation_sector,Refinery feedstocks,Target,432.56881620212255,,,,,432.5687729062051,,,,,38.0,0.0,38.0,missing_projection_points
esto__09__Total_transformation_sector,Sub-bituminous coal,Target,-5204.7460317460245,,,,,-4864.374794270115,,,,,38.0,0.0,38.0,missing_projection_points
esto__13__Total_final_energy_consumption,Coal tar,Target,2.021723335095423,,,,,1.9339503545455947,,,,,38.0,0.0,38.0,missing_projection_points
esto__13__Total_final_energy_consumption,Coke oven coke,Target,2.021723335095423,,,,,1.9339503545455947,,,,,38.0,0.0,38.0,missing_projection_points
esto__13__Total_final_energy_consumption,Coke oven gas,Target,2.021723335095423,,,,,1.9339503545455947,,,,,38.0,0.0,38.0,missing_projection_points
esto__13__Total_final_energy_consumption,Gas coke,Target,2.021723335095423,,,,,1.9339503545455947,,,,,38.0,0.0,38.0,missing_projection_points
esto__13__Total_final_energy_consumption,Industrial waste,Target,5.004190541381775,,,,,4.965316859283927,,,,,38.0,0.0,38.0,missing_projection_points
esto__13__Total_final_energy_consumption,Kerosene type jet fuel,Target,3198.746046425764,,,,,3544.281124497608,,,,,38.0,0.0,38.0,missing_projection_points
esto__13__Total_final_energy_consumption,Lubricants,Target,0.3785355271283914,,,,,0.3367281834981666,,,,,38.0,0.0,38.0,missing_projection_points
esto__13__Total_final_energy_consumption,Other bituminous coal,Target,46.08523059224856,,,,,44.10232757647391,,,,,38.0,0.0,38.0,missing_projection_points
esto__13__Total_final_energy_consumption,Other products,Target,0.37853552712839145,,,,,0.33672818349816663,,,,,38.0,0.0,38.0,missing_projection_points
esto__13__Total_final_energy_consumption,Other recovered gases,Target,2.021723335095423,,,,,1.9339503545455947,,,,,38.0,0.0,38.0,missing_projection_points
esto__13__Total_final_energy_consumption,Paraffin waxes,Target,0.3785355271283914,,,,,0.3367281834981666,,,,,38.0,0.0,38.0,missing_projection_points
esto__13__Total_final_energy_consumption,Patent fuel,Target,2.021723335095423,,,,,1.9339503545455947,,,,,38.0,0.0,38.0,missing_projection_points
esto__13__Total_final_energy_consumption,Petroleum coke,Target,0.3785355271283914,,,,,0.3367281834981666,,,,,38.0,0.0,38.0,missing_projection_points
esto__13__Total_final_energy_consumption,Sub-bituminous coal,Target,48.26849099240856,,,,,46.338539721411095,,,,,38.0,0.0,38.0,missing_projection_points
esto__13__Total_final_energy_consumption,White spirit SBP,Target,0.37853552712839145,,,,,0.3367281834981666,,,,,38.0,0.0,38.0,missing_projection_points
esto__14_03_01__Iron_and_steel,Coal tar,Target,1.646831184579955,,,,,1.6302828468745614,,,,,38.0,0.0,38.0,missing_projection_points
esto__14_03_01__Iron_and_steel,Coke oven coke,Target,1.646831184579955,,,,,1.6302828468745614,,,,,38.0,0.0,38.0,missing_projection_points
esto__14_03_01__Iron_and_steel,Coke oven gas,Target,1.646831184579955,,,,,1.6302828468745614,,,,,38.0,0.0,38.0,missing_projection_points
esto__14_03_01__Iron_and_steel,Gas coke,Target,1.646831184579955,,,,,1.6302828468745614,,,,,38.0,0.0,38.0,missing_projection_points
esto__14_03_01__Iron_and_steel,Other recovered gases,Target,1.646831184579955,,,,,1.6302828468745614,,,,,38.0,0.0,38.0,missing_projection_points
esto__14_03_01__Iron_and_steel,Patent fuel,Target,1.646831184579955,,,,,1.6302828468745614,,,,,38.0,0.0,38.0,missing_projection_points
esto__14_03_02__Chemical__incl__petrochemical,Kerosene type jet fuel,Target,0.09132196909575686,,,,,0.09152159249998797,,,,,38.0,0.0,38.0,missing_projection_points
esto__14_03_02__Chemical__incl__petrochemical,Lubricants,Target,0.09132196909575686,,,,,0.09152159249998797,,,,,38.0,0.0,38.0,missing_projection_points
esto__14_03_02__Chemical__incl__petrochemical,Other products,Target,0.09132196909575686,,,,,0.09152159249998797,,,,,38.0,0.0,38.0,missing_projection_points
esto__14_03_02__Chemical__incl__petrochemical,Paraffin waxes,Target,0.09132196909575686,,,,,0.09152159249998797,,,,,38.0,0.0,38.0,missing_projection_points
esto__14_03_02__Chemical__incl__petrochemical,White spirit SBP,Target,0.09132196909575686,,,,,0.09152159249998797,,,,,38.0,0.0,38.0,missing_projection_points
esto__14_03_04__Non-metallic_mineral_products,Kerosene type jet fuel,Target,0.1525137974539428,,,,,0.14522006908384696,,,,,38.0,0.0,38.0,missing_projection_points
esto__14_03_04__Non-metallic_mineral_products,Lubricants,Target,0.1525137974539428,,,,,0.14522006908384696,,,,,38.0,0.0,38.0,missing_projection_points
esto__14_03_04__Non-metallic_mineral_products,Other bituminous coal,Target,22.49902909184523,,,,,22.145147650357877,,,,,38.0,0.0,38.0,missing_projection_points
esto__14_03_04__Non-metallic_mineral_products,Other products,Target,0.1525137974539428,,,,,0.14522006908384696,,,,,38.0,0.0,38.0,missing_projection_points
esto__14_03_04__Non-metallic_mineral_products,Paraffin waxes,Target,0.1525137974539428,,,,,0.14522006908384696,,,,,38.0,0.0,38.0,missing_projection_points
esto__14_03_04__Non-metallic_mineral_products,Sub-bituminous coal,Target,22.49902909184523,,,,,22.145147650357877,,,,,38.0,0.0,38.0,missing_projection_points
esto__14_03_04__Non-metallic_mineral_products,White spirit SBP,Target,0.1525137974539428,,,,,0.14522006908384696,,,,,38.0,0.0,38.0,missing_projection_points
esto__14_03_07__Food__beverages_and_tobacco,Other bituminous coal,Target,6.651930378019081,,,,,6.537149395162532,,,,,38.0,0.0,38.0,missing_projection_points
esto__14_03_07__Food__beverages_and_tobacco,Sub-bituminous coal,Target,6.651930378019081,,,,,6.537149395162532,,,,,38.0,0.0,38.0,missing_projection_points
esto__14_03__Manufacturing,Coal tar,Target,2.021723335095423,,,,,1.9339503545455947,,,,,38.0,0.0,38.0,missing_projection_points
esto__14_03__Manufacturing,Coke oven coke,Target,2.021723335095423,,,,,1.9339503545455947,,,,,38.0,0.0,38.0,missing_projection_points
esto__14_03__Manufacturing,Coke oven gas,Target,2.021723335095423,,,,,1.9339503545455947,,,,,38.0,0.0,38.0,missing_projection_points
esto__14_03__Manufacturing,Gas coke,Target,2.021723335095423,,,,,1.9339503545455947,,,,,38.0,0.0,38.0,missing_projection_points
esto__14_03__Manufacturing,Industrial waste,Target,4.973345043755707,,,,,4.965316859283927,,,,,38.0,0.0,38.0,missing_projection_points
esto__14_03__Manufacturing,Kerosene type jet fuel,Target,0.3785355271283914,,,,,0.3367281834981666,,,,,38.0,0.0,38.0,missing_projection_points
esto__14_03__Manufacturing,Lubricants,Target,0.3785355271283914,,,,,0.3367281834981666,,,,,38.0,0.0,38.0,missing_projection_points
esto__14_03__Manufacturing,Other bituminous coal,Target,40.24427130680856,,,,,38.119704481570835,,,,,38.0,0.0,38.0,missing_projection_points
esto__14_03__Manufacturing,Other products,Target,0.37853552712839145,,,,,0.33672818349816663,,,,,38.0,0.0,38.0,missing_projection_points
esto__14_03__Manufacturing,Other recovered gases,Target,2.021723335095423,,,,,1.9339503545455947,,,,,38.0,0.0,38.0,missing_projection_points
esto__14_03__Manufacturing,Paraffin waxes,Target,0.3785355271283914,,,,,0.3367281834981666,,,,,38.0,0.0,38.0,missing_projection_points
esto__14_03__Manufacturing,Patent fuel,Target,2.021723335095423,,,,,1.9339503545455947,,,,,38.0,0.0,38.0,missing_projection_points
esto__14_03__Manufacturing,Petroleum coke,Target,0.3785355271283914,,,,,0.3367281834981666,,,,,38.0,0.0,38.0,missing_projection_points
esto__14_03__Manufacturing,Sub-bituminous coal,Target,40.24427130680856,,,,,38.119704481570835,,,,,38.0,0.0,38.0,missing_projection_points
esto__14_03__Manufacturing,White spirit SBP,Target,0.37853552712839145,,,,,0.3367281834981666,,,,,38.0,0.0,38.0,missing_projection_points
esto__14__Industry_sector,Coal tar,Target,2.021723335095423,,,,,1.9339503545455947,,,,,38.0,0.0,38.0,missing_projection_points
esto__14__Industry_sector,Coke oven coke,Target,2.021723335095423,,,,,1.9339503545455947,,,,,38.0,0.0,38.0,missing_projection_points
esto__14__Industry_sector,Coke oven gas,Target,2.021723335095423,,,,,1.9339503545455947,,,,,38.0,0.0,38.0,missing_projection_points
esto__14__Industry_sector,Gas coke,Target,2.021723335095423,,,,,1.9339503545455947,,,,,38.0,0.0,38.0,missing_projection_points
esto__14__Industry_sector,Industrial waste,Target,5.004190541381775,,,,,4.965316859283927,,,,,38.0,0.0,38.0,missing_projection_points
esto__14__Industry_sector,Kerosene type jet fuel,Target,0.3785355271283914,,,,,0.3367281834981666,,,,,38.0,0.0,38.0,missing_projection_points
esto__14__Industry_sector,Lubricants,Target,0.3785355271283914,,,,,0.3367281834981666,,,,,38.0,0.0,38.0,missing_projection_points
esto__14__Industry_sector,Other bituminous coal,Target,40.24427130680856,,,,,38.119704481570835,,,,,38.0,0.0,38.0,missing_projection_points
esto__14__Industry_sector,Other products,Target,0.37853552712839145,,,,,0.33672818349816663,,,,,38.0,0.0,38.0,missing_projection_points
esto__14__Industry_sector,Other recovered gases,Target,2.021723335095423,,,,,1.9339503545455947,,,,,38.0,0.0,38.0,missing_projection_points
esto__14__Industry_sector,Paraffin waxes,Target,0.3785355271283914,,,,,0.3367281834981666,,,,,38.0,0.0,38.0,missing_projection_points
esto__14__Industry_sector,Patent fuel,Target,2.021723335095423,,,,,1.9339503545455947,,,,,38.0,0.0,38.0,missing_projection_points
esto__14__Industry_sector,Petroleum coke,Target,0.3785355271283914,,,,,0.3367281834981666,,,,,38.0,0.0,38.0,missing_projection_points
esto__14__Industry_sector,Sub-bituminous coal,Target,40.24427130680856,,,,,38.119704481570835,,,,,38.0,0.0,38.0,missing_projection_points
esto__14__Industry_sector,White spirit SBP,Target,0.37853552712839145,,,,,0.3367281834981666,,,,,38.0,0.0,38.0,missing_projection_points
esto__16_01__Commercial_and_public_services,Other bituminous coal,Target,5.84095928544,,,,,5.982623094903073,,,,,38.0,0.0,38.0,missing_projection_points
esto__16_01__Commercial_and_public_services,Sub-bituminous coal,Target,8.0242196856,,,,,8.218835239840256,,,,,38.0,0.0,38.0,missing_projection_points
template__Power__Electricity_plants,Biodiesel,Target,,,,,,-3.8568833946229466,,,,,38.0,0.0,38.0,missing_projection_points
template__Power__Electricity_plants,Municipal solid waste (non-renewable),Target,,,,,,-93.07945259023381,,,,,38.0,0.0,38.0,missing_projection_points
template__Power__Electricity_plants,Municipal solid waste (renewable),Target,,,,,,-76.10916565389283,,,,,38.0,0.0,38.0,missing_projection_points
template__Power__Electricity_plants,Other liquid biofuels,Target,,,,,,-0.5142511192830596,,,,,38.0,0.0,38.0,missing_projection_points
esto__14_03_02__Chemical__incl__petrochemical,Other bituminous coal,Target,6.8114736575510655,,,,,6.260049774998519,,,,,31.0,0.0,31.0,missing_projection_points
esto__14_03_02__Chemical__incl__petrochemical,Sub-bituminous coal,Target,6.8114736575510655,,,,,6.260049774998519,,,,,31.0,0.0,31.0,missing_projection_points
esto__14_03_11__Non-specified_industry,Kerosene type jet fuel,Target,0.09795755964559834,,,,,0.0885398067961282,,,,,29.0,0.0,29.0,missing_projection_points
esto__14_03_11__Non-specified_industry,Lubricants,Target,0.09795755964559834,,,,,0.0885398067961282,,,,,29.0,0.0,29.0,missing_projection_points
esto__14_03_11__Non-specified_industry,Other products,Target,0.09795755964559834,,,,,0.0885398067961282,,,,,29.0,0.0,29.0,missing_projection_points
esto__14_03_11__Non-specified_industry,Paraffin waxes,Target,0.09795755964559834,,,,,0.0885398067961282,,,,,29.0,0.0,29.0,missing_projection_points
esto__14_03_11__Non-specified_industry,Petroleum coke,Target,0.09795755964559834,,,,,0.0885398067961282,,,,,29.0,0.0,29.0,missing_projection_points
esto__14_03_11__Non-specified_industry,White spirit SBP,Target,0.09795755964559834,,,,,0.0885398067961282,,,,,29.0,0.0,29.0,missing_projection_points
esto__14_03_11__Non-specified_industry,Other bituminous coal,Target,1.8193773418583963,,,,,1.5694103936516919,,,,,26.0,0.0,26.0,missing_projection_points
esto__14_03_11__Non-specified_industry,Sub-bituminous coal,Target,1.8193773418583963,,,,,1.5694103936516919,,,,,26.0,0.0,26.0,missing_projection_points
esto__14_03_08__Pulp__paper_and_printing,Other bituminous coal,Target,1.729956900950264,,,,,1.3302416007748588,,,,,25.0,0.0,25.0,missing_projection_points
esto__14_03_08__Pulp__paper_and_printing,Sub-bituminous coal,Target,1.729956900950264,,,,,1.3302416007748588,,,,,25.0,0.0,25.0,missing_projection_points
esto__14_03_11__Non-specified_industry,Coal tar,Target,0.37489215051546815,,,,,0.30366750767103357,,,,,23.0,0.0,23.0,missing_projection_points
esto__14_03_11__Non-specified_industry,Coke oven coke,Target,0.37489215051546815,,,,,0.30366750767103357,,,,,23.0,0.0,23.0,missing_projection_points
esto__14_03_11__Non-specified_industry,Coke oven gas,Target,0.37489215051546815,,,,,0.30366750767103357,,,,,23.0,0.0,23.0,missing_projection_points
esto__14_03_11__Non-specified_industry,Gas coke,Target,0.37489215051546815,,,,,0.30366750767103357,,,,,23.0,0.0,23.0,missing_projection_points
esto__14_03_11__Non-specified_industry,Other recovered gases,Target,0.37489215051546815,,,,,0.30366750767103357,,,,,23.0,0.0,23.0,missing_projection_points
esto__14_03_11__Non-specified_industry,Patent fuel,Target,0.37489215051546815,,,,,0.30366750767103357,,,,,23.0,0.0,23.0,missing_projection_points
esto__14_03_08__Pulp__paper_and_printing,Kerosene type jet fuel,Target,0.0022816359556472095,,,,,0.0016428980920201214,,,,,22.0,0.0,22.0,missing_projection_points
esto__14_03_08__Pulp__paper_and_printing,Lubricants,Target,0.0022816359556472095,,,,,0.0016428980920201214,,,,,22.0,0.0,22.0,missing_projection_points
esto__14_03_08__Pulp__paper_and_printing,Other products,Target,0.0022816359556472095,,,,,0.0016428980920201214,,,,,22.0,0.0,22.0,missing_projection_points
esto__14_03_08__Pulp__paper_and_printing,Paraffin waxes,Target,0.0022816359556472095,,,,,0.0016428980920201214,,,,,22.0,0.0,22.0,missing_projection_points
esto__14_03_08__Pulp__paper_and_printing,White spirit SBP,Target,0.0022816359556472095,,,,,0.0016428980920201214,,,,,22.0,0.0,22.0,missing_projection_points
esto__09__Total_transformation_sector,Other products,Target,,,,,,-0.17054783033309048,,,,,19.0,0.0,19.0,missing_projection_points
esto__09__Total_transformation_sector,Petroleum coke,Target,,,,,,-1.7907522184974503,,,,,19.0,0.0,19.0,missing_projection_points
template__Power__Electricity_plants,Kerosene,Target,,,,,,-0.08527391516654526,,,,,19.0,0.0,19.0,missing_projection_points
template__Power__Electricity_plants,Refinery gas (not liquefied),Target,,,,,,-0.08527391516654523,,,,,19.0,0.0,19.0,missing_projection_points
esto__14_03_06__Machinery,Kerosene type jet fuel,Target,0.01300783332008276,,,,,0.00930872028636625,,,,,18.0,0.0,18.0,missing_projection_points
esto__14_03_06__Machinery,Lubricants,Target,0.01300783332008276,,,,,0.00930872028636625,,,,,18.0,0.0,18.0,missing_projection_points
esto__14_03_06__Machinery,Other products,Target,0.01300783332008276,,,,,0.00930872028636625,,,,,18.0,0.0,18.0,missing_projection_points
esto__14_03_06__Machinery,Paraffin waxes,Target,0.01300783332008276,,,,,0.00930872028636625,,,,,18.0,0.0,18.0,missing_projection_points
esto__14_03_06__Machinery,White spirit SBP,Target,0.01300783332008276,,,,,0.00930872028636625,,,,,18.0,0.0,18.0,missing_projection_points
esto__14_03_01__Iron_and_steel,Other bituminous coal,Target,0.5807840038022277,,,,,0.27770566662535784,,,,,14.0,0.0,14.0,missing_projection_points
esto__14_03_01__Iron_and_steel,Sub-bituminous coal,Target,0.5807840038022277,,,,,0.27770566662535784,,,,,14.0,0.0,14.0,missing_projection_points
esto__14_03_11__Non-specified_industry,Industrial waste,Target,0.030790445479394055,,,,,0.004781773919671262,,,,,9.0,0.0,9.0,missing_projection_points
esto__02__Imports,of which: Photovoltaics,Target,,,,,,25.466160153162956,,,,,8.0,0.0,8.0,missing_projection_points
esto__14_03_03__Non_ferrous_metals,Kerosene type jet fuel,Target,0.021452731657363444,,,,,0.0004950967398171335,,,,,8.0,0.0,8.0,missing_projection_points
esto__14_03_03__Non_ferrous_metals,Lubricants,Target,0.021452731657363444,,,,,0.0004950967398171335,,,,,8.0,0.0,8.0,missing_projection_points
esto__14_03_03__Non_ferrous_metals,Other products,Target,0.021452731657363444,,,,,0.0004950967398171335,,,,,8.0,0.0,8.0,missing_projection_points
esto__14_03_03__Non_ferrous_metals,Paraffin waxes,Target,0.021452731657363444,,,,,0.0004950967398171335,,,,,8.0,0.0,8.0,missing_projection_points
esto__14_03_03__Non_ferrous_metals,White spirit SBP,Target,0.021452731657363444,,,,,0.0004950967398171335,,,,,8.0,0.0,8.0,missing_projection_points
esto__14_03_06__Machinery,Other bituminous coal,Target,0.13494683003368219,,,,,,,,,,4.0,0.0,4.0,missing_projection_points
esto__14_03_06__Machinery,Sub-bituminous coal,Target,0.13494683003368219,,,,,,,,,,4.0,0.0,4.0,missing_projection_points
esto__14_03_10__Textiles_and_leather,Other bituminous coal,Target,0.016773102748612913,,,,,,,,,,3.0,0.0,3.0,missing_projection_points
esto__14_03_10__Textiles_and_leather,Sub-bituminous coal,Target,0.016773102748612913,,,,,,,,,,3.0,0.0,3.0,missing_projection_points
esto__14_03_01__Iron_and_steel,Industrial waste,Target,0.00020610179047510262,,,,,,,,,,1.0,0.0,1.0,missing_projection_points
esto__02__Imports,Crude oil,Target,42762.030519537584,,,,,43862.483948744746,15218.69582,28643.788128744745,28643.788128744745,0.34696383902434075,38.0,38.0,0.0,
esto__09__Total_transformation_sector,Electricity,Target,11297.225597402616,,,,,17796.66283230815,0.0,17796.66283230815,17796.66283230815,0.0,38.0,38.0,0.0,
esto__02__Imports,Other hydrocarbons,Target,9389.487724414728,,,,,10607.729025104563,1393.0,9214.729025104563,9214.729025104563,0.13131934240621015,38.0,38.0,0.0,
esto__01__Production,Anthracite,Target,40.27071124219416,,,,,38.14678567839753,8967.804599,-8929.6578133216,8929.6578133216,235.0867691606964,38.0,38.0,0.0,projection_above_leap
esto__03__Exports,Other hydrocarbons,Target,-8394.77560348,,,,,-9649.0731306,-923.3221758,-8725.7509548,8725.7509548,0.09569024540521705,38.0,38.0,0.0,projection_above_leap
esto__07__Total_primary_energy_supply,Anthracite,Target,40.27071124219416,,,,,38.14678567839753,8056.805205899999,-8018.658420221602,8018.658420221602,211.20534961514613,38.0,38.0,0.0,projection_above_leap
esto__09_06_02__Liquefaction_regasification_plants,LNG,Target,,,,,,86.7596151779035,7535.907154,-7449.147538822097,7449.147538822097,86.85961940411296,38.0,38.0,0.0,projection_above_leap
esto__09_06__Gas_processing_plants,LNG,Target,,,,,,86.7596151779035,7535.907154,-7449.147538822097,7449.147538822097,86.85961940411296,38.0,38.0,0.0,projection_above_leap
esto__09__Total_transformation_sector,LNG,Target,,,,,,86.7596151779035,7535.907154,-7449.147538822097,7449.147538822097,86.85961940411296,38.0,38.0,0.0,projection_above_leap
esto__09_06_02__Liquefaction_regasification_plants,Natural gas,Target,,,,,,-92.19960140336232,-7535.907154,7443.707552596638,7443.707552596638,81.73470426440674,38.0,38.0,0.0,
esto__09_06__Gas_processing_plants,Natural gas,Target,46.94349,,,,,-92.19960140336232,-7535.907154,7443.707552596638,7443.707552596638,81.73470426440674,38.0,38.0,0.0,
esto__09__Total_transformation_sector,Natural gas liquids,Target,-6939.217408405567,,,,,-7172.7741611915935,-761.9640521539845,-6410.810109037609,6410.810109037609,0.10623003527374428,38.0,38.0,0.0,projection_above_leap
esto__15_02__Road,Motor gasoline,Target,14782.751158762414,,,,,8502.254900401458,14779.73165968,-6277.476759278541,6277.476759278541,1.7383308113924145,38.0,38.0,0.0,projection_above_leap
esto__13__Total_final_energy_consumption,Motor gasoline,Target,15155.632260279328,,,,,8910.602618853663,15166.198113485,-6255.595494631336,6255.595494631336,1.7020395546980536,38.0,38.0,0.0,projection_above_leap
esto__15__Transport_sector,Motor gasoline,Target,14923.09166260351,,,,,8645.81486696223,14779.73165968,-6133.91679271777,6133.91679271777,1.7094665901483692,38.0,38.0,0.0,projection_above_leap
template__Power__Electricity_plants,Natural gas,Target,-11611.111111111119,,,,,-19940.840301157954,-15205.4231,-4735.417201157954,4735.417201157954,0.7625266974891238,38.0,38.0,0.0,projection_above_leap
esto__09__Total_transformation_sector,Other bituminous coal,Target,-3553.2064477277445,,,,,-2937.1826749879665,-7664.82966736,4727.646992372033,4727.646992372033,2.6095856184332837,38.0,38.0,0.0,
template__Power__Electricity_plants,Other bituminous coal,Target,-3258.2285714285663,,,,,-2933.6760547585277,-7446.356404,4512.680349241473,4512.680349241473,2.5382340330050224,38.0,38.0,0.0,
template__Power__Electricity_plants,Sub-bituminous coal,Target,-4715.857142857136,,,,,-4442.858255853812,0.0,-4442.858255853812,4442.858255853812,-0.0,38.0,38.0,0.0,projection_above_leap
esto__07__Total_primary_energy_supply,Natural gas,Target,31316.328683887,,,,,41201.848214397374,45584.23375236091,-4382.385537963535,4382.385537963535,1.1063638095834782,38.0,38.0,0.0,projection_above_leap
esto__09__Total_transformation_sector,Kerosene type jet fuel,Target,4.3081136637822395,,,,,4.308109677470259,3979.1711101203846,-3974.863000442914,3974.863000442914,923.6466589812939,38.0,38.0,0.0,projection_above_leap
esto__09__Total_transformation_sector,PetProd nonspecified,Target,4194.423000000001,,,,,3918.3269367176767,0.0,3918.3269367176767,3918.3269367176767,0.0,38.0,38.0,0.0,
esto__09_07__Oil_refineries,Aviation gasoline,Target,3341.8979999999997,,,,,3840.3173223885724,26.573661416082945,3813.7436609724896,3813.7436609724896,0.006919652514432025,38.0,38.0,0.0,
esto__09__Total_transformation_sector,Aviation gasoline,Target,3341.8979999999997,,,,,3840.3173223885724,26.573661416082945,3813.7436609724896,3813.7436609724896,0.006919652514432025,38.0,38.0,0.0,
esto__09__Total_transformation_sector,LPG,Target,4140.1259516216205,,,,,4120.676655975402,509.8546049073187,3610.8220510680835,3610.8220510680835,0.12373079653507328,38.0,38.0,0.0,
esto__13__Total_final_energy_consumption,Natural gas,Target,18507.275715156477,,,,,19418.19738424894,16077.828516613556,3340.368867635383,3340.368867635383,0.8279773965865173,38.0,38.0,0.0,
esto__14__Industry_sector,Natural gas,Target,8852.845142579561,,,,,9538.009821442356,6249.514054759999,3288.4957666823566,3288.4957666823566,0.6552220192424729,38.0,38.0,0.0,
esto__14_03__Manufacturing,Natural gas,Target,8531.049357443666,,,,,9201.8560713647,5913.36030477,3288.4957665947004,3288.4957665947004,0.6426269068880368,38.0,38.0,0.0,
esto__09__Total_transformation_sector,Natural gas,Target,-12809.052968730515,,,,,-21783.65083014843,-24798.38254044199,3014.731710293563,3014.731710293563,1.1383942358331045,38.0,38.0,0.0,
esto__03__Exports,Crude oil,Target,-7526.73953115,,,,,-8304.821606,-11126.41914,2821.5975340000005,2821.5975340000005,1.3397541413727028,38.0,38.0,0.0,
esto__16_01_01__Datacentres,Electricity,Target,384.71992015977196,,,,,384.71992015977196,3132.112805,-2747.3928848402284,2747.3928848402284,8.141280554693534,38.0,38.0,0.0,projection_above_leap
esto__13__Total_final_energy_consumption,Gasoline type jet fuel,Target,0.3785355271283914,,,,,0.3367281834981666,2739.4957195,-2739.158991316502,2739.158991316502,8135.629429767991,38.0,38.0,0.0,projection_above_leap
esto__14_03_02__Chemical__incl__petrochemical,Natural gas,Target,4792.749820760541,,,,,5299.442929993863,2649.721465,2649.721464993863,2649.721464993863,0.5000000000005791,38.0,38.0,0.0,
esto__09__Total_transformation_sector,Ethane,Target,2574.1121541766524,,,,,2574.112129318188,0.3723709895436597,2573.7397583286447,2573.7397583286447,0.00014465997238523196,38.0,38.0,0.0,
esto__07__Total_primary_energy_supply,LPG,Target,-2676.9687109099996,,,,,-122.85703319044923,-2395.858772094,2273.0017389035506,2273.0017389035506,19.50119345939286,38.0,38.0,0.0,
esto__02__Imports,LPG,Target,,,,,,2515.9047952695505,242.9242864092,2272.9805088603507,2272.9805088603507,0.09655543678200805,38.0,38.0,0.0,
esto__15_02__Road,Gas/diesel oil,Target,5199.4926281346,,,,,3291.6218412093954,5553.364478622,-2261.742637412605,2261.742637412605,1.6871210444337081,38.0,38.0,0.0,projection_above_leap
esto__02__Imports,Motor gasoline,Target,,,,,,2140.894156377312,0.0,2140.894156377312,2140.894156377312,0.0,38.0,38.0,0.0,
esto__03__Exports,Motor gasoline,Target,,,,,,-2140.894156377312,0.0,-2140.894156377312,2140.894156377312,-0.0,38.0,38.0,0.0,projection_above_leap
esto__15__Transport_sector,Electricity,Target,26.29472800004369,,,,,2277.6509948585385,195.635228132,2082.0157667265385,2082.0157667265385,0.08589341763668697,38.0,38.0,0.0,
esto__15_02__Road,Electricity,Target,,,,,,2225.859452298741,195.635228132,2030.224224166741,2030.224224166741,0.08789199512572957,38.0,38.0,0.0,
template__Power__CHP_plants,Electricity,Target,-684.4444444444443,,,,,-778.9625629933272,1153.561050634,-1932.523613627327,1932.523613627327,-1.4808940832807156,38.0,38.0,0.0,projection_above_leap
esto__13__Total_final_energy_consumption,Gas/diesel oil,Target,7820.573075216973,,,,,6235.398668580959,8026.735205134,-1791.3365365530417,1791.3365365530417,1.2872850048192206,38.0,38.0,0.0,projection_above_leap
template__Power__CHP_plants,Natural gas,Target,,,,,,-134.88529229321685,-1850.294302,1715.409009706783,1715.409009706783,13.717539329475494,38.0,38.0,0.0,
esto__15__Transport_sector,Natural gas,Target,1256.9576437575279,,,,,1369.9251459791744,65.570674023,1304.3544719561744,1304.3544719561744,0.0478644210710742,38.0,38.0,0.0,
esto__14_03__Manufacturing,Other biomass,Target,4.973345043755709,,,,,4.965316859283926,1259.701273054,-1254.735956194716,1254.735956194716,253.70007770977742,38.0,38.0,0.0,projection_above_leap
esto__14__Industry_sector,Other biomass,Target,5.004190541381777,,,,,4.965316859283926,1259.701273054,-1254.735956194716,1254.735956194716,253.70007770977742,38.0,38.0,0.0,projection_above_leap
esto__01__Production,Other biomass,Target,649.3479476733897,,,,,675.2533331884326,1926.497690504,-1251.2443573155674,1251.2443573155674,2.8529998976938065,38.0,38.0,0.0,projection_above_leap
esto__07__Total_primary_energy_supply,Other biomass,Target,649.3479476733897,,,,,675.2533331884326,1926.497690504,-1251.2443573155674,1251.2443573155674,2.8529998976938065,38.0,38.0,0.0,projection_above_leap
esto__13__Total_final_energy_consumption,Other biomass,Target,649.3479476733896,,,,,675.2533331884325,1926.497690504,-1251.2443573155674,1251.2443573155674,2.852999897693807,38.0,38.0,0.0,projection_above_leap
esto__07__Total_primary_energy_supply,Gasoline type jet fuel,Target,0.3785355271283914,,,,,0.3367281834981666,-1237.825086,1238.161814183498,1238.161814183498,-3676.036478861413,38.0,38.0,0.0,sign_mismatch_projection
template__Power__Electricity_plants,Electricity,Target,13967.0,,,,,20906.343258671095,19675.92605145,1230.4172072210968,1230.4172072210968,0.941146225717366,38.0,38.0,0.0,
esto__15__Transport_sector,Gas/diesel oil,Target,6066.44865654563,,,,,4372.655000551318,5553.364478622,-1180.709478070682,1180.709478070682,1.2700211834507444,38.0,38.0,0.0,projection_above_leap
esto__07__Total_primary_energy_supply,Crude oil,Target,35235.29098838758,,,,,35557.66234274475,34397.252590000004,1160.4097527447448,1160.4097527447448,0.9673654094141676,38.0,38.0,0.0,
esto__09_07__Oil_refineries,Crude oil,Target,-35235.29098838758,,,,,-35557.66234274475,-34397.252590878816,-1160.4097518659328,1160.4097518659328,0.9673654094388827,38.0,38.0,0.0,projection_above_leap
esto__09__Total_transformation_sector,Crude oil,Target,-35235.29098838758,,,,,-35557.66234274475,-34397.252590878816,-1160.4097518659328,1160.4097518659328,0.9673654094388827,38.0,38.0,0.0,projection_above_leap
esto__01__Production,Natural gas liquids,Target,7243.891351008567,,,,,7639.179098191595,8780.606722,-1141.4276238084058,1141.4276238084058,1.1494175760427732,38.0,38.0,0.0,projection_above_leap
esto__03__Exports,Natural gas,Target,-6719.810399349999,,,,,-4524.970077999999,-3409.120842,-1115.8492359999996,1115.8492359999996,0.7534018531028174,38.0,38.0,0.0,projection_above_leap
esto__14_03_08__Pulp__paper_and_printing,Other biomass,Target,4.277841557292274,,,,,4.385441448947945,1111.253168,-1106.867726551052,1106.867726551052,253.39596502116942,38.0,38.0,0.0,projection_above_leap
esto__07__Total_primary_energy_supply,Electricity,Target,4260.722599070769,,,,,1019.8772836668348,0.0,1019.8772836668348,1019.8772836668348,0.0,38.0,38.0,0.0,
esto__07__Total_primary_energy_supply,Additives/ oxygenates,Target,,,,,,49.10670792947789,-956.5690265300002,1005.6757344594781,1005.6757344594781,-19.47939633631577,38.0,38.0,0.0,sign_mismatch_projection
esto__03__Exports,Natural gas liquids,Target,-304.67394260299994,,,,,-466.40493699999996,-1425.1,958.6950629999999,958.6950629999999,3.055499388935499,38.0,38.0,0.0,
esto__14__Industry_sector,Electricity,Target,3827.118671497399,,,,,4504.2153879115895,3603.20994545,901.0054424615896,901.0054424615896,0.7999639526831449,38.0,38.0,0.0,
esto__14_03__Manufacturing,Electricity,Target,3412.946988507533,,,,,3992.0618843907855,3091.05644205,901.0054423407855,901.0054423407855,0.7743007326956093,38.0,38.0,0.0,
esto__10_02__Transmission_and_distribution_losses,Electricity,Target,-1734.9642395328635,,,,,-2089.8031426961134,-1277.939718,-811.8634246961133,811.8634246961133,0.6115120089020895,38.0,38.0,0.0,projection_above_leap
esto__15__Transport_sector,Kerosene type jet fuel,Target,3198.367510898636,,,,,3543.94439631411,2739.4957195,804.4486768141096,804.4486768141096,0.7730075343025192,38.0,38.0,0.0,
esto__16_01__Commercial_and_public_services,Electricity,Target,5232.194309218246,,,,,5483.984036527503,4769.375491,714.6085455275033,714.6085455275033,0.869691716684865,38.0,38.0,0.0,
esto__01__Production,Nuclear,Target,8975.757575757583,,,,,9729.456301118134,9079.776695,649.679606118134,649.679606118134,0.9332254972928475,38.0,38.0,0.0,
esto__07__Total_primary_energy_supply,Nuclear,Target,8975.757575757583,,,,,9729.456301118134,9079.776695,649.679606118134,649.679606118134,0.9332254972928475,38.0,38.0,0.0,
esto__09__Total_transformation_sector,Nuclear,Target,-8975.757575757583,,,,,-9729.456301118134,-9079.776695,-649.679606118134,649.679606118134,0.9332254972928475,38.0,38.0,0.0,projection_above_leap
template__Power__Electricity_plants,Nuclear,Target,-8975.757575757583,,,,,-9729.456301118134,-9079.776695,-649.679606118134,649.679606118134,0.9332254972928475,38.0,38.0,0.0,projection_above_leap
esto__09__Total_transformation_sector,Refinery gas (not liquefied),Target,,,,,,-0.08527391516654524,626.196320221105,-626.2815941362716,626.2815941362716,-7343.351351912303,19.0,38.0,0.0,projection_above_leap
esto__09_07__Oil_refineries,Motor gasoline,Target,15345.449999999999,,,,,14637.618577775207,15166.81007722199,-529.1914994467825,529.1914994467825,1.036152841162993,38.0,38.0,0.0,projection_above_leap
esto__14_03_02__Chemical__incl__petrochemical,Electricity,Target,829.5009896742412,,,,,1017.4336222017135,508.7168111,508.7168111017136,508.7168111017136,0.4999999999991579,38.0,38.0,0.0,
esto__16_02__Residential,Natural gas,Target,4883.197958800992,,,,,5218.828971849336,4712.679423,506.1495488493365,506.1495488493365,0.9030147277139112,38.0,38.0,0.0,
esto__16_02__Residential,Electricity,Target,5429.5198507577,,,,,5425.2638861951355,5923.213227,-497.94934080486473,497.94934080486473,1.091783432336245,38.0,38.0,0.0,projection_above_leap
esto__07__Total_primary_energy_supply,Other hydrocarbons,Target,994.7121209347276,,,,,958.6558945045642,469.6778242,488.97807030456426,488.97807030456426,0.48993369455338365,38.0,38.0,0.0,
esto__09_08__Coal_transformation,Coking coal,Target,-489.3314329999231,,,,,-5.5299945900705065,-449.6442046,444.11421000992954,444.11421000992954,81.31006229325573,38.0,38.0,0.0,
esto__09__Total_transformation_sector,Coking coal,Target,-489.3314329999231,,,,,-5.5299945900705065,-449.6442046,444.11421000992954,444.11421000992954,81.31006229325573,38.0,38.0,0.0,
esto__07__Total_primary_energy_supply,Coking coal,Target,489.331432999923,,,,,5.529994590070486,449.644204245,-444.11420965492954,444.11420965492954,81.31006222906066,38.0,38.0,0.0,projection_above_leap
esto__07__Total_primary_energy_supply,Fuel oil,Target,61.43854010780626,,,,,0.044324933595914585,-417.2453893924039,417.28971432599985,417.28971432599985,-9413.333659925918,38.0,38.0,0.0,sign_mismatch_projection
esto__15_01__Domestic_air_transport,Kerosene type jet fuel,Target,2238.854304999511,,,,,2337.9541372607882,2739.4957195,-401.54158223921195,401.54158223921195,1.1717491270849603,38.0,38.0,0.0,projection_above_leap
esto__14_03_04__Non-metallic_mineral_products,Natural gas,Target,801.8569377945865,,,,,794.26604641521,397.1330232,397.13302321520996,397.13302321520996,0.49999999999042516,38.0,38.0,0.0,
esto__13__Total_final_energy_consumption,Fuel oil,Target,605.2468681078026,,,,,539.6451592183208,156.345787475,383.2993717433208,383.2993717433208,0.2897196144619694,38.0,38.0,0.0,
esto__15__Transport_sector,Fuel oil,Target,463.3141350105473,,,,,408.05975463610804,25.535733172,382.52402146410805,382.52402146410805,0.06257841622919119,38.0,38.0,0.0,
esto__01__Production,Coking coal,Target,1652.5940300299228,,,,,1037.7587255900703,1413.74055,-375.9818244099297,375.9818244099297,1.362301771248559,38.0,38.0,0.0,projection_above_leap
esto__09_07__Oil_refineries,Gas/diesel oil,Target,9889.289999999999,,,,,10103.292845066228,10468.55347880862,-365.2606337423931,365.2606337423931,1.036152632546998,38.0,38.0,0.0,projection_above_leap
esto__13__Total_final_energy_consumption,Anthracite,Target,40.27071124219416,,,,,38.14678567839752,391.960471963,-353.81368628460245,353.81368628460245,10.275058959553878,38.0,38.0,0.0,projection_above_leap
esto__14_03__Manufacturing,Anthracite,Target,40.24427130680856,,,,,38.119704481570835,380.452046953,-342.3323424714291,342.3323424714291,9.98045635786425,38.0,38.0,0.0,projection_above_leap
esto__14__Industry_sector,Anthracite,Target,40.24427130680856,,,,,38.119704481570835,380.452046953,-342.3323424714291,342.3323424714291,9.98045635786425,38.0,38.0,0.0,projection_above_leap
esto__07__Total_primary_energy_supply,Biogasoline,Target,1186.8056787841358,,,,,955.6295593934126,1297.628461665,-341.99890227158744,341.99890227158744,1.3578781117744745,38.0,38.0,0.0,projection_above_leap
esto__13__Total_final_energy_consumption,Biogasoline,Target,1186.8056787841358,,,,,955.6295593934126,1297.628461665,-341.99890227158744,341.99890227158744,1.3578781117744745,38.0,38.0,0.0,projection_above_leap
esto__15_02__Road,Biogasoline,Target,1181.8014882427542,,,,,950.6642425341286,1285.194057321,-334.5298147868714,334.5298147868714,1.3518906042948826,38.0,38.0,0.0,projection_above_leap
esto__15__Transport_sector,Biogasoline,Target,1181.801488242754,,,,,950.6642425341286,1285.1940573209997,-334.52981478687116,334.52981478687116,1.3518906042948824,38.0,38.0,0.0,projection_above_leap
esto__07__Total_primary_energy_supply,Other sources,Target,5.004190541381777,,,,,4.965316859283926,337.50605187,-332.5407350107161,332.5407350107161,67.97271179964001,38.0,38.0,0.0,projection_above_leap
esto__08__Transfers,Ethane,Target,2574.1121541766524,,,,,2574.112129318188,2901.694473,-327.58234368181184,327.58234368181184,1.127260324035915,38.0,38.0,0.0,projection_above_leap
esto__01__Production,Natural gas,Target,38036.139083236994,,,,,45726.81829239737,46039.23279336091,-312.41450096353947,312.41450096353947,1.0068321941615492,38.0,38.0,0.0,projection_above_leap
esto__01__Production,Biogasoline,Target,1296.8886398,,,,,1113.3722495914126,1423.9949278736638,-310.6226782822512,310.6226782822512,1.2789926535318659,38.0,38.0,0.0,projection_above_leap
esto__16_01__Commercial_and_public_services,Natural gas,Target,3452.109933018397,,,,,3216.7514121780746,3510.817708,-294.06629582192545,294.06629582192545,1.091417165376423,38.0,38.0,0.0,projection_above_leap
esto__09__Total_transformation_sector,Gas/diesel oil,Target,9984.296412166814,,,,,10195.655755522308,10468.193370668621,-272.5376151463133,272.5376151463133,1.0267307588331136,38.0,38.0,0.0,projection_above_leap
esto__01__Production,Wind,Target,1229.0000000000002,,,,,2010.6741932662846,1752.844736,257.82945726628463,257.82945726628463,0.8717696491406955,38.0,38.0,0.0,
esto__07__Total_primary_energy_supply,Wind,Target,1229.0000000000002,,,,,2010.6741932662846,1752.844736,257.82945726628463,257.82945726628463,0.8717696491406955,38.0,38.0,0.0,
esto__09__Total_transformation_sector,Wind,Target,-1229.0000000000002,,,,,-2010.6741932662846,-1752.844736,-257.82945726628463,257.82945726628463,0.8717696491406955,38.0,38.0,0.0,projection_above_leap
template__Power__Electricity_plants,Wind,Target,-1229.0000000000002,,,,,-2010.6741932662846,-1752.844736,-257.82945726628463,257.82945726628463,0.8717696491406955,38.0,38.0,0.0,projection_above_leap
esto__07__Total_primary_energy_supply,Bio jet kerosene,Target,5.004190541381777,,,,,256.7284721202452,0.0,256.7284721202452,256.7284721202452,0.0,38.0,38.0,0.0,
esto__13__Total_final_energy_consumption,Bio jet kerosene,Target,5.004190541381776,,,,,256.7284721202452,0.0,256.7284721202452,256.7284721202452,0.0,38.0,38.0,0.0,
esto__15_01__Domestic_air_transport,Bio jet kerosene,Target,,,,,,251.76315526096127,0.0,251.76315526096127,251.76315526096127,0.0,38.0,38.0,0.0,
esto__15__Transport_sector,Bio jet kerosene,Target,,,,,,251.76315526096127,0.0,251.76315526096127,251.76315526096127,0.0,38.0,38.0,0.0,
esto__09_12__Non-specified_transformation,Natural gas,Target,-207.33346799936484,,,,,-455.99825413855257,-206.75798444199305,-249.24026969655952,249.24026969655952,0.4534183685255312,38.0,38.0,0.0,projection_above_leap
esto__14_03_01__Iron_and_steel,Natural gas,Target,481.72855119002594,,,,,483.282556599402,241.6412783,241.64127829940202,241.64127829940202,0.5000000000006187,38.0,38.0,0.0,
esto__09_08__Coal_transformation,Blast furnace gas,Target,78.62300000000016,,,,,1.933950354545595,235.3643524,-233.4304020454544,233.4304020454544,121.70134142626516,38.0,38.0,0.0,projection_above_leap
template__Power__CHP_plants,Heat,Target,220.0,,,,,250.38082381928373,483.061403271,-232.68057945171628,232.68057945171628,1.9293067092856007,38.0,38.0,0.0,projection_above_leap
esto__09__Total_transformation_sector,Heat,Target,220.0,,,,,250.3808238192838,483.061403271,-232.68057945171623,232.68057945171623,1.9293067092856002,38.0,38.0,0.0,projection_above_leap
esto__14_03_01__Iron_and_steel,Electricity,Target,420.45759443286187,,,,,446.64245539905795,223.3212277,223.32122769905794,223.32122769905794,0.5000000000010546,38.0,38.0,0.0,
template__Power__CHP_plants,Sub-bituminous coal,Target,-488.8888888888889,,,,,-421.5165384163027,-202.833262,-218.6832764163027,218.6832764163027,0.48119882261814273,38.0,38.0,0.0,projection_above_leap
esto__09__Total_transformation_sector,Motor gasoline,Target,15658.414521580311,,,,,14950.583093691685,15166.81007722199,-216.226983530305,216.226983530305,1.0144627792892935,38.0,38.0,0.0,projection_above_leap
esto__09__Total_transformation_sector,Coke oven coke,Target,117.33622100014078,,,,,-2.5045558365878855,209.37784089500002,-211.8823967315879,211.8823967315879,-83.59879138500209,38.0,38.0,0.0,projection_above_leap
esto__08__Transfers,Kerosene,Target,-211.76391778809744,,,,,-211.76391891254914,-2.187155012,-209.57676390054914,209.57676390054914,0.010328270383507664,38.0,38.0,0.0,projection_above_leap
esto__08__Transfers,Natural gas liquids,Target,-6384.272674233145,,,,,-6384.272673126505,-6593.849437,209.5767638734951,209.5767638734951,1.03282703834936,38.0,38.0,0.0,
esto__15__Transport_sector,Biodiesel,Target,375.73712119900637,,,,,431.18821222769054,230.947747713,200.24046451469053,200.24046451469053,0.5356077489220582,38.0,38.0,0.0,
esto__02__Imports,Kerosene,Target,211.76391778809744,,,,,211.76391891254914,11.749160015,200.01475889754914,200.01475889754914,0.05548235070135805,38.0,38.0,0.0,
esto__07__Total_primary_energy_supply,Kerosene,Target,195.9494907732974,,,,,211.76391891254914,11.749160015,200.01475889754914,200.01475889754914,0.05548235070135805,38.0,38.0,0.0,
esto__01__Production,Biodiesel,Target,429.748347397987,,,,,559.8794105370935,369.37087043981256,190.5085400972809,190.5085400972809,0.6597329058510552,38.0,38.0,0.0,
esto__07__Total_primary_energy_supply,Natural gas liquids,Target,6939.217408405567,,,,,7172.774161191594,7355.862529996,-183.08836880440595,183.08836880440595,1.025525461235767,38.0,38.0,0.0,projection_above_leap
esto__07__Total_primary_energy_supply,Biodiesel,Target,395.950446265987,,,,,456.6646583800935,278.5868914966544,178.0777668834391,178.0777668834391,0.6100469707572148,38.0,38.0,0.0,
esto__09__Total_transformation_sector,Kerosene,Target,-177.66291778809745,,,,,-178.0495332397156,0.0058492702350333,-178.05538250995065,178.05538250995065,-3.285192681273801e-05,38.0,38.0,0.0,projection_above_leap
esto__13__Total_final_energy_consumption,Biodiesel,Target,395.950446265987,,,,,452.8077749854706,277.214764087,175.5930108984706,175.5930108984706,0.6122129066708165,38.0,38.0,0.0,
esto__14_03_04__Non-metallic_mineral_products,Electricity,Target,322.4983559695322,,,,,337.9348072070358,168.9674036,168.9674036070358,168.9674036070358,0.49999999998959,38.0,38.0,0.0,
esto__14_03_04__Non-metallic_mineral_products,Anthracite,Target,22.49902909184523,,,,,22.145147650357877,177.1611812,-155.01603354964212,155.01603354964212,7.999999999870715,38.0,38.0,0.0,projection_above_leap
esto__01__Production,Bio jet kerosene,Target,,,,,,204.483156341,61.89125432,142.591902021,142.591902021,0.30267164996606843,38.0,38.0,0.0,
esto__09_13_03__SMR_w_CCS,Natural gas,Target,,,,,,-141.8346559204727,0.0,-141.8346559204727,141.8346559204727,-0.0,38.0,38.0,0.0,projection_above_leap
esto__09_13__Hydrogen_transformation,Natural gas,Target,,,,,,-141.8346559204727,0.0,-141.8346559204727,141.8346559204727,-0.0,38.0,38.0,0.0,projection_above_leap
esto__15_02__Road,Biodiesel,Target,334.9728211989097,,,,,365.20344103863124,230.947747713,134.25569332563123,134.25569332563123,0.632381083420762,38.0,38.0,0.0,
esto__15_05__Pipeline_transport,Natural gas,Target,1192.6681025849368,,,,,1333.1399999999999,1464.5646240305553,-131.42462403055538,131.42462403055538,1.0985827625234825,38.0,38.0,0.0,projection_above_leap
esto__13__Total_final_energy_consumption,BKB/PB,Target,2.021723335095423,,,,,1.9339503545455947,123.7728227,-121.8388723454544,121.8388723454544,64.00000000469606,38.0,38.0,0.0,projection_above_leap
esto__14_03__Manufacturing,BKB/PB,Target,2.021723335095423,,,,,1.9339503545455947,123.77282269999999,-121.83887234545439,121.83887234545439,64.00000000469605,38.0,38.0,0.0,projection_above_leap
esto__14__Industry_sector,BKB/PB,Target,2.021723335095423,,,,,1.9339503545455947,123.77282269999999,-121.83887234545439,121.83887234545439,64.00000000469605,38.0,38.0,0.0,projection_above_leap
esto__14_03_09__Wood_and_wood_products,Other biomass,Target,0.46168546667481863,,,,,0.4661949815991359,119.3459153,-118.87972031840087,118.87972031840087,256.0000000227828,38.0,38.0,0.0,projection_above_leap
esto__07__Total_primary_energy_supply,Solar nonspecified,Target,147.90233033320143,,,,,279.8678546115829,163.58555532,116.28229929158292,116.28229929158292,0.5845099843532715,38.0,38.0,0.0,
esto__02__Imports,Municipal solid waste (non-renewable),Target,16.370080498140588,,,,,109.7930112412327,0.0,109.7930112412327,109.7930112412327,0.0,38.0,38.0,0.0,
esto__15__Transport_sector,Hydrogen,Target,,,,,,107.16534550203608,0.0,107.16534550203608,107.16534550203608,0.0,38.0,38.0,0.0,
esto__13__Total_final_energy_consumption,Hydrogen,Target,,,,,,107.16534550203606,0.0,107.16534550203606,107.16534550203606,0.0,38.0,38.0,0.0,
esto__09__Total_transformation_sector,Solar nonspecified,Target,-16.63999999999998,,,,,-131.79777272179845,-27.54697723,-104.25079549179846,104.25079549179846,0.2090094290754575,38.0,38.0,0.0,projection_above_leap
template__Power__Electricity_plants,Solar nonspecified,Target,-16.63999999999998,,,,,-131.79777272179845,-27.54697723,-104.25079549179846,104.25079549179846,0.2090094290754575,38.0,38.0,0.0,projection_above_leap
esto__14_03_01__Iron_and_steel,BKB/PB,Target,1.646831184579955,,,,,1.6302828468745614,104.3381022,-102.70781935312543,102.70781935312543,64.00000000001721,38.0,38.0,0.0,projection_above_leap
esto__02__Imports,White spirit SBP,Target,0.3785355271283914,,,,,0.3367281834981666,100.86937740000002,-100.53264921650185,100.53264921650185,299.5572759966177,38.0,38.0,0.0,projection_above_leap
esto__07__Total_primary_energy_supply,White spirit SBP,Target,0.3785355271283914,,,,,0.3367281834981666,100.86937740000002,-100.53264921650185,100.53264921650185,299.5572759966177,38.0,38.0,0.0,projection_above_leap
esto__04__International_marine_bunkers,Gas/diesel oil,Target,246.93079440993571,,,,,493.8037929947128,394.2651785,99.53861449471282,99.53861449471282,0.7984247672723352,38.0,38.0,0.0,
esto__14_03_07__Food__beverages_and_tobacco,Anthracite,Target,6.651930378019081,,,,,6.537149395162532,104.5943903,-98.05724090483747,98.05724090483747,15.999999996542757,38.0,38.0,0.0,projection_above_leap
esto__15_03__Rail,Gas/diesel oil,Target,463.133056000289,,,,,420.4350859736703,518.2670406,-97.83195462632966,97.83195462632966,1.2326921750589968,38.0,38.0,0.0,projection_above_leap
esto__07__Total_primary_energy_supply,Municipal solid waste (non-renewable),Target,16.370080498140588,,,,,109.7930112412327,12.52340251,97.26960873123271,97.26960873123271,0.1140637493080875,38.0,38.0,0.0,
esto__03__Exports,Refinery gas (not liquefied),Target,,,,,,-96.63300008459576,0.0,-96.63300008459576,96.63300008459576,-0.0,38.0,38.0,0.0,projection_above_leap
esto__09__Total_transformation_sector,Municipal solid waste (non-renewable),Target,,,,,,-93.0794525902338,0.0,-93.0794525902338,93.0794525902338,-0.0,38.0,38.0,0.0,projection_above_leap
esto__01__Production,Biogas,Target,7.993264962355367,,,,,85.9250244497024,3.323483817,82.60154063270241,82.60154063270241,0.03867888124891317,38.0,38.0,0.0,
esto__07__Total_primary_energy_supply,Biogas,Target,7.993264962355367,,,,,85.9250244497024,3.323483817,82.60154063270241,82.60154063270241,0.03867888124891317,38.0,38.0,0.0,
esto__13__Total_final_energy_consumption,Electricity,Target,15557.948196473384,,,,,18808.228284265046,18889.80175597779,-81.57347171274523,81.57347171274523,1.004337116206793,38.0,38.0,0.0,projection_above_leap
esto__07__Total_primary_energy_supply,Municipal solid waste (renewable),Target,14.303679765470502,,,,,90.68680875976966,10.24634853,80.44046022976966,80.44046022976966,0.11298609654622084,38.0,38.0,0.0,
esto__13__Total_final_energy_consumption,LNG,Target,,,,,,86.7596151779035,7.540906321,79.2187088569035,79.2187088569035,0.08691724030284273,38.0,38.0,0.0,
esto__15__Transport_sector,LNG,Target,,,,,,86.7596151779035,7.5409063210000005,79.2187088569035,79.2187088569035,0.08691724030284274,38.0,38.0,0.0,
esto__16_02__Residential,Gas/diesel oil,Target,419.01690444870223,,,,,429.3210909792144,350.3428762,78.9782147792144,78.9782147792144,0.8160392851907708,38.0,38.0,0.0,
esto__15_02__Road,Hydrogen,Target,,,,,,78.32411002094537,0.0,78.32411002094537,78.32411002094537,0.0,38.0,38.0,0.0,
esto__09__Total_transformation_sector,Biogas,Target,,,,,,-77.90904457138352,0.0,-77.90904457138352,77.90904457138352,-0.0,38.0,38.0,0.0,projection_above_leap
template__Power__Electricity_plants,Biogas,Target,,,,,,-77.9090445713835,0.0,-77.9090445713835,77.9090445713835,-0.0,38.0,38.0,0.0,projection_above_leap
esto__09__Total_transformation_sector,Municipal solid waste (renewable),Target,,,,,,-76.10916565389283,0.0,-76.10916565389283,76.10916565389283,-0.0,38.0,38.0,0.0,projection_above_leap
esto__13__Total_final_energy_consumption,LPG,Target,328.65306375960614,,,,,369.208550989533,294.427179906,74.78137108353303,74.78137108353303,0.7974549319534773,38.0,38.0,0.0,
esto__02__Imports,Municipal solid waste (renewable),Target,,,,,,70.50982651116965,0.0,70.50982651116965,70.50982651116965,0.0,38.0,38.0,0.0,
esto__16_05__Non-specified_others,Electricity,Target,780.0728029999999,,,,,838.8179442722791,905.6005397389908,-66.78259546671177,66.78259546671177,1.0796151249776247,38.0,38.0,0.0,projection_above_leap
esto__13__Total_final_energy_consumption,Bitumen,Target,0.37853552712839145,,,,,0.3367281834981666,65.998723973,-65.66199578950183,65.66199578950183,196.00000002185544,38.0,38.0,0.0,projection_above_leap
esto__14_03__Manufacturing,Bitumen,Target,0.37853552712839145,,,,,0.3367281834981666,65.998723973,-65.66199578950183,65.66199578950183,196.00000002185544,38.0,38.0,0.0,projection_above_leap
esto__14__Industry_sector,Bitumen,Target,0.37853552712839145,,,,,0.3367281834981666,65.998723973,-65.66199578950183,65.66199578950183,196.00000002185544,38.0,38.0,0.0,projection_above_leap
esto__07__Total_primary_energy_supply,Refinery gas (not liquefied),Target,0.3785355271283914,,,,,0.4220020986647159,60.8886402,-60.466638101335285,60.466638101335285,144.2851597010102,38.0,38.0,0.0,projection_above_leap
esto__03__Exports,Coking coal,Target,-1163.2625970299998,,,,,-1032.228731,-972.4394113,-59.789319699999965,59.789319699999965,0.9420774505645881,38.0,38.0,0.0,projection_above_leap
esto__04__International_marine_bunkers,Fuel oil,Target,440.28395501049687,,,,,387.5658002165662,445.3416637,-57.77586348343385,57.77586348343385,1.1490736887804587,38.0,38.0,0.0,projection_above_leap
esto__03__Exports,Biodiesel,Target,-33.797901132,,,,,-103.214752157,-46.59414514315819,-56.62060701384182,56.62060701384182,0.45142912393263135,38.0,38.0,0.0,projection_above_leap
esto__09_13_03__SMR_w_CCS,Hydrogen,Target,,,,,,55.85529145498443,0.0,55.85529145498443,55.85529145498443,0.0,38.0,38.0,0.0,
esto__09_13__Hydrogen_transformation,Hydrogen,Target,,,,,,55.85529145498443,0.0,55.85529145498443,55.85529145498443,0.0,38.0,38.0,0.0,
esto__02__Imports,Hydrogen,Target,,,,,,55.85529145498435,0.0,55.85529145498435,55.85529145498435,0.0,14.0,38.0,0.0,
esto__07__Total_primary_energy_supply,Hydrogen,Target,,,,,,55.85529145498435,0.0,55.85529145498435,55.85529145498435,0.0,14.0,38.0,0.0,
esto__09__Total_transformation_sector,Other hydrocarbons,Target,-994.7121209347283,,,,,-958.6558945045648,-903.1948785532272,-55.46101595133757,55.46101595133757,0.9421471079776754,38.0,38.0,0.0,projection_above_leap
esto__02__Imports,Bio jet kerosene,Target,5.004190541381777,,,,,52.245315779245196,0.0,52.245315779245196,52.245315779245196,0.0,38.0,38.0,0.0,
esto__09__Total_transformation_sector,Hydrogen,Target,,,,,,51.31005404705171,0.0,51.31005404705171,51.31005404705171,0.0,38.0,38.0,0.0,
esto__02__Imports,Additives/ oxygenates,Target,,,,,,49.10670792947789,0.0,49.10670792947789,49.10670792947789,0.0,38.0,38.0,0.0,
esto__14_03_02__Chemical__incl__petrochemical,Anthracite,Target,6.8114736575510655,,,,,6.260049774998519,50.0803982,-43.82034842500148,43.82034842500148,8.000000000001892,31.0,38.0,0.0,projection_above_leap
esto__16_02__Residential,LPG,Target,194.06448196796268,,,,,204.9062695456467,162.2707505,42.6355190456467,42.6355190456467,0.7919267226904014,38.0,38.0,0.0,
template__Power__Electricity_plants,Hydro,Target,-1031.999999999999,,,,,-1099.471111839367,-1057.229474,-42.24163783936706,42.24163783936706,0.9615800384525804,38.0,38.0,0.0,projection_above_leap
esto__07__Total_primary_energy_supply,Hydro,Target,1031.999999999999,,,,,1099.4711118393668,1057.229474,42.24163783936683,42.24163783936683,0.9615800384525807,38.0,38.0,0.0,
esto__09__Total_transformation_sector,Hydro,Target,-1031.999999999999,,,,,-1099.4711118393668,-1057.229474,-42.24163783936683,42.24163783936683,0.9615800384525807,38.0,38.0,0.0,projection_above_leap
esto__04__International_marine_bunkers,LNG,Target,,,,,,79.77622626893681,121.3609649,-41.58473863106319,41.58473863106319,1.5212673070154412,38.0,38.0,0.0,projection_above_leap
esto__09_07__Oil_refineries,Other hydrocarbons,Target,-1206.0798889347284,,,,,-1201.526077051565,-1162.867540809916,-38.65853624164902,38.65853624164902,0.9678254704745872,38.0,38.0,0.0,projection_above_leap
esto__07__Total_primary_energy_supply,Coal nonspecified,Target,40.24427130680856,,,,,38.11970448157084,0.0,38.11970448157084,38.11970448157084,0.0,38.0,38.0,0.0,
esto__13__Total_final_energy_consumption,Coal nonspecified,Target,40.24427130680856,,,,,38.119704481570835,0.0,38.119704481570835,38.119704481570835,0.0,38.0,38.0,0.0,
esto__14_03__Manufacturing,Coal nonspecified,Target,40.24427130680856,,,,,38.119704481570835,0.0,38.119704481570835,38.119704481570835,0.0,38.0,38.0,0.0,
esto__14__Industry_sector,Coal nonspecified,Target,40.24427130680856,,,,,38.119704481570835,0.0,38.119704481570835,38.119704481570835,0.0,38.0,38.0,0.0,
esto__07__Total_primary_energy_supply,Geothermal,Target,674.8792073915577,,,,,730.1453682781273,692.7931374,37.35223087812733,37.35223087812733,0.9488427476213215,38.0,38.0,0.0,
template__Power__Electricity_plants,Geothermal,Target,-659.9999999999993,,,,,-714.6562226955882,-677.9139494,-36.742273295588234,36.742273295588234,0.9485874856626851,38.0,38.0,0.0,projection_above_leap
esto__09__Total_transformation_sector,Geothermal,Target,-659.9999999999993,,,,,-714.6562226955881,-677.9139494,-36.74227329558812,36.74227329558812,0.9485874856626852,38.0,38.0,0.0,projection_above_leap
esto__02__Imports,Refinery gas (not liquefied),Target,0.3785355271283914,,,,,97.05500218326048,60.8886402,36.16636198326049,36.16636198326049,0.6273622052475903,38.0,38.0,0.0,
esto__15_03__Rail,Electricity,Target,26.29472800004369,,,,,44.35805430294202,78.82393028999999,-34.46587598705797,34.46587598705797,1.7769925108002773,38.0,38.0,0.0,projection_above_leap
esto__09_07__Oil_refineries,Kerosene,Target,34.101,,,,,33.79965958800011,0.0058492702350333,33.79381031776508,33.79381031776508,0.00017305707531770426,38.0,38.0,0.0,
esto__16_01__Commercial_and_public_services,LPG,Target,72.09205246380296,,,,,104.33598221763826,71.23285457,33.10312764763826,33.10312764763826,0.6827256815526285,38.0,38.0,0.0,
esto__05__International_aviation_bunkers,Kerosene type jet fuel,Target,959.5132058991248,,,,,1205.9902590533213,1237.825086,-31.83482694667873,31.83482694667873,1.0263972504816652,38.0,38.0,0.0,projection_above_leap
esto__03__Exports,Biogasoline,Target,-113.07453626499999,,,,,-157.74269019799996,-126.36646620866372,-31.37622398933624,31.37622398933624,0.8010923742333003,38.0,38.0,0.0,projection_above_leap
esto__15_02__Road,Natural gas,Target,64.22128521709193,,,,,36.74082369511869,65.57067402300001,-28.829850327881317,28.829850327881317,1.7846816545844504,38.0,38.0,0.0,projection_above_leap
esto__15_03__Rail,Biodiesel,Target,32.157973000060274,,,,,50.239235249598536,21.594460021,28.644775228598537,28.644775228598537,0.4298325783367206,38.0,38.0,0.0,
esto__14_03_04__Non-metallic_mineral_products,Bitumen,Target,0.1525137974539428,,,,,0.14522006908384696,28.46313354,-28.317913470916153,28.317913470916153,195.9999999970114,38.0,38.0,0.0,projection_above_leap
esto__02__Imports,Fuel oil,Target,288.71333848780625,,,,,0.044324933595914585,28.096274307596104,-28.05194937400019,28.05194937400019,633.8706463439739,38.0,38.0,0.0,projection_above_leap
esto__09_07__Oil_refineries,Natural gas liquids,Target,-554.9447341724209,,,,,-788.5014880650896,-761.9640521539845,-26.537435911105035,26.537435911105035,0.9663444694616551,38.0,38.0,0.0,projection_above_leap
esto__07__Total_primary_energy_supply,of which: Photovoltaics,Target,399.35999999999945,,,,,3163.146545323163,3137.680385,25.466160323162967,25.466160323162967,0.9919491051210334,38.0,38.0,0.0,
esto__09__Total_transformation_sector,of which: Photovoltaics,Target,-399.35999999999945,,,,,-3163.146545323163,-3137.680385,-25.466160323162967,25.466160323162967,0.9919491051210334,38.0,38.0,0.0,projection_above_leap
template__Power__Electricity_plants,of which: Photovoltaics,Target,-399.35999999999945,,,,,-3163.146545323163,-3137.680385,-25.466160323162967,25.466160323162967,0.9919491051210334,38.0,38.0,0.0,projection_above_leap
esto__14_03_11__Non-specified_industry,Anthracite,Target,1.8193773418583963,,,,,1.5694103936516919,25.11056631,-23.54115591634831,23.54115591634831,16.000000007374062,26.0,38.0,0.0,projection_above_leap
esto__15_04__Domestic_navigation,Gas/diesel oil,Target,156.8921780008045,,,,,166.79428037354012,190.012053234,-23.21777286045989,23.21777286045989,1.1392000541533145,38.0,38.0,0.0,projection_above_leap
esto__09__Total_transformation_sector,Fuel oil,Target,543.8083279999964,,,,,577.405669244532,600.2143414367922,-22.808672192260246,22.808672192260246,1.0395019886488173,38.0,38.0,0.0,projection_above_leap
esto__14_03_04__Non-metallic_mineral_products,Coal nonspecified,Target,22.49902909184523,,,,,22.145147650357877,0.0,22.145147650357877,22.145147650357877,0.0,38.0,38.0,0.0,
esto__05__International_aviation_bunkers,Hydrogen,Target,,,,,,21.95841981886318,0.0,21.95841981886318,21.95841981886318,0.0,38.0,38.0,0.0,
esto__16_01__Commercial_and_public_services,Motor gasoline,Target,124.57421036193608,,,,,144.71757529312146,123.4006273,21.31694799312146,21.31694799312146,0.8526996603560792,38.0,38.0,0.0,
esto__09_07__Oil_refineries,Fuel oil,Target,545.616,,,,,581.2020464454558,602.2131751817922,-21.01112873633633,21.01112873633633,1.0361511609686118,38.0,38.0,0.0,projection_above_leap
esto__14_03_08__Pulp__paper_and_printing,Anthracite,Target,1.729956900950264,,,,,1.3302416007748588,21.28386561,-19.95362400922514,19.95362400922514,15.999999998197515,25.0,38.0,0.0,projection_above_leap
esto__14_03_11__Non-specified_industry,BKB/PB,Target,0.37489215051546815,,,,,0.30366750767103357,19.4347205,-19.131052992328968,19.131052992328968,64.00000002981503,23.0,38.0,0.0,projection_above_leap
esto__16_01__Commercial_and_public_services,Gas/diesel oil,Target,310.50274606432333,,,,,320.021861358194,301.348041,18.67382035819395,18.67382035819395,0.9416482977789673,38.0,38.0,0.0,
esto__13__Total_final_energy_consumption,Ammonia,Target,,,,,,18.546905172087175,0.0,18.546905172087175,18.546905172087175,0.0,38.0,38.0,0.0,
esto__15__Transport_sector,Ammonia,Target,,,,,,18.546905172087175,0.0,18.546905172087175,18.546905172087175,0.0,38.0,38.0,0.0,
esto__14_03_02__Chemical__incl__petrochemical,Bitumen,Target,0.09132196909575686,,,,,0.09152159249998797,17.93823213,-17.846710537500012,17.846710537500012,196.00000000002575,38.0,38.0,0.0,projection_above_leap
esto__09_07__Oil_refineries,LPG,Target,511.51499999999993,,,,,492.065584179982,509.8546049073187,-17.789020727336663,17.789020727336663,1.0361517271259313,38.0,38.0,0.0,projection_above_leap
esto__14_03_11__Non-specified_industry,Bitumen,Target,0.09795755964559834,,,,,0.0885398067961282,17.35380214,-17.26526233320387,17.26526233320387,196.0000000898903,29.0,38.0,0.0,projection_above_leap
esto__09_12__Non-specified_transformation,Other hydrocarbons,Target,211.36776799999998,,,,,242.87018254700007,259.6726622566886,-16.802479709688555,16.802479709688555,1.0691829665275479,38.0,38.0,0.0,projection_above_leap
esto__04__International_marine_bunkers,Ammonia,Target,,,,,,14.556392199386925,0.0,14.556392199386925,14.556392199386925,0.0,35.0,38.0,0.0,
esto__14_03_04__Non-metallic_mineral_products,Other biomass,Target,0.06348703714425623,,,,,0.054537260039886924,13.96153857,-13.907001309960114,13.907001309960114,255.99999999613013,38.0,38.0,0.0,projection_above_leap
esto__14_03_07__Food__beverages_and_tobacco,Other biomass,Target,0.09395394185097747,,,,,0.054361394777288366,13.91651706,-13.862155665222712,13.862155665222712,255.9999999450746,15.0,38.0,0.0,projection_above_leap
esto__09_13_03__SMR_w_CCS,Ammonia,Target,,,,,,12.32573867216344,0.0,12.32573867216344,12.32573867216344,0.0,38.0,38.0,0.0,
esto__09_13__Hydrogen_transformation,Ammonia,Target,,,,,,12.32573867216344,0.0,12.32573867216344,12.32573867216344,0.0,38.0,38.0,0.0,
esto__09__Total_transformation_sector,Ammonia,Target,,,,,,12.32573867216344,0.0,12.32573867216344,12.32573867216344,0.0,38.0,38.0,0.0,
esto__09_08__Coal_transformation,Other bituminous coal,Target,-294.97787629917815,,,,,-3.5066202294386404,-15.64000136,12.133381130561359,12.133381130561359,4.4601354970520255,38.0,38.0,0.0,
esto__13__Total_final_energy_consumption,Solar nonspecified,Target,131.26233033320145,,,,,148.07008188978446,136.03857809,12.031503799784474,12.031503799784474,0.9187445320065394,38.0,38.0,0.0,
esto__16_01__Commercial_and_public_services,Anthracite,Target,0.026439935385600005,,,,,0.027081196826681843,11.50842501,-11.481343813173318,11.481343813173318,424.959985470852,38.0,38.0,0.0,projection_above_leap
esto__01__Production,Municipal solid waste (renewable),Target,14.303679765470502,,,,,20.1769822486,10.24634853,9.930633718600001,9.930633718600001,0.5078236380324394,38.0,38.0,0.0,
esto__09__Total_transformation_sector,Lignite,Target,-671.9669559999686,,,,,-540.4140100870973,-550.089008541,9.674998453902731,9.674998453902731,1.0179029378833895,38.0,38.0,0.0,
esto__01__Production,Lignite,Target,677.618538003367,,,,,545.3343584912162,555.009356945,-9.674998453783815,9.674998453783815,1.0177414063558214,38.0,38.0,0.0,projection_above_leap
esto__07__Total_primary_energy_supply,Lignite,Target,677.285298030967,,,,,545.3343584912162,555.009356945,-9.674998453783815,9.674998453783815,1.0177414063558214,38.0,38.0,0.0,projection_above_leap
template__Power__Electricity_plants,Lignite,Target,-600.1999999999991,,,,,-540.4140100870973,-550.0501831,9.63617301290276,9.63617301290276,1.017831094000227,38.0,38.0,0.0,
esto__16_01__Commercial_and_public_services,Solar nonspecified,Target,74.08010496304597,,,,,86.05868852440805,77.12195943,8.93672909440805,8.93672909440805,0.8961554115262469,38.0,38.0,0.0,
esto__15_04__Domestic_navigation,Biodiesel,Target,8.606327000036396,,,,,15.74553593946078,7.917168886,7.82836705346078,7.82836705346078,0.502819905047394,38.0,38.0,0.0,
esto__09_07__Oil_refineries,Naphtha,Target,238.70699999999997,,,,,193.0251239547263,200.00326898940747,-6.978145034681177,6.978145034681177,1.036151485836206,38.0,38.0,0.0,projection_above_leap
esto__09__Total_transformation_sector,Naphtha,Target,238.70699999999997,,,,,193.0251239547263,200.00326898940747,-6.978145034681177,6.978145034681177,1.036151485836206,38.0,38.0,0.0,projection_above_leap
esto__15_01__Domestic_air_transport,Hydrogen,Target,,,,,,6.882815662227517,0.0,6.882815662227517,6.882815662227517,0.0,38.0,38.0,0.0,
esto__14_03_07__Food__beverages_and_tobacco,Coal nonspecified,Target,6.651930378019081,,,,,6.537149395162532,0.0,6.537149395162532,6.537149395162532,0.0,38.0,38.0,0.0,
esto__16_01__Commercial_and_public_services,Other biomass,Target,30.156463535748497,,,,,38.19220076023888,31.79502304,6.397177720238883,6.397177720238883,0.8325004165012965,38.0,38.0,0.0,
esto__14_03_02__Chemical__incl__petrochemical,Coal nonspecified,Target,6.8114736575510655,,,,,6.260049774998519,0.0,6.260049774998519,6.260049774998519,0.0,31.0,38.0,0.0,
esto__02__Imports,Ammonia,Target,,,,,,6.2211664999237355,0.0,6.2211664999237355,6.2211664999237355,0.0,31.0,38.0,0.0,
esto__07__Total_primary_energy_supply,Ammonia,Target,,,,,,6.2211664999237355,0.0,6.2211664999237355,6.2211664999237355,0.0,31.0,38.0,0.0,
template__Power__Electricity_plants,Industrial waste,Target,,,,,,-5.656762312113655,0.0,-5.656762312113655,5.656762312113655,-0.0,38.0,38.0,0.0,projection_above_leap
esto__15_04__Domestic_navigation,Fuel oil,Target,23.030180000050407,,,,,20.493954419541865,25.535733172,-5.041778752458136,5.041778752458136,1.2460129777418936,38.0,38.0,0.0,projection_above_leap
esto__13__Total_final_energy_consumption,Black liqour,Target,5.004190541381777,,,,,4.965316859283927,0.0,4.965316859283927,4.965316859283927,0.0,38.0,38.0,0.0,
esto__13__Total_final_energy_consumption,Charcoal,Target,5.004190541381776,,,,,4.965316859283927,0.0,4.965316859283927,4.965316859283927,0.0,38.0,38.0,0.0,
esto__14_03__Manufacturing,Bio jet kerosene,Target,4.973345043755708,,,,,4.965316859283927,0.0,4.965316859283927,4.965316859283927,0.0,38.0,38.0,0.0,
esto__14_03__Manufacturing,Biogasoline,Target,4.973345043755707,,,,,4.965316859283927,0.0,4.965316859283927,4.965316859283927,0.0,38.0,38.0,0.0,
esto__14_03__Manufacturing,Black liqour,Target,4.973345043755708,,,,,4.965316859283927,0.0,4.965316859283927,4.965316859283927,0.0,38.0,38.0,0.0,
esto__14_03__Manufacturing,Charcoal,Target,4.973345043755708,,,,,4.965316859283927,0.0,4.965316859283927,4.965316859283927,0.0,38.0,38.0,0.0,
esto__14_03__Manufacturing,Municipal solid waste (renewable),Target,4.973345043755708,,,,,4.965316859283927,0.0,4.965316859283927,4.965316859283927,0.0,38.0,38.0,0.0,
esto__14__Industry_sector,Bio jet kerosene,Target,5.004190541381776,,,,,4.965316859283927,0.0,4.965316859283927,4.965316859283927,0.0,38.0,38.0,0.0,
esto__14__Industry_sector,Biogasoline,Target,5.004190541381775,,,,,4.965316859283927,0.0,4.965316859283927,4.965316859283927,0.0,38.0,38.0,0.0,
esto__14__Industry_sector,Black liqour,Target,5.004190541381777,,,,,4.965316859283927,0.0,4.965316859283927,4.965316859283927,0.0,38.0,38.0,0.0,
esto__14__Industry_sector,Charcoal,Target,5.004190541381776,,,,,4.965316859283927,0.0,4.965316859283927,4.965316859283927,0.0,38.0,38.0,0.0,
esto__14__Industry_sector,Municipal solid waste (renewable),Target,5.004190541381776,,,,,4.965316859283927,0.0,4.965316859283927,4.965316859283927,0.0,38.0,38.0,0.0,
esto__01__Production,Bagasse,Target,,,,,,4.965316859283926,0.0,4.965316859283926,4.965316859283926,0.0,2.0,38.0,0.0,
esto__01__Production,Black liqour,Target,5.004190541381777,,,,,4.965316859283926,0.0,4.965316859283926,4.965316859283926,0.0,38.0,38.0,0.0,
esto__01__Production,Fuelwood & woodwaste,Target,,,,,,4.965316859283926,0.0,4.965316859283926,4.965316859283926,0.0,2.0,38.0,0.0,
esto__02__Imports,Charcoal,Target,5.004190541381777,,,,,4.965316859283926,0.0,4.965316859283926,4.965316859283926,0.0,38.0,38.0,0.0,
esto__02__Imports,Other sources,Target,5.004190541381777,,,,,4.965316859283926,0.0,4.965316859283926,4.965316859283926,0.0,38.0,38.0,0.0,
esto__07__Total_primary_energy_supply,Bagasse,Target,5.004190541381777,,,,,4.965316859283926,0.0,4.965316859283926,4.965316859283926,0.0,38.0,38.0,0.0,
esto__07__Total_primary_energy_supply,Black liqour,Target,5.004190541381777,,,,,4.965316859283926,0.0,4.965316859283926,4.965316859283926,0.0,38.0,38.0,0.0,
esto__07__Total_primary_energy_supply,Charcoal,Target,5.004190541381777,,,,,4.965316859283926,0.0,4.965316859283926,4.965316859283926,0.0,38.0,38.0,0.0,
esto__07__Total_primary_energy_supply,Fuelwood & woodwaste,Target,5.004190541381777,,,,,4.965316859283926,0.0,4.965316859283926,4.965316859283926,0.0,38.0,38.0,0.0,
esto__13__Total_final_energy_consumption,Bagasse,Target,5.004190541381777,,,,,4.965316859283926,0.0,4.965316859283926,4.965316859283926,0.0,38.0,38.0,0.0,
esto__13__Total_final_energy_consumption,Fuelwood & woodwaste,Target,5.004190541381776,,,,,4.965316859283926,0.0,4.965316859283926,4.965316859283926,0.0,38.0,38.0,0.0,
esto__13__Total_final_energy_consumption,Other sources,Target,5.004190541381777,,,,,4.965316859283926,0.0,4.965316859283926,4.965316859283926,0.0,38.0,38.0,0.0,
esto__14_03__Manufacturing,Bagasse,Target,4.973345043755709,,,,,4.965316859283926,0.0,4.965316859283926,4.965316859283926,0.0,38.0,38.0,0.0,
esto__14_03__Manufacturing,Fuelwood & woodwaste,Target,4.973345043755707,,,,,4.965316859283926,0.0,4.965316859283926,4.965316859283926,0.0,38.0,38.0,0.0,
esto__14_03__Manufacturing,Municipal solid waste (non-renewable),Target,4.973345043755707,,,,,4.965316859283926,0.0,4.965316859283926,4.965316859283926,0.0,38.0,38.0,0.0,
esto__14_03__Manufacturing,Other sources,Target,4.973345043755709,,,,,4.965316859283926,0.0,4.965316859283926,4.965316859283926,0.0,38.0,38.0,0.0,
esto__14__Industry_sector,Bagasse,Target,5.004190541381777,,,,,4.965316859283926,0.0,4.965316859283926,4.965316859283926,0.0,38.0,38.0,0.0,
esto__14__Industry_sector,Fuelwood & woodwaste,Target,5.004190541381776,,,,,4.965316859283926,0.0,4.965316859283926,4.965316859283926,0.0,38.0,38.0,0.0,
esto__14__Industry_sector,Municipal solid waste (non-renewable),Target,5.004190541381775,,,,,4.965316859283926,0.0,4.965316859283926,4.965316859283926,0.0,38.0,38.0,0.0,
esto__14__Industry_sector,Other sources,Target,5.004190541381777,,,,,4.965316859283926,0.0,4.965316859283926,4.965316859283926,0.0,38.0,38.0,0.0,
esto__14_03__Manufacturing,Biodiesel,Target,4.973345043755708,,,,,4.965316859283927,0.025642165,4.939674694283927,4.939674694283927,0.005164255520180032,38.0,38.0,0.0,
esto__14__Industry_sector,Biodiesel,Target,5.004190541381777,,,,,4.965316859283927,0.025642165,4.939674694283927,4.939674694283927,0.005164255520180032,38.0,38.0,0.0,
esto__14_03__Manufacturing,Biogas,Target,4.973345043755707,,,,,4.965316859283926,0.0971126,4.868204259283926,4.868204259283926,0.01955818787645409,38.0,38.0,0.0,
esto__14__Industry_sector,Biogas,Target,5.004190541381775,,,,,4.965316859283926,0.0971126,4.868204259283926,4.868204259283926,0.01955818787645409,38.0,38.0,0.0,
esto__13__Total_final_energy_consumption,Biogas,Target,7.993264962355365,,,,,8.01597987831889,3.323483817,4.69249606131889,4.69249606131889,0.4146073053388204,38.0,38.0,0.0,
template__Power__Electricity_plants,Hydrogen,Target,,,,,,-4.54523740793272,0.0,-4.54523740793272,4.54523740793272,-0.0,35.0,38.0,0.0,projection_above_leap
esto__14_03_08__Pulp__paper_and_printing,Bagasse,Target,4.277841557292274,,,,,4.385441448947945,0.0,4.385441448947945,4.385441448947945,0.0,38.0,38.0,0.0,
esto__14_03_08__Pulp__paper_and_printing,Bio jet kerosene,Target,4.277841557292274,,,,,4.385441448947945,0.0,4.385441448947945,4.385441448947945,0.0,38.0,38.0,0.0,
esto__14_03_08__Pulp__paper_and_printing,Biogasoline,Target,4.277841557292274,,,,,4.385441448947945,0.0,4.385441448947945,4.385441448947945,0.0,38.0,38.0,0.0,
esto__14_03_08__Pulp__paper_and_printing,Black liqour,Target,4.277841557292274,,,,,4.385441448947945,0.0,4.385441448947945,4.385441448947945,0.0,38.0,38.0,0.0,
esto__14_03_08__Pulp__paper_and_printing,Charcoal,Target,4.277841557292274,,,,,4.385441448947945,0.0,4.385441448947945,4.385441448947945,0.0,38.0,38.0,0.0,
esto__14_03_08__Pulp__paper_and_printing,Fuelwood & woodwaste,Target,4.277841557292274,,,,,4.385441448947945,0.0,4.385441448947945,4.385441448947945,0.0,38.0,38.0,0.0,
esto__14_03_08__Pulp__paper_and_printing,Municipal solid waste (non-renewable),Target,4.277841557292274,,,,,4.385441448947945,0.0,4.385441448947945,4.385441448947945,0.0,38.0,38.0,0.0,
esto__14_03_08__Pulp__paper_and_printing,Municipal solid waste (renewable),Target,4.277841557292274,,,,,4.385441448947945,0.0,4.385441448947945,4.385441448947945,0.0,38.0,38.0,0.0,
esto__14_03_08__Pulp__paper_and_printing,Other sources,Target,4.277841557292274,,,,,4.385441448947945,0.0,4.385441448947945,4.385441448947945,0.0,38.0,38.0,0.0,
esto__14_03_08__Pulp__paper_and_printing,Biodiesel,Target,4.277841557292274,,,,,4.385441448947945,0.025642165,4.359799283947945,4.359799283947945,0.005847111470648294,38.0,38.0,0.0,
esto__13__Total_final_energy_consumption,Municipal solid waste (renewable),Target,14.303679765470502,,,,,14.577643105876833,10.24634853,4.331294575876832,4.331294575876832,0.7028810113940357,38.0,38.0,0.0,
esto__14_03_08__Pulp__paper_and_printing,Biogas,Target,4.277841557292274,,,,,4.385441448947945,0.0971126,4.288328848947945,4.288328848947945,0.022144315716105853,38.0,38.0,0.0,
esto__13__Total_final_energy_consumption,Municipal solid waste (non-renewable),Target,16.370080498140588,,,,,16.713558650998902,12.52340251,4.190156140998901,4.190156140998901,0.7492959920448496,38.0,38.0,0.0,
esto__15_04__Domestic_navigation,Ammonia,Target,,,,,,3.9905129727002504,0.0,3.9905129727002504,3.9905129727002504,0.0,38.0,38.0,0.0,
esto__09__Total_transformation_sector,Biodiesel,Target,,,,,,-3.8568833946229466,0.0,-3.8568833946229466,3.8568833946229466,-0.0,38.0,38.0,0.0,projection_above_leap
template__Power__Electricity_plants,Fuel oil,Target,,,,,,-3.75205226732799,0.0,-3.75205226732799,3.75205226732799,-0.0,19.0,38.0,0.0,projection_above_leap
esto__16_02__Residential,Solar nonspecified,Target,57.18222537015548,,,,,62.011393365376414,58.91661866,3.094774705376416,3.094774705376416,0.9500934499706895,38.0,38.0,0.0,
esto__15_01__Domestic_air_transport,Electricity,Target,,,,,,6.450010414036259,3.481455484,2.9685549300362593,2.9685549300362593,0.5397596686702697,38.0,38.0,0.0,
esto__16_02__Residential,Other biomass,Target,540.1703925962594,,,,,553.45491965891,556.3604985,-2.905578841090005,2.905578841090005,1.0052498925167757,38.0,38.0,0.0,projection_above_leap
esto__13__Total_final_energy_consumption,Heat,Target,228.90343295484269,,,,,250.3808238192838,247.560509593,2.8203142262837844,2.8203142262837844,0.9887359016426938,38.0,38.0,0.0,
esto__16_01__Commercial_and_public_services,Heat,Target,48.03593287956955,,,,,52.828518449739406,50.00820423,2.8203142197394087,2.8203142197394087,0.9466137930325903,38.0,38.0,0.0,
template__Power__Electricity_plants,Gas/diesel oil,Target,,,,,,-2.6434913701629026,0.0,-2.6434913701629026,2.6434913701629026,-0.0,19.0,38.0,0.0,projection_above_leap
esto__14_03_08__Pulp__paper_and_printing,Other liquid biofuels,Target,4.277841557292274,,,,,4.385441448947945,6.950591207,-2.5651497580520557,2.5651497580520557,1.5849239552992842,38.0,38.0,0.0,projection_above_leap
esto__13__Total_final_energy_consumption,Blast furnace gas,Target,2.021723335095423,,,,,1.9339503545455947,4.346496835,-2.412546480454405,2.412546480454405,2.247470740282401,38.0,38.0,0.0,projection_above_leap
esto__14_03__Manufacturing,Blast furnace gas,Target,2.021723335095423,,,,,1.9339503545455947,4.346496835,-2.412546480454405,2.412546480454405,2.247470740282401,38.0,38.0,0.0,projection_above_leap
esto__14__Industry_sector,Blast furnace gas,Target,2.021723335095423,,,,,1.9339503545455947,4.346496835,-2.412546480454405,2.412546480454405,2.247470740282401,38.0,38.0,0.0,projection_above_leap
esto__02__Imports,Coke oven gas,Target,24.442522335083996,,,,,2.1763518147543675,0.0,2.1763518147543675,2.1763518147543675,0.0,38.0,38.0,0.0,
esto__07__Total_primary_energy_supply,Coke oven gas,Target,24.442522335083996,,,,,2.1763518147543675,4.346496835,-2.1701450202456325,2.1701450202456325,1.9971480739158731,38.0,38.0,0.0,projection_above_leap
esto__13__Total_final_energy_consumption,Other liquid biofuels,Target,5.004190541381775,,,,,4.965316859283927,6.950591207,-1.9852743477160733,1.9852743477160733,1.399828329989474,38.0,38.0,0.0,projection_above_leap
esto__14_03__Manufacturing,Other liquid biofuels,Target,4.973345043755707,,,,,4.965316859283927,6.950591207,-1.9852743477160733,1.9852743477160733,1.399828329989474,38.0,38.0,0.0,projection_above_leap
esto__14__Industry_sector,Other liquid biofuels,Target,5.004190541381775,,,,,4.965316859283927,6.950591207,-1.9852743477160733,1.9852743477160733,1.399828329989474,38.0,38.0,0.0,projection_above_leap
esto__14_03_01__Iron_and_steel,Anthracite,Target,0.5807840038022277,,,,,0.27770566662535784,2.221645333,-1.9439396663746422,1.9439396663746422,7.999999999989692,14.0,38.0,0.0,projection_above_leap
esto__02__Imports,BKB/PB,Target,2.021723335095423,,,,,1.9339503545455947,0.0,1.9339503545455947,1.9339503545455947,0.0,38.0,38.0,0.0,
esto__07__Total_primary_energy_supply,BKB/PB,Target,2.021723335095423,,,,,1.9339503545455947,0.0,1.9339503545455947,1.9339503545455947,0.0,38.0,38.0,0.0,
esto__09__Total_transformation_sector,Blast furnace gas,Target,78.62300000000016,,,,,1.9339503545455947,0.0,1.9339503545455947,1.9339503545455947,0.0,38.0,38.0,0.0,
esto__14_03_06__Machinery,Bitumen,Target,0.01300783332008276,,,,,0.00930872028636625,1.824509176,-1.8152004557136339,1.8152004557136339,195.99999998627257,18.0,38.0,0.0,projection_above_leap
template__Power__Electricity_plants,Petroleum coke,Target,,,,,,-1.7907522184974503,0.0,-1.7907522184974503,1.7907522184974503,-0.0,19.0,38.0,0.0,projection_above_leap
esto__14_03_01__Iron_and_steel,Blast furnace gas,Target,1.646831184579955,,,,,1.6302828468745614,0.0,1.6302828468745614,1.6302828468745614,0.0,38.0,38.0,0.0,
esto__14_03_11__Non-specified_industry,Coal nonspecified,Target,1.8193773418583963,,,,,1.5694103936516919,0.0,1.5694103936516919,1.5694103936516919,0.0,26.0,38.0,0.0,
esto__02__Imports,Other liquid biofuels,Target,,,,,,5.479567978566986,6.950591207,-1.4710232284330145,1.4710232284330145,1.2684560597088743,38.0,38.0,0.0,projection_above_leap
esto__07__Total_primary_energy_supply,Other liquid biofuels,Target,5.004190541381777,,,,,5.479567978566986,6.950591207,-1.4710232284330145,1.4710232284330145,1.2684560597088743,38.0,38.0,0.0,projection_above_leap
esto__15_01__Domestic_air_transport,Aviation gasoline,Target,21.720474000023614,,,,,25.196896197905065,26.572626196999998,-1.3757299990949328,1.3757299990949328,1.0545991850857137,38.0,38.0,0.0,projection_above_leap
esto__14_03_08__Pulp__paper_and_printing,Coal nonspecified,Target,1.729956900950264,,,,,1.3302416007748588,0.0,1.3302416007748588,1.3302416007748588,0.0,25.0,38.0,0.0,
esto__15__Transport_sector,Aviation gasoline,Target,21.909888421555465,,,,,25.28925106998035,26.572626196999998,-1.2833751270196494,1.2833751270196494,1.0507478502810659,38.0,38.0,0.0,projection_above_leap
esto__14_03_11__Non-specified_industry,Other biomass,Target,0.030790445479394055,,,,,0.004781773919671262,1.224134124,-1.219352350080329,1.219352350080329,256.0000001179807,9.0,38.0,0.0,projection_above_leap
esto__15_02__Road,LPG,Target,2.3885644206551957,,,,,1.462960367020034,2.445536652,-0.982576284979966,0.982576284979966,1.671635614422978,38.0,38.0,0.0,projection_above_leap
esto__15__Transport_sector,LPG,Target,2.4171605133347343,,,,,1.488261035429292,2.445536652,-0.9572756165707079,0.9572756165707079,1.643217549732181,38.0,38.0,0.0,projection_above_leap
esto__13__Total_final_energy_consumption,Aviation gasoline,Target,22.288423948683857,,,,,25.625979253478516,26.572626197,-0.9466469435214862,0.9466469435214862,1.0369409080588787,38.0,38.0,0.0,projection_above_leap
esto__15_04__Domestic_navigation,Electricity,Target,,,,,,0.9834778428194512,0.053099380999999994,0.9303784618194512,0.9303784618194512,0.05399143599186106,38.0,38.0,0.0,
esto__16_01__Commercial_and_public_services,Fuel oil,Target,20.578286899565025,,,,,21.31478503868774,20.53943476,0.7753502786877426,0.7753502786877426,0.9636238283763862,38.0,38.0,0.0,
esto__16_01__Commercial_and_public_services,Municipal solid waste (non-renewable),Target,11.365889956758812,,,,,11.748241791714975,12.52340251,-0.7751607182850258,0.7751607182850258,1.0659809980104156,38.0,38.0,0.0,projection_above_leap
esto__16_01__Commercial_and_public_services,Municipal solid waste (renewable),Target,9.299489224088726,,,,,9.612326246592906,10.24634853,-0.634022283407095,0.634022283407095,1.065959297171361,38.0,38.0,0.0,projection_above_leap
esto__13__Total_final_energy_consumption,Geothermal,Target,14.879207391558317,,,,,15.489145582539182,14.879188,0.6099575825391828,0.6099575825391828,0.9606203209022205,38.0,38.0,0.0,
esto__16_02__Residential,Geothermal,Target,14.879207391558317,,,,,15.489145582539182,14.879188,0.6099575825391828,0.6099575825391828,0.9606203209022205,38.0,38.0,0.0,
esto__15_04__Domestic_navigation,LNG,Target,,,,,,6.983388908966695,7.5409063210000005,-0.5575174120333051,0.5575174120333051,1.079834793579583,38.0,38.0,0.0,projection_above_leap
esto__15_04__Domestic_navigation,Motor gasoline,Target,140.32430700009724,,,,,143.55102483907393,142.99564990599998,0.5553749330739493,0.5553749330739493,0.9961311670627462,38.0,38.0,0.0,
esto__09__Total_transformation_sector,Other liquid biofuels,Target,,,,,,-0.5142511192830596,0.0,-0.5142511192830596,0.5142511192830596,-0.0,38.0,38.0,0.0,projection_above_leap
esto__14_03_09__Wood_and_wood_products,Bagasse,Target,0.46168546667481863,,,,,0.4661949815991359,0.0,0.4661949815991359,0.4661949815991359,0.0,38.0,38.0,0.0,
esto__14_03_09__Wood_and_wood_products,Bio jet kerosene,Target,0.46168546667481863,,,,,0.4661949815991359,0.0,0.4661949815991359,0.4661949815991359,0.0,38.0,38.0,0.0,
esto__14_03_09__Wood_and_wood_products,Biodiesel,Target,0.46168546667481863,,,,,0.4661949815991359,0.0,0.4661949815991359,0.4661949815991359,0.0,38.0,38.0,0.0,
esto__14_03_09__Wood_and_wood_products,Biogas,Target,0.46168546667481863,,,,,0.4661949815991359,0.0,0.4661949815991359,0.4661949815991359,0.0,38.0,38.0,0.0,
esto__14_03_09__Wood_and_wood_products,Biogasoline,Target,0.46168546667481863,,,,,0.4661949815991359,0.0,0.4661949815991359,0.4661949815991359,0.0,38.0,38.0,0.0,
esto__14_03_09__Wood_and_wood_products,Black liqour,Target,0.46168546667481863,,,,,0.4661949815991359,0.0,0.4661949815991359,0.4661949815991359,0.0,38.0,38.0,0.0,
esto__14_03_09__Wood_and_wood_products,Charcoal,Target,0.46168546667481863,,,,,0.4661949815991359,0.0,0.4661949815991359,0.4661949815991359,0.0,38.0,38.0,0.0,
esto__14_03_09__Wood_and_wood_products,Fuelwood & woodwaste,Target,0.46168546667481863,,,,,0.4661949815991359,0.0,0.4661949815991359,0.4661949815991359,0.0,38.0,38.0,0.0,
esto__14_03_09__Wood_and_wood_products,Industrial waste,Target,0.46168546667481863,,,,,0.4661949815991359,0.0,0.4661949815991359,0.4661949815991359,0.0,38.0,38.0,0.0,
esto__14_03_09__Wood_and_wood_products,Municipal solid waste (non-renewable),Target,0.46168546667481863,,,,,0.4661949815991359,0.0,0.4661949815991359,0.4661949815991359,0.0,38.0,38.0,0.0,
esto__14_03_09__Wood_and_wood_products,Municipal solid waste (renewable),Target,0.46168546667481863,,,,,0.4661949815991359,0.0,0.4661949815991359,0.4661949815991359,0.0,38.0,38.0,0.0,
esto__14_03_09__Wood_and_wood_products,Other liquid biofuels,Target,0.46168546667481863,,,,,0.4661949815991359,0.0,0.4661949815991359,0.4661949815991359,0.0,38.0,38.0,0.0,
esto__14_03_09__Wood_and_wood_products,Other sources,Target,0.46168546667481863,,,,,0.4661949815991359,0.0,0.4661949815991359,0.4661949815991359,0.0,38.0,38.0,0.0,
esto__13__Total_final_energy_consumption,Kerosene,Target,9.685633093407915,,,,,10.012733363438754,9.562005003,0.4507283604387542,0.4507283604387542,0.9549844838488781,38.0,38.0,0.0,
esto__13__Total_final_energy_consumption,Ethane,Target,0.3785355271283914,,,,,0.33672818349816663,0.0,0.33672818349816663,0.33672818349816663,0.0,38.0,38.0,0.0,
esto__14_03__Manufacturing,Ethane,Target,0.3785355271283914,,,,,0.33672818349816663,0.0,0.33672818349816663,0.33672818349816663,0.0,38.0,38.0,0.0,
esto__14__Industry_sector,Ethane,Target,0.3785355271283914,,,,,0.33672818349816663,0.0,0.33672818349816663,0.33672818349816663,0.0,38.0,38.0,0.0,
esto__02__Imports,Gasoline type jet fuel,Target,0.3785355271283914,,,,,0.3367281834981666,0.0,0.3367281834981666,0.3367281834981666,0.0,38.0,38.0,0.0,
esto__13__Total_final_energy_consumption,Naphtha,Target,0.37853552712839145,,,,,0.3367281834981666,0.0,0.3367281834981666,0.3367281834981666,0.0,38.0,38.0,0.0,
esto__13__Total_final_energy_consumption,PetProd nonspecified,Target,0.3785355271283914,,,,,0.3367281834981666,0.0,0.3367281834981666,0.3367281834981666,0.0,38.0,38.0,0.0,
esto__13__Total_final_energy_consumption,Refinery gas (not liquefied),Target,0.3785355271283914,,,,,0.3367281834981666,0.0,0.3367281834981666,0.3367281834981666,0.0,38.0,38.0,0.0,
esto__14_03__Manufacturing,Aviation gasoline,Target,0.37853552712839145,,,,,0.3367281834981666,0.0,0.3367281834981666,0.3367281834981666,0.0,38.0,38.0,0.0,
esto__14_03__Manufacturing,Gasoline type jet fuel,Target,0.3785355271283914,,,,,0.3367281834981666,0.0,0.3367281834981666,0.3367281834981666,0.0,38.0,38.0,0.0,
esto__14_03__Manufacturing,Kerosene,Target,0.3785355271283914,,,,,0.3367281834981666,0.0,0.3367281834981666,0.3367281834981666,0.0,38.0,38.0,0.0,
esto__14_03__Manufacturing,Naphtha,Target,0.37853552712839145,,,,,0.3367281834981666,0.0,0.3367281834981666,0.3367281834981666,0.0,38.0,38.0,0.0,
esto__14_03__Manufacturing,PetProd nonspecified,Target,0.3785355271283914,,,,,0.3367281834981666,0.0,0.3367281834981666,0.3367281834981666,0.0,38.0,38.0,0.0,
esto__14_03__Manufacturing,Refinery gas (not liquefied),Target,0.3785355271283914,,,,,0.3367281834981666,0.0,0.3367281834981666,0.3367281834981666,0.0,38.0,38.0,0.0,
esto__14__Industry_sector,Aviation gasoline,Target,0.37853552712839145,,,,,0.3367281834981666,0.0,0.3367281834981666,0.3367281834981666,0.0,38.0,38.0,0.0,
esto__14__Industry_sector,Gasoline type jet fuel,Target,0.3785355271283914,,,,,0.3367281834981666,0.0,0.3367281834981666,0.3367281834981666,0.0,38.0,38.0,0.0,
esto__14__Industry_sector,Kerosene,Target,0.3785355271283914,,,,,0.3367281834981666,0.0,0.3367281834981666,0.3367281834981666,0.0,38.0,38.0,0.0,
esto__14__Industry_sector,Naphtha,Target,0.37853552712839145,,,,,0.3367281834981666,0.0,0.3367281834981666,0.3367281834981666,0.0,38.0,38.0,0.0,
esto__14__Industry_sector,PetProd nonspecified,Target,0.3785355271283914,,,,,0.3367281834981666,0.0,0.3367281834981666,0.3367281834981666,0.0,38.0,38.0,0.0,
esto__14__Industry_sector,Refinery gas (not liquefied),Target,0.3785355271283914,,,,,0.3367281834981666,0.0,0.3367281834981666,0.3367281834981666,0.0,38.0,38.0,0.0,
esto__14_03_08__Pulp__paper_and_printing,Bitumen,Target,0.0022816359556472095,,,,,0.0016428980920201214,0.322008026,-0.3203651279079799,0.3203651279079799,195.9999999781217,22.0,38.0,0.0,projection_above_leap
esto__09_08__Coal_transformation,Electricity,Target,-13.82861500001739,,,,,-0.30475130347141777,0.0,-0.30475130347141777,0.30475130347141777,-0.0,38.0,38.0,0.0,projection_above_leap
esto__14_03_11__Non-specified_industry,Blast furnace gas,Target,0.37489215051546815,,,,,0.30366750767103357,0.0,0.30366750767103357,0.30366750767103357,0.0,23.0,38.0,0.0,
esto__14_03_01__Iron_and_steel,Coal nonspecified,Target,0.5807840038022277,,,,,0.27770566662535784,0.0,0.27770566662535784,0.27770566662535784,0.0,14.0,38.0,0.0,
esto__09_08__Coal_transformation,Natural gas,Target,-10.851930000035042,,,,,-0.266094223198733,0.0,-0.266094223198733,0.266094223198733,-0.0,38.0,38.0,0.0,projection_above_leap
esto__16_01__Commercial_and_public_services,Biodiesel,Target,4.346861147217255,,,,,4.528677054466235,4.78952053,-0.26084347553376475,0.26084347553376475,1.0575981621998234,38.0,38.0,0.0,projection_above_leap
esto__16_02__Residential,Biodiesel,Target,5.865641378381603,,,,,6.192549515029896,6.007205443,0.18534407202989556,0.18534407202989556,0.9700698280118636,38.0,38.0,0.0,
esto__16_01__Commercial_and_public_services,Biogas,Target,2.9281854209735907,,,,,3.050663019034962,3.226371217,-0.1757081979650379,0.1757081979650379,1.0575967246689282,38.0,38.0,0.0,projection_above_leap
template__Power__Electricity_plants,Other products,Target,,,,,,-0.17054783033309046,0.0,-0.17054783033309046,0.17054783033309046,-0.0,19.0,38.0,0.0,projection_above_leap
esto__14_03_04__Non-metallic_mineral_products,Aviation gasoline,Target,0.1525137974539428,,,,,0.14522006908384696,0.0,0.14522006908384696,0.14522006908384696,0.0,38.0,38.0,0.0,
esto__14_03_04__Non-metallic_mineral_products,Ethane,Target,0.1525137974539428,,,,,0.14522006908384696,0.0,0.14522006908384696,0.14522006908384696,0.0,38.0,38.0,0.0,
esto__14_03_04__Non-metallic_mineral_products,Gasoline type jet fuel,Target,0.1525137974539428,,,,,0.14522006908384696,0.0,0.14522006908384696,0.14522006908384696,0.0,38.0,38.0,0.0,
esto__14_03_04__Non-metallic_mineral_products,Kerosene,Target,0.1525137974539428,,,,,0.14522006908384696,0.0,0.14522006908384696,0.14522006908384696,0.0,38.0,38.0,0.0,
esto__14_03_04__Non-metallic_mineral_products,Naphtha,Target,0.1525137974539428,,,,,0.14522006908384696,0.0,0.14522006908384696,0.14522006908384696,0.0,38.0,38.0,0.0,
esto__14_03_04__Non-metallic_mineral_products,PetProd nonspecified,Target,0.1525137974539428,,,,,0.14522006908384696,0.0,0.14522006908384696,0.14522006908384696,0.0,38.0,38.0,0.0,
esto__14_03_04__Non-metallic_mineral_products,Petroleum coke,Target,0.1525137974539428,,,,,0.14522006908384696,0.0,0.14522006908384696,0.14522006908384696,0.0,38.0,38.0,0.0,
esto__14_03_04__Non-metallic_mineral_products,Refinery gas (not liquefied),Target,0.1525137974539428,,,,,0.14522006908384696,0.0,0.14522006908384696,0.14522006908384696,0.0,38.0,38.0,0.0,
esto__14_03_03__Non_ferrous_metals,Bitumen,Target,0.021452731657363444,,,,,0.0004950967398171335,0.097038961,-0.09654386426018287,0.09654386426018287,195.9999999916013,8.0,38.0,0.0,projection_above_leap
esto__16_02__Residential,Kerosene,Target,8.553473783949924,,,,,8.904103369860835,8.80980288,0.09430048986083506,0.09430048986083506,0.989409322203061,38.0,38.0,0.0,
esto__05__International_aviation_bunkers,Aviation gasoline,Target,0.1894144215318513,,,,,0.09235487207528226,0.0,0.09235487207528226,0.09235487207528226,0.0,38.0,38.0,0.0,
esto__14_03_02__Chemical__incl__petrochemical,Aviation gasoline,Target,0.09132196909575686,,,,,0.09152159249998797,0.0,0.09152159249998797,0.09152159249998797,0.0,38.0,38.0,0.0,
esto__14_03_02__Chemical__incl__petrochemical,Ethane,Target,0.09132196909575686,,,,,0.09152159249998797,0.0,0.09152159249998797,0.09152159249998797,0.0,38.0,38.0,0.0,
esto__14_03_02__Chemical__incl__petrochemical,Gasoline type jet fuel,Target,0.09132196909575686,,,,,0.09152159249998797,0.0,0.09152159249998797,0.09152159249998797,0.0,38.0,38.0,0.0,
esto__14_03_02__Chemical__incl__petrochemical,Kerosene,Target,0.09132196909575686,,,,,0.09152159249998797,0.0,0.09152159249998797,0.09152159249998797,0.0,38.0,38.0,0.0,
esto__14_03_02__Chemical__incl__petrochemical,Naphtha,Target,0.09132196909575686,,,,,0.09152159249998797,0.0,0.09152159249998797,0.09152159249998797,0.0,38.0,38.0,0.0,
esto__14_03_02__Chemical__incl__petrochemical,PetProd nonspecified,Target,0.09132196909575686,,,,,0.09152159249998797,0.0,0.09152159249998797,0.09152159249998797,0.0,38.0,38.0,0.0,
esto__14_03_02__Chemical__incl__petrochemical,Petroleum coke,Target,0.09132196909575686,,,,,0.09152159249998797,0.0,0.09152159249998797,0.09152159249998797,0.0,38.0,38.0,0.0,
esto__14_03_02__Chemical__incl__petrochemical,Refinery gas (not liquefied),Target,0.09132196909575686,,,,,0.09152159249998797,0.0,0.09152159249998797,0.09152159249998797,0.0,38.0,38.0,0.0,
esto__14_03_11__Non-specified_industry,Aviation gasoline,Target,0.09795755964559834,,,,,0.0885398067961282,0.0,0.0885398067961282,0.0885398067961282,0.0,29.0,38.0,0.0,
esto__14_03_11__Non-specified_industry,Ethane,Target,0.09795755964559834,,,,,0.0885398067961282,0.0,0.0885398067961282,0.0885398067961282,0.0,29.0,38.0,0.0,
esto__14_03_11__Non-specified_industry,Gasoline type jet fuel,Target,0.09795755964559834,,,,,0.0885398067961282,0.0,0.0885398067961282,0.0885398067961282,0.0,29.0,38.0,0.0,
esto__14_03_11__Non-specified_industry,Kerosene,Target,0.09795755964559834,,,,,0.0885398067961282,0.0,0.0885398067961282,0.0885398067961282,0.0,29.0,38.0,0.0,
esto__14_03_11__Non-specified_industry,Naphtha,Target,0.09795755964559834,,,,,0.0885398067961282,0.0,0.0885398067961282,0.0885398067961282,0.0,29.0,38.0,0.0,
esto__14_03_11__Non-specified_industry,PetProd nonspecified,Target,0.09795755964559834,,,,,0.0885398067961282,0.0,0.0885398067961282,0.0885398067961282,0.0,29.0,38.0,0.0,
esto__14_03_11__Non-specified_industry,Refinery gas (not liquefied),Target,0.09795755964559834,,,,,0.0885398067961282,0.0,0.0885398067961282,0.0885398067961282,0.0,29.0,38.0,0.0,
esto__14_03_04__Non-metallic_mineral_products,Bagasse,Target,0.06348703714425623,,,,,0.054537260039886924,0.0,0.054537260039886924,0.054537260039886924,0.0,38.0,38.0,0.0,
esto__14_03_04__Non-metallic_mineral_products,Bio jet kerosene,Target,0.06348703714425623,,,,,0.054537260039886924,0.0,0.054537260039886924,0.054537260039886924,0.0,38.0,38.0,0.0,
esto__14_03_04__Non-metallic_mineral_products,Biodiesel,Target,0.06348703714425623,,,,,0.054537260039886924,0.0,0.054537260039886924,0.054537260039886924,0.0,38.0,38.0,0.0,
esto__14_03_04__Non-metallic_mineral_products,Biogas,Target,0.06348703714425623,,,,,0.054537260039886924,0.0,0.054537260039886924,0.054537260039886924,0.0,38.0,38.0,0.0,
esto__14_03_04__Non-metallic_mineral_products,Biogasoline,Target,0.06348703714425623,,,,,0.054537260039886924,0.0,0.054537260039886924,0.054537260039886924,0.0,38.0,38.0,0.0,
esto__14_03_04__Non-metallic_mineral_products,Black liqour,Target,0.06348703714425623,,,,,0.054537260039886924,0.0,0.054537260039886924,0.054537260039886924,0.0,38.0,38.0,0.0,
esto__14_03_04__Non-metallic_mineral_products,Charcoal,Target,0.06348703714425623,,,,,0.054537260039886924,0.0,0.054537260039886924,0.054537260039886924,0.0,38.0,38.0,0.0,
esto__14_03_04__Non-metallic_mineral_products,Fuelwood & woodwaste,Target,0.06348703714425623,,,,,0.054537260039886924,0.0,0.054537260039886924,0.054537260039886924,0.0,38.0,38.0,0.0,
esto__14_03_04__Non-metallic_mineral_products,Industrial waste,Target,0.06348703714425623,,,,,0.054537260039886924,0.0,0.054537260039886924,0.054537260039886924,0.0,38.0,38.0,0.0,
esto__14_03_04__Non-metallic_mineral_products,Municipal solid waste (non-renewable),Target,0.06348703714425623,,,,,0.054537260039886924,0.0,0.054537260039886924,0.054537260039886924,0.0,38.0,38.0,0.0,
esto__14_03_04__Non-metallic_mineral_products,Municipal solid waste (renewable),Target,0.06348703714425623,,,,,0.054537260039886924,0.0,0.054537260039886924,0.054537260039886924,0.0,38.0,38.0,0.0,
esto__14_03_04__Non-metallic_mineral_products,Other liquid biofuels,Target,0.06348703714425623,,,,,0.054537260039886924,0.0,0.054537260039886924,0.054537260039886924,0.0,38.0,38.0,0.0,
esto__14_03_04__Non-metallic_mineral_products,Other sources,Target,0.06348703714425623,,,,,0.054537260039886924,0.0,0.054537260039886924,0.054537260039886924,0.0,38.0,38.0,0.0,
esto__14_03_07__Food__beverages_and_tobacco,Bagasse,Target,0.09395394185097747,,,,,0.054361394777288366,0.0,0.054361394777288366,0.054361394777288366,0.0,15.0,38.0,0.0,
esto__14_03_07__Food__beverages_and_tobacco,Bio jet kerosene,Target,0.09395394185097747,,,,,0.054361394777288366,0.0,0.054361394777288366,0.054361394777288366,0.0,15.0,38.0,0.0,
esto__14_03_07__Food__beverages_and_tobacco,Biodiesel,Target,0.09395394185097747,,,,,0.054361394777288366,0.0,0.054361394777288366,0.054361394777288366,0.0,15.0,38.0,0.0,
esto__14_03_07__Food__beverages_and_tobacco,Biogas,Target,0.09395394185097747,,,,,0.054361394777288366,0.0,0.054361394777288366,0.054361394777288366,0.0,15.0,38.0,0.0,
esto__14_03_07__Food__beverages_and_tobacco,Biogasoline,Target,0.09395394185097747,,,,,0.054361394777288366,0.0,0.054361394777288366,0.054361394777288366,0.0,15.0,38.0,0.0,
esto__14_03_07__Food__beverages_and_tobacco,Black liqour,Target,0.09395394185097747,,,,,0.054361394777288366,0.0,0.054361394777288366,0.054361394777288366,0.0,15.0,38.0,0.0,
esto__14_03_07__Food__beverages_and_tobacco,Charcoal,Target,0.09395394185097747,,,,,0.054361394777288366,0.0,0.054361394777288366,0.054361394777288366,0.0,15.0,38.0,0.0,
esto__14_03_07__Food__beverages_and_tobacco,Fuelwood & woodwaste,Target,0.09395394185097747,,,,,0.054361394777288366,0.0,0.054361394777288366,0.054361394777288366,0.0,15.0,38.0,0.0,
esto__14_03_07__Food__beverages_and_tobacco,Industrial waste,Target,0.09395394185097747,,,,,0.054361394777288366,0.0,0.054361394777288366,0.054361394777288366,0.0,15.0,38.0,0.0,
esto__14_03_07__Food__beverages_and_tobacco,Municipal solid waste (non-renewable),Target,0.09395394185097747,,,,,0.054361394777288366,0.0,0.054361394777288366,0.054361394777288366,0.0,15.0,38.0,0.0,
esto__14_03_07__Food__beverages_and_tobacco,Municipal solid waste (renewable),Target,0.09395394185097747,,,,,0.054361394777288366,0.0,0.054361394777288366,0.054361394777288366,0.0,15.0,38.0,0.0,
esto__14_03_07__Food__beverages_and_tobacco,Other liquid biofuels,Target,0.09395394185097747,,,,,0.054361394777288366,0.0,0.054361394777288366,0.054361394777288366,0.0,15.0,38.0,0.0,
esto__14_03_07__Food__beverages_and_tobacco,Other sources,Target,0.09395394185097747,,,,,0.054361394777288366,0.0,0.054361394777288366,0.054361394777288366,0.0,15.0,38.0,0.0,
esto__09_08__Coal_transformation,Fuel oil,Target,-1.807672000003632,,,,,-0.044324933595914585,0.0,-0.044324933595914585,0.044324933595914585,-0.0,38.0,38.0,0.0,projection_above_leap
esto__04__International_marine_bunkers,Natural gas,Target,0.06825595549912768,,,,,0.044322284055781244,0.0,0.044322284055781244,0.044322284055781244,0.0,38.0,38.0,0.0,
esto__14_03_08__Pulp__paper_and_printing,Industrial waste,Target,4.277841557292274,,,,,4.385441448947945,4.346496835,0.038944613947944795,0.038944613947944795,0.9911195681435246,38.0,38.0,0.0,
esto__04__International_marine_bunkers,LPG,Target,0.02859609267953903,,,,,0.025300668409257876,0.0,0.025300668409257876,0.025300668409257876,0.0,38.0,38.0,0.0,
esto__03__Exports,LPG,Target,-2676.9687109099996,,,,,-2638.76182846,-2638.7830585032,0.021230043200375803,0.021230043200375803,1.0000080454563847,38.0,38.0,0.0,
esto__16_01__Commercial_and_public_services,Kerosene,Target,0.7536237823296,,,,,0.7719018100797521,0.752202123,0.019699687079752115,0.019699687079752115,0.9744790246343421,38.0,38.0,0.0,
esto__14_03_06__Machinery,Aviation gasoline,Target,0.01300783332008276,,,,,0.00930872028636625,0.0,0.00930872028636625,0.00930872028636625,0.0,18.0,38.0,0.0,
esto__14_03_06__Machinery,Ethane,Target,0.01300783332008276,,,,,0.00930872028636625,0.0,0.00930872028636625,0.00930872028636625,0.0,18.0,38.0,0.0,
esto__14_03_06__Machinery,Gasoline type jet fuel,Target,0.01300783332008276,,,,,0.00930872028636625,0.0,0.00930872028636625,0.00930872028636625,0.0,18.0,38.0,0.0,
esto__14_03_06__Machinery,Kerosene,Target,0.01300783332008276,,,,,0.00930872028636625,0.0,0.00930872028636625,0.00930872028636625,0.0,18.0,38.0,0.0,
esto__14_03_06__Machinery,Naphtha,Target,0.01300783332008276,,,,,0.00930872028636625,0.0,0.00930872028636625,0.00930872028636625,0.0,18.0,38.0,0.0,
esto__14_03_06__Machinery,PetProd nonspecified,Target,0.01300783332008276,,,,,0.00930872028636625,0.0,0.00930872028636625,0.00930872028636625,0.0,18.0,38.0,0.0,
esto__14_03_06__Machinery,Petroleum coke,Target,0.01300783332008276,,,,,0.00930872028636625,0.0,0.00930872028636625,0.00930872028636625,0.0,18.0,38.0,0.0,
esto__14_03_06__Machinery,Refinery gas (not liquefied),Target,0.01300783332008276,,,,,0.00930872028636625,0.0,0.00930872028636625,0.00930872028636625,0.0,18.0,38.0,0.0,
esto__05__International_aviation_bunkers,Motor gasoline,Target,0.016188851712064137,,,,,0.008931994593776001,0.0,0.008931994593776001,0.008931994593776001,0.0,38.0,38.0,0.0,
esto__14_03_11__Non-specified_industry,Bagasse,Target,0.030790445479394055,,,,,0.004781773919671262,0.0,0.004781773919671262,0.004781773919671262,0.0,9.0,38.0,0.0,
esto__14_03_11__Non-specified_industry,Bio jet kerosene,Target,0.030790445479394055,,,,,0.004781773919671262,0.0,0.004781773919671262,0.004781773919671262,0.0,9.0,38.0,0.0,
esto__14_03_11__Non-specified_industry,Biodiesel,Target,0.030790445479394055,,,,,0.004781773919671262,0.0,0.004781773919671262,0.004781773919671262,0.0,9.0,38.0,0.0,
esto__14_03_11__Non-specified_industry,Biogas,Target,0.030790445479394055,,,,,0.004781773919671262,0.0,0.004781773919671262,0.004781773919671262,0.0,9.0,38.0,0.0,
esto__14_03_11__Non-specified_industry,Biogasoline,Target,0.030790445479394055,,,,,0.004781773919671262,0.0,0.004781773919671262,0.004781773919671262,0.0,9.0,38.0,0.0,
esto__14_03_11__Non-specified_industry,Black liqour,Target,0.030790445479394055,,,,,0.004781773919671262,0.0,0.004781773919671262,0.004781773919671262,0.0,9.0,38.0,0.0,
esto__14_03_11__Non-specified_industry,Charcoal,Target,0.030790445479394055,,,,,0.004781773919671262,0.0,0.004781773919671262,0.004781773919671262,0.0,9.0,38.0,0.0,
esto__14_03_11__Non-specified_industry,Fuelwood & woodwaste,Target,0.030790445479394055,,,,,0.004781773919671262,0.0,0.004781773919671262,0.004781773919671262,0.0,9.0,38.0,0.0,
esto__14_03_11__Non-specified_industry,Municipal solid waste (non-renewable),Target,0.030790445479394055,,,,,0.004781773919671262,0.0,0.004781773919671262,0.004781773919671262,0.0,9.0,38.0,0.0,
esto__14_03_11__Non-specified_industry,Municipal solid waste (renewable),Target,0.030790445479394055,,,,,0.004781773919671262,0.0,0.004781773919671262,0.004781773919671262,0.0,9.0,38.0,0.0,
esto__14_03_11__Non-specified_industry,Other liquid biofuels,Target,0.030790445479394055,,,,,0.004781773919671262,0.0,0.004781773919671262,0.004781773919671262,0.0,9.0,38.0,0.0,
esto__14_03_11__Non-specified_industry,Other sources,Target,0.030790445479394055,,,,,0.004781773919671262,0.0,0.004781773919671262,0.004781773919671262,0.0,9.0,38.0,0.0,
esto__14_03_08__Pulp__paper_and_printing,Aviation gasoline,Target,0.0022816359556472095,,,,,0.0016428980920201214,0.0,0.0016428980920201214,0.0016428980920201214,0.0,22.0,38.0,0.0,
esto__14_03_08__Pulp__paper_and_printing,Ethane,Target,0.0022816359556472095,,,,,0.0016428980920201214,0.0,0.0016428980920201214,0.0016428980920201214,0.0,22.0,38.0,0.0,
esto__14_03_08__Pulp__paper_and_printing,Gasoline type jet fuel,Target,0.0022816359556472095,,,,,0.0016428980920201214,0.0,0.0016428980920201214,0.0016428980920201214,0.0,22.0,38.0,0.0,
esto__14_03_08__Pulp__paper_and_printing,Kerosene,Target,0.0022816359556472095,,,,,0.0016428980920201214,0.0,0.0016428980920201214,0.0016428980920201214,0.0,22.0,38.0,0.0,
esto__14_03_08__Pulp__paper_and_printing,Naphtha,Target,0.0022816359556472095,,,,,0.0016428980920201214,0.0,0.0016428980920201214,0.0016428980920201214,0.0,22.0,38.0,0.0,
esto__14_03_08__Pulp__paper_and_printing,PetProd nonspecified,Target,0.0022816359556472095,,,,,0.0016428980920201214,0.0,0.0016428980920201214,0.0016428980920201214,0.0,22.0,38.0,0.0,
esto__14_03_08__Pulp__paper_and_printing,Petroleum coke,Target,0.0022816359556472095,,,,,0.0016428980920201214,0.0,0.0016428980920201214,0.0016428980920201214,0.0,22.0,38.0,0.0,
esto__14_03_08__Pulp__paper_and_printing,Refinery gas (not liquefied),Target,0.0022816359556472095,,,,,0.0016428980920201214,0.0,0.0016428980920201214,0.0016428980920201214,0.0,22.0,38.0,0.0,
esto__14_03_03__Non_ferrous_metals,Aviation gasoline,Target,0.021452731657363444,,,,,0.0004950967398171335,0.0,0.0004950967398171335,0.0004950967398171335,0.0,8.0,38.0,0.0,
esto__14_03_03__Non_ferrous_metals,Ethane,Target,0.021452731657363444,,,,,0.0004950967398171335,0.0,0.0004950967398171335,0.0004950967398171335,0.0,8.0,38.0,0.0,
esto__14_03_03__Non_ferrous_metals,Gasoline type jet fuel,Target,0.021452731657363444,,,,,0.0004950967398171335,0.0,0.0004950967398171335,0.0004950967398171335,0.0,8.0,38.0,0.0,
esto__14_03_03__Non_ferrous_metals,Kerosene,Target,0.021452731657363444,,,,,0.0004950967398171335,0.0,0.0004950967398171335,0.0004950967398171335,0.0,8.0,38.0,0.0,
esto__14_03_03__Non_ferrous_metals,Naphtha,Target,0.021452731657363444,,,,,0.0004950967398171335,0.0,0.0004950967398171335,0.0004950967398171335,0.0,8.0,38.0,0.0,
esto__14_03_03__Non_ferrous_metals,PetProd nonspecified,Target,0.021452731657363444,,,,,0.0004950967398171335,0.0,0.0004950967398171335,0.0004950967398171335,0.0,8.0,38.0,0.0,
esto__14_03_03__Non_ferrous_metals,Petroleum coke,Target,0.021452731657363444,,,,,0.0004950967398171335,0.0,0.0004950967398171335,0.0004950967398171335,0.0,8.0,38.0,0.0,
esto__14_03_03__Non_ferrous_metals,Refinery gas (not liquefied),Target,0.021452731657363444,,,,,0.0004950967398171335,0.0,0.0004950967398171335,0.0004950967398171335,0.0,8.0,38.0,0.0,
esto__08__Transfers,LPG,Target,3628.610951621621,,,,,3628.6110717954202,3628.611034,3.77954202122055e-05,3.77954202122055e-05,0.9999999895840531,38.0,38.0,0.0,
esto__08__Transfers,Kerosene type jet fuel,Target,4.3081136637822395,,,,,4.308109677470259,4.308137651,-2.797352974059919e-05,2.797352974059919e-05,1.0000064932259936,38.0,38.0,0.0,projection_above_leap
esto__08__Transfers,Refinery feedstocks,Target,432.56881620212255,,,,,432.5687729062051,432.5687963,-2.3393794890580466e-05,2.3393794890580466e-05,1.0000000540810996,38.0,38.0,0.0,projection_above_leap
esto__08__Transfers,Gas/diesel oil,Target,95.00641216681393,,,,,95.0064018262423,95.00639249,9.336242300150843e-06,9.336242300150843e-06,0.9999999017303874,38.0,38.0,0.0,
esto__08__Transfers,Motor gasoline,Target,312.9645215803101,,,,,312.96451591647684,312.96451,5.916476823131234e-06,5.916476823131234e-06,0.9999999810953749,38.0,38.0,0.0,
esto__14_03_11__Non-specified_industry,Electricity,Target,446.6155583002378,,,,,532.1682539542312,532.1682542,-2.4576877422077814e-07,2.4576877422077814e-07,1.0000000004618252,38.0,38.0,0.0,projection_above_leap
esto__14_02__Construction,Gas/diesel oil,Target,514.8507077508618,,,,,555.8064951243845,555.8064949,2.243845074190176e-07,2.243845074190176e-07,0.9999999995962903,38.0,38.0,0.0,
esto__14__Industry_sector,Gas/diesel oil,Target,667.6936161583184,,,,,698.0313388922328,698.0313386779999,2.1423295493150363e-07,2.1423295493150363e-07,0.9999999996930897,38.0,38.0,0.0,
esto__14_03_11__Non-specified_industry,Natural gas,Target,403.7968990605729,,,,,440.72286919617017,440.7228694,-2.038298134721117e-07,2.038298134721117e-07,1.0000000004624898,38.0,38.0,0.0,projection_above_leap
esto__14_03_07__Food__beverages_and_tobacco,Natural gas,Target,766.156690855852,,,,,828.0891949791715,828.0891948,1.7917147943080636e-07,1.7917147943080636e-07,0.9999999997836326,38.0,38.0,0.0,
esto__01__Production,Hydro,Target,923.764281134,,,,,1057.22947417,1057.229474,1.7000002117129043e-07,1.7000002117129043e-07,0.9999999998392023,38.0,38.0,0.0,
esto__01__Production,of which: Photovoltaics,Target,399.35999999999945,,,,,3137.68038517,3137.680385,1.7000002117129043e-07,1.7000002117129043e-07,0.9999999999458199,38.0,38.0,0.0,
esto__14_02__Construction,Electricity,Target,274.6648101909075,,,,,345.1218627396215,345.1218626,1.3962153389002196e-07,1.3962153389002196e-07,0.9999999995954428,38.0,38.0,0.0,
esto__14_03_07__Food__beverages_and_tobacco,Electricity,Target,369.4754158012855,,,,,455.422890598573,455.4228905,9.857302529781009e-08,9.857302529781009e-08,0.9999999997835571,38.0,38.0,0.0,
esto__14_02__Construction,Natural gas,Target,233.8782256361143,,,,,243.83466699816893,243.8346669,9.81689254331286e-08,9.81689254331286e-08,0.9999999995973955,38.0,38.0,0.0,
esto__14_03_08__Pulp__paper_and_printing,Natural gas,Target,649.2812376369402,,,,,667.000070576779,667.0000705,7.6778974289482e-08,7.6778974289482e-08,0.9999999998848891,38.0,38.0,0.0,
esto__01__Production,Geothermal,Target,397.72231108599993,,,,,692.7931373659999,692.7931374,-3.400009518372826e-08,3.400009518372826e-08,1.0000000000490767,38.0,38.0,0.0,projection_above_leap
esto__14_03_08__Pulp__paper_and_printing,Electricity,Target,242.03973428999376,,,,,288.7755222332854,288.7755222,3.3285402878391324e-08,3.3285402878391324e-08,0.9999999998847361,38.0,38.0,0.0,
esto__14_03_06__Machinery,Electricity,Target,357.8741188314819,,,,,406.43816242913147,406.4381624,2.9131456358300056e-08,2.9131456358300056e-08,0.999999999928325,38.0,38.0,0.0,
esto__14_01__Mining_and_quarrying,Electricity,Target,139.50687279895814,,,,,167.03164078118274,167.0316408,-1.8817246427715872e-08,1.8817246427715872e-08,1.0000000001126568,38.0,38.0,0.0,projection_above_leap
esto__14_03_06__Machinery,Natural gas,Target,227.31075546952712,,,,,243.8306837171121,243.8306837,1.7112085970438784e-08,1.7112085970438784e-08,0.9999999999298198,38.0,38.0,0.0,
esto__14_03_05__Transportation_equipment,Electricity,Target,174.3636618667301,,,,,202.14870041593636,202.1487004,1.593636511643126e-08,1.593636511643126e-08,0.9999999999211652,38.0,38.0,0.0,
esto__14_03_05__Transportation_equipment,Natural gas,Target,159.24919522694952,,,,,173.04655511387168,173.0465551,1.3871670034859562e-08,1.3871670034859562e-08,0.9999999999198385,38.0,38.0,0.0,
esto__14_01__Mining_and_quarrying,Natural gas,Target,87.9175594997822,,,,,92.31908307948656,92.31908309,-1.0513446113691316e-08,1.0513446113691316e-08,1.0000000001138816,38.0,38.0,0.0,projection_above_leap
esto__14_03_03__Non_ferrous_metals,Electricity,Target,142.69888653238095,,,,,185.06782280787561,185.0678228,7.87562726145552e-09,7.87562726145552e-09,0.9999999999574446,38.0,38.0,0.0,
esto__14_03_09__Wood_and_wood_products,Electricity,Target,69.38429725835903,,,,,81.95738060234746,81.95738061,-7.652545264136279e-09,7.652545264136279e-09,1.0000000000933722,38.0,38.0,0.0,projection_above_leap
esto__14_03_03__Non_ferrous_metals,Natural gas,Target,159.09825171562116,,,,,185.489669507637,185.4896695,7.636998589077848e-09,7.636998589077848e-09,0.9999999999588279,38.0,38.0,0.0,
esto__14_02__Construction,LPG,Target,15.672525019624906,,,,,16.91925713688017,16.91925713,6.880171099510335e-09,6.880171099510335e-09,0.9999999995933526,38.0,38.0,0.0,
esto__14__Industry_sector,LPG,Target,37.1677678145058,,,,,33.68203378081879,33.68203377399999,6.818801523422735e-09,6.818801523422735e-09,0.9999999997975537,38.0,38.0,0.0,
esto__14__Industry_sector,Heat,Target,180.8675000752731,,,,,197.55230536954437,197.552305363,6.544382813444827e-09,6.544382813444827e-09,0.9999999999668726,38.0,38.0,0.0,
esto__14_03__Manufacturing,Heat,Target,180.8675000752731,,,,,197.55230536954437,197.55230536300002,6.544354391735396e-09,6.544354391735396e-09,0.9999999999668728,38.0,38.0,0.0,
esto__14_03_11__Non-specified_industry,Gas/diesel oil,Target,14.163608620284753,,,,,12.80190044410691,12.80190045,-5.893090460062922e-09,5.893090460062922e-09,1.0000000004603293,29.0,38.0,0.0,projection_above_leap
esto__14_01__Mining_and_quarrying,Gas/diesel oil,Target,49.19806774861527,,,,,51.32900228416082,51.32900229,-5.839176253630285e-09,5.839176253630285e-09,1.00000000011376,38.0,38.0,0.0,projection_above_leap
esto__14_03_09__Wood_and_wood_products,Natural gas,Target,60.8117856103404,,,,,59.92216873432455,59.92216874,-5.675445891029085e-09,5.675445891029085e-09,1.0000000000947136,38.0,38.0,0.0,projection_above_leap
esto__14_03_07__Food__beverages_and_tobacco,Heat,Target,19.982198026846188,,,,,21.91543857476303,21.91543857,4.763030858612183e-09,4.763030858612183e-09,0.9999999997826632,38.0,38.0,0.0,
esto__14_03__Manufacturing,Gas/diesel oil,Target,103.64484065884137,,,,,90.89584148368752,90.895841488,-4.312482815294061e-09,4.312482815294061e-09,1.0000000000474443,38.0,38.0,0.0,projection_above_leap
esto__14_03__Manufacturing,Fuel oil,Target,96.37388319581659,,,,,83.91423365839518,83.914233655,3.3951721434277715e-09,3.3951721434277715e-09,0.9999999999595399,38.0,38.0,0.0,
esto__14_01__Mining_and_quarrying,Fuel oil,Target,24.34435800187371,,,,,25.398799957129874,25.39879996,-2.870127246978882e-09,2.870127246978882e-09,1.0000000001130025,38.0,38.0,0.0,projection_above_leap
esto__14_03_08__Pulp__paper_and_printing,Heat,Target,16.808766614431025,,,,,17.460839591998656,17.46083959,1.9986572397101554e-09,1.9986572397101554e-09,0.9999999998855349,38.0,38.0,0.0,
esto__14_03_10__Textiles_and_leather,Electricity,Target,38.03837555042925,,,,,38.07226654159755,38.07226654,1.5975487599462213e-09,1.5975487599462213e-09,0.999999999958039,38.0,38.0,0.0,
esto__14_03_08__Pulp__paper_and_printing,Fuel oil,Target,18.826347156528758,,,,,13.555964501550832,13.5559645,1.550832351426834e-09,1.550832351426834e-09,0.9999999998855977,22.0,38.0,0.0,
esto__14_03_07__Food__beverages_and_tobacco,Gas/diesel oil,Target,10.739545242842032,,,,,5.599398982206641,5.599398981,1.206641009332543e-09,1.206641009332543e-09,0.9999999997845053,14.0,38.0,0.0,
esto__14_03_10__Textiles_and_leather,Natural gas,Target,29.009232122708326,,,,,26.763326531157027,26.76332653,1.1570264746296743e-09,1.1570264746296743e-09,0.9999999999567682,38.0,38.0,0.0,
esto__14_03_05__Transportation_equipment,Fuel oil,Target,15.797678359387765,,,,,14.23085909113358,14.23085909,1.1335803407064304e-09,1.1335803407064304e-09,0.9999999999203435,36.0,38.0,0.0,
esto__14_03_09__Wood_and_wood_products,Heat,Target,9.198739900721238,,,,,9.547561901105537,9.547561902,-8.944631701979233e-10,8.944631701979233e-10,1.000000000093685,38.0,38.0,0.0,projection_above_leap
esto__14_03_07__Food__beverages_and_tobacco,Fuel oil,Target,7.367131893052668,,,,,3.841085419832746,3.841085419,8.327458722590109e-10,8.327458722590109e-10,0.9999999997832004,14.0,38.0,0.0,
esto__14_03_09__Wood_and_wood_products,Gas/diesel oil,Target,9.07256593293732,,,,,7.614937504305879,7.614937505,-6.941212049582646e-10,6.941212049582646e-10,1.0000000000911526,36.0,38.0,0.0,projection_above_leap
esto__14_01__Mining_and_quarrying,Motor gasoline,Target,5.682700313880204,,,,,5.92884009831349,5.928840099,-6.865104040798542e-10,6.865104040798542e-10,1.0000000001157916,38.0,38.0,0.0,projection_above_leap
esto__14__Industry_sector,Motor gasoline,Target,5.682700313880204,,,,,5.92884009831349,5.928840099,-6.865104040798542e-10,6.865104040798542e-10,1.0000000001157916,38.0,38.0,0.0,projection_above_leap
esto__14_03_11__Non-specified_industry,LPG,Target,1.593869002582041,,,,,1.4406323873375713,1.440632388,-6.624287784973149e-10,6.624287784973149e-10,1.000000000459818,29.0,38.0,0.0,projection_above_leap
esto__14__Industry_sector,Fuel oil,Target,120.7182411976903,,,,,109.31303361552506,109.313033615,5.250626600172836e-10,5.250626600172836e-10,0.9999999999951967,38.0,38.0,0.0,
esto__14_03_05__Transportation_equipment,Heat,Target,4.373487483794009,,,,,4.861384848401935,4.861384848,4.0193448569425527e-10,4.0193448569425527e-10,0.999999999917321,38.0,38.0,0.0,
esto__14_03_11__Non-specified_industry,Heat,Target,0.78434256640738,,,,,0.8700129725982794,0.870012973,-4.0172065673971247e-10,4.0172065673971247e-10,1.000000000461741,38.0,38.0,0.0,projection_above_leap
esto__14_03_07__Food__beverages_and_tobacco,LPG,Target,3.0828708064250767,,,,,1.6073515583530686,1.607351558,3.530686853991938e-10,3.530686853991938e-10,0.9999999997803414,14.0,38.0,0.0,
esto__14_03_06__Machinery,LPG,Target,6.121327327277989,,,,,4.3805705893131375,4.380570589,3.1313707182789585e-10,3.1313707182789585e-10,0.9999999999285168,18.0,38.0,0.0,
esto__14_03_09__Wood_and_wood_products,Fuel oil,Target,3.9851055503393376,,,,,3.344845164692669,3.344845165,-3.0733104949831613e-10,3.0733104949831613e-10,1.000000000091882,36.0,38.0,0.0,projection_above_leap
esto__14_03_06__Machinery,Gas/diesel oil,Target,5.693574774059821,,,,,4.074460312288558,4.074460312,2.885576222411146e-10,2.885576222411146e-10,0.999999999929179,18.0,38.0,0.0,
esto__14_03_06__Machinery,Heat,Target,3.278611737030149,,,,,3.5958527762583588,3.595852776,2.5835866779289063e-10,2.5835866779289063e-10,0.9999999999281509,38.0,38.0,0.0,
esto__14_03_08__Pulp__paper_and_printing,Gas/diesel oil,Target,2.9172077436322894,,,,,2.1005437432408334,2.100543743,2.408335753045776e-10,2.408335753045776e-10,0.999999999885347,22.0,38.0,0.0,
esto__14_03_04__Non-metallic_mineral_products,Gas/diesel oil,Target,12.541652859785675,,,,,11.941866690237617,11.94186669,2.376179253360533e-10,2.376179253360533e-10,0.9999999999801021,38.0,38.0,0.0,
esto__14_03_09__Wood_and_wood_products,LPG,Target,3.0344369893520575,,,,,2.546915103763738,2.546915104,-2.3626212097838106e-10,2.3626212097838106e-10,1.000000000092764,36.0,38.0,0.0,projection_above_leap
esto__14_03_10__Textiles_and_leather,Heat,Target,5.28704457355733,,,,,5.087824117211824,5.087824117,2.1182344767112227e-10,2.1182344767112227e-10,0.9999999999583666,38.0,38.0,0.0,
esto__14_03_03__Non_ferrous_metals,Heat,Target,3.5460688632970574,,,,,4.273353705168079,4.273353705,1.680788841440517e-10,1.680788841440517e-10,0.9999999999606681,38.0,38.0,0.0,
esto__14_03_05__Transportation_equipment,Gas/diesel oil,Target,2.1850829880344125,,,,,1.968365634155404,1.968365634,1.5540413400572106e-10,1.5540413400572106e-10,0.9999999999210492,36.0,38.0,0.0,
esto__14_03_02__Chemical__incl__petrochemical,Gas/diesel oil,Target,41.83751180034605,,,,,41.92895727014337,41.92895727,1.4337331322167302e-10,1.4337331322167302e-10,0.9999999999965805,38.0,38.0,0.0,
esto__14_03_02__Chemical__incl__petrochemical,Fuel oil,Target,41.01851794338832,,,,,41.10817450012171,41.1081745,1.2171597063570516e-10,1.2171597063570516e-10,0.9999999999970391,38.0,38.0,0.0,
esto__13__Total_final_energy_consumption,Lignite,Target,5.3183420309984,,,,,4.92034840411905,4.920348404,1.1904965901976539e-10,1.1904965901976539e-10,0.9999999999758046,38.0,38.0,0.0,
esto__14_03__Manufacturing,Lignite,Target,5.3183420309984,,,,,4.92034840411905,4.920348404,1.1904965901976539e-10,1.1904965901976539e-10,0.9999999999758046,38.0,38.0,0.0,
esto__14__Industry_sector,Lignite,Target,5.3183420309984,,,,,4.92034840411905,4.920348404,1.1904965901976539e-10,1.1904965901976539e-10,0.9999999999758046,38.0,38.0,0.0,
esto__14_03_07__Food__beverages_and_tobacco,Lignite,Target,0.5110701770357835,,,,,0.5022515011081232,0.502251501,1.0812317707831198e-10,1.0812317707831198e-10,0.9999999997847231,38.0,38.0,0.0,
esto__14_03_08__Pulp__paper_and_printing,LPG,Target,1.242805840760206,,,,,0.8948857851017515,0.894885785,1.0175149611768575e-10,1.0175149611768575e-10,0.9999999998862966,22.0,38.0,0.0,
esto__14_03__Manufacturing,LPG,Target,21.495242794880888,,,,,16.76277664393862,16.762776644,-6.138023422863625e-11,6.138023422863625e-11,1.0000000000036617,38.0,38.0,0.0,projection_above_leap
esto__14_03_05__Transportation_equipment,LPG,Target,0.8473789525139345,,,,,0.7633357970606339,0.763335797,6.063394231148322e-11,6.063394231148322e-11,0.9999999999205671,36.0,38.0,0.0,
esto__14_03_04__Non-metallic_mineral_products,Fuel oil,Target,3.7832640065690817,,,,,3.6023350040593147,3.602335004,5.931477531362361e-11,5.931477531362361e-11,0.9999999999835344,38.0,38.0,0.0,
esto__14_03_02__Chemical__incl__petrochemical,Heat,Target,110.83364788590266,,,,,123.07604540001894,123.0760454,1.894306933536427e-11,1.894306933536427e-11,0.9999999999998461,38.0,38.0,0.0,
esto__14_03_01__Iron_and_steel,Heat,Target,6.639358817656481,,,,,6.729348138017829,6.729348138,1.7829293597060314e-11,1.7829293597060314e-11,0.9999999999973506,38.0,38.0,0.0,
esto__14_03_04__Non-metallic_mineral_products,LPG,Target,0.8473789730088503,,,,,0.8068544390170076,0.806854439,1.7007617536535236e-11,1.7007617536535236e-11,0.9999999999789211,38.0,38.0,0.0,
esto__14_03_02__Chemical__incl__petrochemical,Lignite,Target,4.807271853962617,,,,,4.418096903010927,4.418096903,1.092637091915094e-11,1.092637091915094e-11,0.9999999999975269,31.0,38.0,0.0,
esto__14_03_02__Chemical__incl__petrochemical,LPG,Target,4.079528551166885,,,,,4.088447570991502,4.088447571,-8.498091119690798e-12,8.498091119690798e-12,1.0000000000020786,38.0,38.0,0.0,projection_above_leap
esto__14_03_01__Iron_and_steel,Fuel oil,Target,5.595838286550652,,,,,4.230969977004334,4.230969977,4.334310688136611e-12,4.334310688136611e-12,0.9999999999989756,24.0,38.0,0.0,
esto__14_03_04__Non-metallic_mineral_products,Heat,Target,0.1352336056296175,,,,,0.1346433440019244,0.134643344,1.924405079734015e-12,1.924405079734015e-12,0.9999999999857074,38.0,38.0,0.0,
esto__14_03_01__Iron_and_steel,Gas/diesel oil,Target,3.767588717558933,,,,,2.848644336001588,2.848644336,1.588063014423824e-12,1.588063014423824e-12,0.9999999999994426,24.0,38.0,0.0,
esto__14_03_03__Non_ferrous_metals,Gas/diesel oil,Target,0.7265019793600953,,,,,0.016766567000703052,0.016766567,7.030521997908323e-13,7.030521997908323e-13,0.9999999999580682,8.0,38.0,0.0,
esto__14_03_03__Non_ferrous_metals,LPG,Target,0.34703958773235843,,,,,0.00800915100032192,0.008009151,3.2191957433092e-13,3.2191957433092e-13,0.999999999959806,8.0,38.0,0.0,
esto__14_03_01__Iron_and_steel,LPG,Target,0.29860676406149017,,,,,0.22577426199988754,0.225774262,-1.1246559239452836e-13,1.1246559239452836e-13,1.000000000000498,24.0,38.0,0.0,projection_above_leap
esto__16_03__Agriculture,Electricity,Target,262.747834,,,,,278.29603449999996,278.2960345,-5.684341886080802e-14,5.684341886080802e-14,1.0000000000000002,38.0,38.0,0.0,projection_above_leap
esto__16_03__Agriculture,Motor gasoline,Target,102.28368699999999,,,,,114.14133649999998,114.1413365,-1.4210854715202004e-14,1.4210854715202004e-14,1.0000000000000002,38.0,38.0,0.0,projection_above_leap
esto__16_03__Agriculture,Natural gas,Target,62.165037,,,,,74.68203279999999,74.6820328,-1.4210854715202004e-14,1.4210854715202004e-14,1.0000000000000002,38.0,38.0,0.0,projection_above_leap
esto__16_03__Agriculture,Fuel oil,Target,0.636205,,,,,0.9575859279999998,0.957585928,-2.220446049250313e-16,2.220446049250313e-16,1.0000000000000002,38.0,38.0,0.0,projection_above_leap
esto__16_03__Agriculture,Biodiesel,Target,4.996632,,,,,5.933019329,5.933019329,0.0,0.0,1.0,38.0,38.0,0.0,
esto__16_03__Agriculture,Gas/diesel oil,Target,356.911152,,,,,415.3693768,415.3693768,0.0,0.0,1.0,38.0,38.0,0.0,
esto__16_03__Agriculture,LPG,Target,22.911600999999997,,,,,24.79600441,24.79600441,0.0,0.0,1.0,38.0,38.0,0.0,
esto__16_03__Agriculture,Other biomass,Target,74.01690099999999,,,,,78.64089591,78.64089591,0.0,0.0,1.0,38.0,38.0,0.0,
esto__01__Production,Anthracite,ESTO,,70.502865,,,,,,,,,,,0.0,
esto__01__Production,Bagasse,ESTO,,0.0,,,,,,,,,,,0.0,
esto__01__Production,Bio jet kerosene,ESTO,,0.0,,,,,,,,,,,0.0,
esto__01__Production,Biodiesel,ESTO,,471.811581,,,,,,,,,,,0.0,
esto__01__Production,Biogas,ESTO,,203.364976,,,,,,,,,,,0.0,
esto__01__Production,Biogasoline,ESTO,,1296.88864,,,,,,,,,,,0.0,
esto__01__Production,Black liqour,ESTO,,0.0,,,,,,,,,,,0.0,
esto__01__Production,Blast furnace gas,ESTO,,0.0,,,,,,,,,,,0.0,
esto__01__Production,Blast furnace gas,Target,,,,,,,4.346496835,,,,0.0,38.0,0.0,
esto__01__Production,Coal nonspecified,ESTO,,0.0,,,,,,,,,,,0.0,
esto__01__Production,Coke oven coke,ESTO,,0.0,,,,,,,,,,,0.0,
esto__01__Production,Coke oven coke,Target,,,,,,,0.0,,,,0.0,38.0,0.0,
esto__01__Production,Coke oven gas,ESTO,,0.0,,,,,,,,,,,0.0,
esto__01__Production,Coking coal,ESTO,,1592.912733,,,,,,,,,,,0.0,
esto__01__Production,Crude oil,ESTO,,24906.35617,,,,,,,,,,,0.0,
esto__01__Production,Crude oil,Target,,,,,,,30304.97591,,,,0.0,38.0,0.0,
esto__01__Production,Fuelwood & woodwaste,ESTO,,0.0,,,,,,,,,,,0.0,
esto__01__Production,Gas coke,ESTO,,0.0,,,,,,,,,,,0.0,
esto__01__Production,Gasoline type jet fuel,ESTO,,0.0,,,,,,,,,,,0.0,
esto__01__Production,Gasoline type jet fuel,Target,,,,,,,0.0,,,,0.0,38.0,0.0,
esto__01__Production,Geothermal,ESTO,,397.722303,,,,,,,,,,,0.0,
esto__01__Production,Hydro,ESTO,,923.76429,,,,,,,,,,,0.0,
esto__01__Production,Industrial waste,ESTO,,28.046536,,,,,,,,,,,0.0,
esto__01__Production,Lignite,ESTO,,596.366662,,,,,,,,,,,0.0,
esto__01__Production,Municipal solid waste (non-renewable),ESTO,,147.927013,,,,,,,,,,,0.0,
esto__01__Production,Municipal solid waste (non-renewable),Target,,,,,,,12.52340251,,,,0.0,38.0,0.0,
esto__01__Production,Municipal solid waste (renewable),ESTO,,121.030842,,,,,,,,,,,0.0,
esto__01__Production,Natural gas,ESTO,,35785.34633,,,,,,,,,,,0.0,
esto__01__Production,Natural gas liquids,ESTO,,7423.624375,,,,,,,,,,,0.0,
esto__01__Production,Nuclear,ESTO,,8767.293471,,,,,,,,,,,0.0,
esto__01__Production,Other biomass,ESTO,,2196.761709,,,,,,,,,,,0.0,
esto__01__Production,Other bituminous coal,ESTO,,5086.179822,,,,,,,,,,,0.0,
esto__01__Production,Other liquid biofuels,ESTO,,13.141277,,,,,,,,,,,0.0,
esto__01__Production,Other liquid biofuels,Target,5.004190541381777,,,,,,0.0,,,,0.0,38.0,0.0,
esto__01__Production,Other recovered gases,ESTO,,0.0,,,,,,,,,,,0.0,
esto__01__Production,Other sources,ESTO,,0.0,,,,,,,,,,,0.0,
esto__01__Production,Other sources,Target,,,,,,,337.50605187,,,,0.0,38.0,0.0,
esto__01__Production,Paraffin waxes,ESTO,,0.0,,,,,,,,,,,0.0,
esto__01__Production,Paraffin waxes,Target,,,,,,,0.0,,,,0.0,38.0,0.0,
esto__01__Production,Solar nonspecified,ESTO,,157.918853,,,,,,,,,,,0.0,
esto__01__Production,Solar nonspecified,Target,,,,,,,163.58555532,,,,0.0,38.0,0.0,
esto__01__Production,Sub-bituminous coal,ESTO,,4726.146884,,,,,,,,,,,0.0,
esto__01__Production,White spirit SBP,ESTO,,0.0,,,,,,,,,,,0.0,
esto__01__Production,White spirit SBP,Target,,,,,,,0.0,,,,0.0,38.0,0.0,
esto__01__Production,Wind,ESTO,,1581.372782,,,,,,,,,,,0.0,
esto__01__Production,of which: Photovoltaics,ESTO,,661.72487,,,,,,,,,,,0.0,
esto__02__Imports,Additives/ oxygenates,ESTO,,0.0,,,,,,,,,,,0.0,
esto__02__Imports,Ammonia,ESTO,,0.0,,,,,,,,,,,0.0,
esto__02__Imports,Anthracite,ESTO,,9.219417,,,,,,,,,,,0.0,
esto__02__Imports,Aviation gasoline,ESTO,,2.265143,,,,,,,,,,,0.0,
esto__02__Imports,Aviation gasoline,Target,,,,,,,0.0,,,,0.0,38.0,0.0,
esto__02__Imports,BKB/PB,ESTO,,0.0,,,,,,,,,,,0.0,
esto__02__Imports,Bagasse,ESTO,,0.0,,,,,,,,,,,0.0,
esto__02__Imports,Bagasse,Target,5.004190541381777,,,,,,0.0,,,,36.0,38.0,0.0,
esto__02__Imports,Bio jet kerosene,ESTO,,0.0,,,,,,,,,,,0.0,
esto__02__Imports,Biodiesel,ESTO,,73.425503,,,,,,,,,,,0.0,
esto__02__Imports,Biodiesel,Target,,,,,,,0.0,,,,0.0,38.0,0.0,
esto__02__Imports,Biogas,ESTO,,0.0,,,,,,,,,,,0.0,
esto__02__Imports,Biogas,Target,,,,,,,0.0,,,,0.0,38.0,0.0,
esto__02__Imports,Biogasoline,ESTO,,5.947308,,,,,,,,,,,0.0,
esto__02__Imports,Biogasoline,Target,2.991575249135971,,,,,,0.0,,,,0.0,38.0,0.0,
esto__02__Imports,Bitumen,ESTO,,142.607265,,,,,,,,,,,0.0,
esto__02__Imports,Charcoal,ESTO,,0.0,,,,,,,,,,,0.0,
esto__02__Imports,Coal tar,ESTO,,0.0,,,,,,,,,,,0.0,
esto__02__Imports,Coke oven coke,ESTO,,1.760759,,,,,,,,,,,0.0,
esto__02__Imports,Coke oven gas,ESTO,,0.0,,,,,,,,,,,0.0,
esto__02__Imports,Coking coal,ESTO,,40.86836,,,,,,,,,,,0.0,
esto__02__Imports,Coking coal,Target,,,,,,,8.343065545,,,,0.0,38.0,0.0,
esto__02__Imports,Crude oil,ESTO,,13586.94177,,,,,,,,,,,0.0,
esto__02__Imports,Electricity,ESTO,,205.093078,,,,,,,,,,,0.0,
esto__02__Imports,Ethane,ESTO,,0.0,,,,,,,,,,,0.0,
esto__02__Imports,Ethane,Target,,,,,,,0.0,,,,0.0,38.0,0.0,
esto__02__Imports,Fuel oil,ESTO,,475.657826,,,,,,,,,,,0.0,
esto__02__Imports,Fuelwood & woodwaste,ESTO,,0.0,,,,,,,,,,,0.0,
esto__02__Imports,Fuelwood & woodwaste,Target,5.004190541381777,,,,,,0.0,,,,36.0,38.0,0.0,
esto__02__Imports,Gas coke,ESTO,,0.0,,,,,,,,,,,0.0,
esto__02__Imports,Gas works gas,ESTO,,0.0,,,,,,,,,,,0.0,
esto__02__Imports,Gas works gas,Target,46.94310099989096,,,,,,0.0,,,,0.0,38.0,0.0,
esto__02__Imports,Gas/diesel oil,ESTO,,415.68648,,,,,,,,,,,0.0,
esto__02__Imports,Gas/diesel oil,Target,,,,,,,0.0,,,,0.0,38.0,0.0,
esto__02__Imports,Gasoline type jet fuel,ESTO,,0.0,,,,,,,,,,,0.0,
esto__02__Imports,Geothermal,ESTO,,0.0,,,,,,,,,,,0.0,
esto__02__Imports,Heat,ESTO,,0.0,,,,,,,,,,,0.0,
esto__02__Imports,Heat,Target,8.903432954842685,,,,,,0.0,,,,0.0,38.0,0.0,
esto__02__Imports,Hydro,ESTO,,0.0,,,,,,,,,,,0.0,
esto__02__Imports,Hydrogen,ESTO,,0.0,,,,,,,,,,,0.0,
esto__02__Imports,Industrial waste,ESTO,,0.0,,,,,,,,,,,0.0,
esto__02__Imports,Kerosene,ESTO,,0.691283,,,,,,,,,,,0.0,
esto__02__Imports,Kerosene type jet fuel,ESTO,,258.809345,,,,,,,,,,,0.0,
esto__02__Imports,LNG,ESTO,,0.0,,,,,,,,,,,0.0,
esto__02__Imports,LNG,Target,,,,,,,24.59742049,,,,0.0,38.0,0.0,
esto__02__Imports,LPG,ESTO,,242.924291,,,,,,,,,,,0.0,
esto__02__Imports,Lignite,ESTO,,0.816845,,,,,,,,,,,0.0,
esto__02__Imports,Lignite,Target,,,,,,,0.0,,,,0.0,38.0,0.0,
esto__02__Imports,Lubricants,ESTO,,106.207644,,,,,,,,,,,0.0,
esto__02__Imports,Motor gasoline,ESTO,,1304.173672,,,,,,,,,,,0.0,
esto__02__Imports,Municipal solid waste (non-renewable),ESTO,,0.0,,,,,,,,,,,0.0,
esto__02__Imports,Municipal solid waste (renewable),ESTO,,0.0,,,,,,,,,,,0.0,
esto__02__Imports,Naphtha,ESTO,,24.066899,,,,,,,,,,,0.0,
esto__02__Imports,Natural gas,ESTO,,2943.520194,,,,,,,,,,,0.0,
esto__02__Imports,Natural gas,Target,,,,,,,2954.121801,,,,0.0,38.0,0.0,
esto__02__Imports,Natural gas liquids,ESTO,,0.262973,,,,,,,,,,,0.0,
esto__02__Imports,Natural gas liquids,Target,,,,,,,0.355807996,,,,0.0,38.0,0.0,
esto__02__Imports,Nuclear,ESTO,,0.0,,,,,,,,,,,0.0,
esto__02__Imports,Other biomass,ESTO,,0.0,,,,,,,,,,,0.0,
esto__02__Imports,Other biomass,Target,,,,,,,0.0,,,,0.0,38.0,0.0,
esto__02__Imports,Other bituminous coal,ESTO,,55.488247,,,,,,,,,,,0.0,
esto__02__Imports,Other bituminous coal,Target,3304.313802020815,,,,,,61.7717304,,,,0.0,38.0,0.0,
esto__02__Imports,Other hydrocarbons,ESTO,,0.0,,,,,,,,,,,0.0,
esto__02__Imports,Other liquid biofuels,ESTO,,0.0,,,,,,,,,,,0.0,
esto__02__Imports,Other products,ESTO,,21.081082,,,,,,,,,,,0.0,
esto__02__Imports,Other recovered gases,ESTO,,0.0,,,,,,,,,,,0.0,
esto__02__Imports,Other sources,ESTO,,0.0,,,,,,,,,,,0.0,
esto__02__Imports,Paraffin  waxes,ESTO,,10.759867,,,,,,,,,,,0.0,
esto__02__Imports,Paraffin waxes,ESTO,,0.0,,,,,,,,,,,0.0,
esto__02__Imports,Patent fuel,ESTO,,0.0,,,,,,,,,,,0.0,
esto__02__Imports,Petroleum coke,ESTO,,20.146672,,,,,,,,,,,0.0,
esto__02__Imports,Refinery feedstocks,ESTO,,1111.59854,,,,,,,,,,,0.0,
esto__02__Imports,Refinery gas (not liquefied),ESTO,,0.0,,,,,,,,,,,0.0,
esto__02__Imports,Solar nonspecified,ESTO,,0.0,,,,,,,,,,,0.0,
esto__02__Imports,Sub-bituminous coal,ESTO,,30.993792,,,,,,,,,,,0.0,
esto__02__Imports,White spirit SBP,ESTO,,25.427106,,,,,,,,,,,0.0,
esto__02__Imports,Wind,ESTO,,0.0,,,,,,,,,,,0.0,
esto__02__Imports,of which: Photovoltaics,ESTO,,0.0,,,,,,,,,,,0.0,
esto__03__Exports,Additives/ oxygenates,ESTO,,0.0,,,,,,,,,,,0.0,
esto__03__Exports,Additives/ oxygenates,Target,,,,,,,-956.5690265300002,,,,0.0,38.0,0.0,
esto__03__Exports,Anthracite,ESTO,,-14.734898,,,,,,,,,,,0.0,
esto__03__Exports,Anthracite,Target,,,,,,,-972.7711235,,,,0.0,38.0,0.0,
esto__03__Exports,Aviation gasoline,ESTO,,0.0,,,,,,,,,,,0.0,
esto__03__Exports,Aviation gasoline,Target,,,,,,,0.0,,,,2.0,38.0,0.0,
esto__03__Exports,BKB/PB,ESTO,,0.0,,,,,,,,,,,0.0,
esto__03__Exports,BKB/PB,Target,,,,,,,0.0,,,,0.0,38.0,0.0,
esto__03__Exports,Bio jet kerosene,ESTO,,0.0,,,,,,,,,,,0.0,
esto__03__Exports,Bio jet kerosene,Target,,,,,,,0.0,,,,0.0,38.0,0.0,
esto__03__Exports,Biodiesel,ESTO,,-33.797901,,,,,,,,,,,0.0,
esto__03__Exports,Biogas,ESTO,,0.0,,,,,,,,,,,0.0,
esto__03__Exports,Biogas,Target,,,,,,,0.0,,,,0.0,38.0,0.0,
esto__03__Exports,Biogasoline,ESTO,,-113.07454,,,,,,,,,,,0.0,
esto__03__Exports,Bitumen,ESTO,,-39.366345,,,,,,,,,,,0.0,
esto__03__Exports,Blast furnace gas,ESTO,,0.0,,,,,,,,,,,0.0,
esto__03__Exports,Blast furnace gas,Target,,,,,,,0.0,,,,0.0,38.0,0.0,
esto__03__Exports,Charcoal,ESTO,,0.0,,,,,,,,,,,0.0,
esto__03__Exports,Charcoal,Target,,,,,,,0.0,,,,0.0,38.0,0.0,
esto__03__Exports,Coke oven coke,ESTO,,-60.703073,,,,,,,,,,,0.0,
esto__03__Exports,Coke oven gas,ESTO,,0.0,,,,,,,,,,,0.0,
esto__03__Exports,Coking coal,ESTO,,-1163.262605,,,,,,,,,,,0.0,
esto__03__Exports,Crude oil,ESTO,,-7526.739523,,,,,,,,,,,0.0,
esto__03__Exports,Electricity,ESTO,,-56.729968,,,,,,,,,,,0.0,
esto__03__Exports,Electricity,Target,-56.72995932239999,,,,,,0.0,,,,0.0,38.0,0.0,
esto__03__Exports,Ethane,ESTO,,-448.220679,,,,,,,,,,,0.0,
esto__03__Exports,Ethane,Target,,,,,,,-448.2206749692,,,,0.0,38.0,0.0,
esto__03__Exports,Fuel oil,ESTO,,-227.274786,,,,,,,,,,,0.0,
esto__03__Exports,Fuel oil,Target,-227.27479838,,,,,,0.0,,,,1.0,38.0,0.0,
esto__03__Exports,Gas/diesel oil,ESTO,,-2498.846781,,,,,,,,,,,0.0,
esto__03__Exports,Gas/diesel oil,Target,,,,,,,-2000.0,,,,0.0,38.0,0.0,
esto__03__Exports,Gasoline type jet fuel,ESTO,,0.0,,,,,,,,,,,0.0,
esto__03__Exports,Gasoline type jet fuel,Target,,,,,,,0.0,,,,0.0,38.0,0.0,
esto__03__Exports,Heat,ESTO,,0.0,,,,,,,,,,,0.0,
esto__03__Exports,Heat,Target,,,,,,,0.0,,,,0.0,38.0,0.0,
esto__03__Exports,Industrial waste,ESTO,,0.0,,,,,,,,,,,0.0,
esto__03__Exports,Kerosene,ESTO,,-15.814423,,,,,,,,,,,0.0,
esto__03__Exports,Kerosene,Target,-15.814427014799996,,,,,,0.0,,,,0.0,38.0,0.0,
esto__03__Exports,Kerosene type jet fuel,ESTO,,-375.714179,,,,,,,,,,,0.0,
esto__03__Exports,LNG,ESTO,,0.0,,,,,,,,,,,0.0,
esto__03__Exports,LNG,Target,,,,,,,-7535.907154,,,,0.0,38.0,0.0,
esto__03__Exports,LPG,ESTO,,-2676.968703,,,,,,,,,,,0.0,
esto__03__Exports,Lignite,ESTO,,-0.333227,,,,,,,,,,,0.0,
esto__03__Exports,Lignite,Target,-0.3332399724,,,,,,0.0,,,,0.0,38.0,0.0,
esto__03__Exports,Lubricants,ESTO,,-205.865542,,,,,,,,,,,0.0,
esto__03__Exports,Motor gasoline,ESTO,,-1832.49311,,,,,,,,,,,0.0,
esto__03__Exports,Municipal solid waste (non-renewable),ESTO,,0.0,,,,,,,,,,,0.0,
esto__03__Exports,Municipal solid waste (non-renewable),Target,,,,,,,0.0,,,,0.0,38.0,0.0,
esto__03__Exports,Municipal solid waste (renewable),ESTO,,0.0,,,,,,,,,,,0.0,
esto__03__Exports,Municipal solid waste (renewable),Target,,,,,,,0.0,,,,0.0,38.0,0.0,
esto__03__Exports,Naphtha,ESTO,,0.0,,,,,,,,,,,0.0,
esto__03__Exports,Naphtha,Target,,,,,,,0.0,,,,0.0,38.0,0.0,
esto__03__Exports,Natural gas,ESTO,,-6719.810399,,,,,,,,,,,0.0,
esto__03__Exports,Natural gas liquids,ESTO,,-304.673938,,,,,,,,,,,0.0,
esto__03__Exports,Other biomass,ESTO,,0.0,,,,,,,,,,,0.0,
esto__03__Exports,Other biomass,Target,,,,,,,0.0,,,,0.0,38.0,0.0,
esto__03__Exports,Other bituminous coal,ESTO,,-872.915771,,,,,,,,,,,0.0,
esto__03__Exports,Other hydrocarbons,ESTO,,0.0,,,,,,,,,,,0.0,
esto__03__Exports,Other liquid biofuels,ESTO,,0.0,,,,,,,,,,,0.0,
esto__03__Exports,Other liquid biofuels,Target,,,,,,,0.0,,,,0.0,38.0,0.0,
esto__03__Exports,Other products,ESTO,,-2.728286,,,,,,,,,,,0.0,
esto__03__Exports,Paraffin  waxes,ESTO,,-8.396418,,,,,,,,,,,0.0,
esto__03__Exports,Paraffin waxes,ESTO,,0.0,,,,,,,,,,,0.0,
esto__03__Exports,Petroleum coke,ESTO,,-1193.652242,,,,,,,,,,,0.0,
esto__03__Exports,Refinery feedstocks,ESTO,,-563.362117,,,,,,,,,,,0.0,
esto__03__Exports,Refinery gas (not liquefied),ESTO,,0.0,,,,,,,,,,,0.0,
esto__03__Exports,Sub-bituminous coal,ESTO,,-75.577602,,,,,,,,,,,0.0,
esto__04__International_marine_bunkers,Ammonia,ESTO,,0.0,,,,,,,,,,,0.0,
esto__04__International_marine_bunkers,Biodiesel,ESTO,,5.509075,,,,,,,,,,,0.0,
esto__04__International_marine_bunkers,Biodiesel,Target,,,,,,,44.1898338,,,,0.0,38.0,0.0,
esto__04__International_marine_bunkers,Fuel oil,ESTO,,434.774855,,,,,,,,,,,0.0,
esto__04__International_marine_bunkers,Gas/diesel oil,ESTO,,241.42169,,,,,,,,,,,0.0,
esto__04__International_marine_bunkers,LNG,ESTO,,0.0,,,,,,,,,,,0.0,
esto__04__International_marine_bunkers,LPG,ESTO,,0.0,,,,,,,,,,,0.0,
esto__04__International_marine_bunkers,Motor gasoline,ESTO,,0.0,,,,,,,,,,,0.0,
esto__04__International_marine_bunkers,Motor gasoline,Target,,,,,,,0.0,,,,7.0,38.0,0.0,
esto__04__International_marine_bunkers,Natural gas,ESTO,,0.0,,,,,,,,,,,0.0,
esto__05__International_aviation_bunkers,Aviation gasoline,ESTO,,0.0,,,,,,,,,,,0.0,
esto__05__International_aviation_bunkers,Bio jet kerosene,ESTO,,0.0,,,,,,,,,,,0.0,
esto__05__International_aviation_bunkers,Bio jet kerosene,Target,,,,,,,61.89125432,,,,0.0,38.0,0.0,
esto__05__International_aviation_bunkers,Hydrogen,ESTO,,0.0,,,,,,,,,,,0.0,
esto__05__International_aviation_bunkers,Kerosene type jet fuel,ESTO,,959.513198,,,,,,,,,,,0.0,
esto__05__International_aviation_bunkers,Motor gasoline,ESTO,,0.0,,,,,,,,,,,0.0,
esto__07__Total_primary_energy_supply,Additives/ oxygenates,ESTO,,0.0,,,,,,,,,,,0.0,
esto__07__Total_primary_energy_supply,Ammonia,ESTO,,0.0,,,,,,,,,,,0.0,
esto__07__Total_primary_energy_supply,Anthracite,ESTO,,60.732046,,,,,,,,,,,0.0,
esto__07__Total_primary_energy_supply,Aviation gasoline,ESTO,,1.947992,,,,,,,,,,,0.0,
esto__07__Total_primary_energy_supply,Aviation gasoline,Target,,,,,,,0.0,,,,2.0,38.0,0.0,
esto__07__Total_primary_energy_supply,BKB/PB,ESTO,,0.0,,,,,,,,,,,0.0,
esto__07__Total_primary_energy_supply,Bagasse,ESTO,,0.0,,,,,,,,,,,0.0,
esto__07__Total_primary_energy_supply,Bio jet kerosene,ESTO,,0.0,,,,,,,,,,,0.0,
esto__07__Total_primary_energy_supply,Biodiesel,ESTO,,503.453866,,,,,,,,,,,0.0,
esto__07__Total_primary_energy_supply,Biogas,ESTO,,203.364976,,,,,,,,,,,0.0,
esto__07__Total_primary_energy_supply,Biogasoline,ESTO,,1181.801672,,,,,,,,,,,0.0,
esto__07__Total_primary_energy_supply,Bitumen,ESTO,,92.73268,,,,,,,,,,,0.0,
esto__07__Total_primary_energy_supply,Black liqour,ESTO,,0.0,,,,,,,,,,,0.0,
esto__07__Total_primary_energy_supply,Blast furnace gas,ESTO,,0.0,,,,,,,,,,,0.0,
esto__07__Total_primary_energy_supply,Charcoal,ESTO,,0.0,,,,,,,,,,,0.0,
esto__07__Total_primary_energy_supply,Coal nonspecified,ESTO,,0.0,,,,,,,,,,,0.0,
esto__07__Total_primary_energy_supply,Coal tar,ESTO,,0.0,,,,,,,,,,,0.0,
esto__07__Total_primary_energy_supply,Coke oven coke,ESTO,,-57.614555,,,,,,,,,,,0.0,
esto__07__Total_primary_energy_supply,Coke oven gas,ESTO,,0.0,,,,,,,,,,,0.0,
esto__07__Total_primary_energy_supply,Coking coal,ESTO,,471.338975,,,,,,,,,,,0.0,
esto__07__Total_primary_energy_supply,Crude oil,ESTO,,32223.12072,,,,,,,,,,,0.0,
esto__07__Total_primary_energy_supply,Electricity,ESTO,,148.363152,,,,,,,,,,,0.0,
esto__07__Total_primary_energy_supply,Ethane,ESTO,,-419.709409,,,,,,,,,,,0.0,
esto__07__Total_primary_energy_supply,Ethane,Target,,,,,,,-448.2206749692,,,,0.0,38.0,0.0,
esto__07__Total_primary_energy_supply,Fuel oil,ESTO,,-217.49551,,,,,,,,,,,0.0,
esto__07__Total_primary_energy_supply,Fuelwood & woodwaste,ESTO,,0.0,,,,,,,,,,,0.0,
esto__07__Total_primary_energy_supply,Gas coke,ESTO,,0.0,,,,,,,,,,,0.0,
esto__07__Total_primary_energy_supply,Gas works gas,ESTO,,0.0,,,,,,,,,,,0.0,
esto__07__Total_primary_energy_supply,Gas works gas,Target,46.94310099989096,,,,,,0.0,,,,0.0,38.0,0.0,
esto__07__Total_primary_energy_supply,Gas/diesel oil,ESTO,,-2266.961324,,,,,,,,,,,0.0,
esto__07__Total_primary_energy_supply,Gas/diesel oil,Target,,,,,,,-2394.2651785,,,,0.0,38.0,0.0,
esto__07__Total_primary_energy_supply,Gasoline type jet fuel,ESTO,,0.0,,,,,,,,,,,0.0,
esto__07__Total_primary_energy_supply,Geothermal,ESTO,,397.722303,,,,,,,,,,,0.0,
esto__07__Total_primary_energy_supply,Heat,ESTO,,0.0,,,,,,,,,,,0.0,
esto__07__Total_primary_energy_supply,Heat,Target,8.903432954842685,,,,,,0.0,,,,0.0,38.0,0.0,
esto__07__Total_primary_energy_supply,Hydro,ESTO,,923.76429,,,,,,,,,,,0.0,
esto__07__Total_primary_energy_supply,Hydrogen,ESTO,,0.0,,,,,,,,,,,0.0,
esto__07__Total_primary_energy_supply,Industrial waste,ESTO,,28.046536,,,,,,,,,,,0.0,
esto__07__Total_primary_energy_supply,Kerosene,ESTO,,-13.088984,,,,,,,,,,,0.0,
esto__07__Total_primary_energy_supply,Kerosene type jet fuel,ESTO,,-1075.059415,,,,,,,,,,,0.0,
esto__07__Total_primary_energy_supply,LNG,ESTO,,0.0,,,,,,,,,,,0.0,
esto__07__Total_primary_energy_supply,LNG,Target,,,,,,,-7632.67069841,,,,0.0,38.0,0.0,
esto__07__Total_primary_energy_supply,LPG,ESTO,,-2526.23151,,,,,,,,,,,0.0,
esto__07__Total_primary_energy_supply,Lignite,ESTO,,581.456378,,,,,,,,,,,0.0,
esto__07__Total_primary_energy_supply,Lubricants,ESTO,,-101.888792,,,,,,,,,,,0.0,
esto__07__Total_primary_energy_supply,Motor gasoline,ESTO,,-483.447493,,,,,,,,,,,0.0,
esto__07__Total_primary_energy_supply,Motor gasoline,Target,,,,,,,0.0,,,,0.0,38.0,0.0,
esto__07__Total_primary_energy_supply,Municipal solid waste (non-renewable),ESTO,,147.927013,,,,,,,,,,,0.0,
esto__07__Total_primary_energy_supply,Municipal solid waste (renewable),ESTO,,121.030842,,,,,,,,,,,0.0,
esto__07__Total_primary_energy_supply,Naphtha,ESTO,,24.58916,,,,,,,,,,,0.0,
esto__07__Total_primary_energy_supply,Natural gas,ESTO,,32292.0887,,,,,,,,,,,0.0,
esto__07__Total_primary_energy_supply,Natural gas liquids,ESTO,,7099.771585,,,,,,,,,,,0.0,
esto__07__Total_primary_energy_supply,Nuclear,ESTO,,8767.293471,,,,,,,,,,,0.0,
esto__07__Total_primary_energy_supply,Other biomass,ESTO,,2196.761709,,,,,,,,,,,0.0,
esto__07__Total_primary_energy_supply,Other bituminous coal,ESTO,,4209.467879,,,,,,,,,,,0.0,
esto__07__Total_primary_energy_supply,Other hydrocarbons,ESTO,,0.015659,,,,,,,,,,,0.0,
esto__07__Total_primary_energy_supply,Other liquid biofuels,ESTO,,13.141277,,,,,,,,,,,0.0,
esto__07__Total_primary_energy_supply,Other products,ESTO,,18.124783,,,,,,,,,,,0.0,
esto__07__Total_primary_energy_supply,Other recovered gases,ESTO,,0.0,,,,,,,,,,,0.0,
esto__07__Total_primary_energy_supply,Other sources,ESTO,,0.0,,,,,,,,,,,0.0,
esto__07__Total_primary_energy_supply,Paraffin  waxes,ESTO,,2.09922,,,,,,,,,,,0.0,
esto__07__Total_primary_energy_supply,Paraffin waxes,ESTO,,0.0,,,,,,,,,,,0.0,
esto__07__Total_primary_energy_supply,Patent fuel,ESTO,,0.0,,,,,,,,,,,0.0,
esto__07__Total_primary_energy_supply,Petroleum coke,ESTO,,-1173.819161,,,,,,,,,,,0.0,
esto__07__Total_primary_energy_supply,Refinery feedstocks,ESTO,,511.383372,,,,,,,,,,,0.0,
esto__07__Total_primary_energy_supply,Refinery gas (not liquefied),ESTO,,0.0,,,,,,,,,,,0.0,
esto__07__Total_primary_energy_supply,Solar nonspecified,ESTO,,157.918853,,,,,,,,,,,0.0,
esto__07__Total_primary_energy_supply,Sub-bituminous coal,ESTO,,4750.787123,,,,,,,,,,,0.0,
esto__07__Total_primary_energy_supply,White spirit SBP,ESTO,,25.573309,,,,,,,,,,,0.0,
esto__07__Total_primary_energy_supply,Wind,ESTO,,1581.372782,,,,,,,,,,,0.0,
esto__07__Total_primary_energy_supply,of which: Photovoltaics,ESTO,,661.72487,,,,,,,,,,,0.0,
esto__08__Transfers,Additives/ oxygenates,ESTO,,0.0,,,,,,,,,,,0.0,
esto__08__Transfers,Bitumen,Target,1.96703258869806,,,,,,-28.85615829,,,,0.0,38.0,0.0,
esto__08__Transfers,Fuel oil,ESTO,,-0.090309,,,,,,,,,,,0.0,
esto__08__Transfers,Fuel oil,Target,,,,,,,-0.09033021,,,,0.0,38.0,0.0,
esto__08__Transfers,Lubricants,ESTO,,0.0,,,,,,,,,,,0.0,
esto__08__Transfers,Other hydrocarbons,ESTO,,0.0,,,,,,,,,,,0.0,
esto__08__Transfers,Other products,ESTO,,-30.823138,,,,,,,,,,,0.0,
esto__08__Transfers,Paraffin waxes,ESTO,,0.0,,,,,,,,,,,0.0,
esto__08__Transfers,White spirit SBP,ESTO,,0.0,,,,,,,,,,,0.0,
esto__09_06_01__Gas_works_plants,Gas works gas,ESTO,,46.943113,,,,,,,,,,,0.0,
esto__09_06_01__Gas_works_plants,Gas works gas,Target,46.943101,,,,,,0.0,,,,0.0,38.0,0.0,
esto__09_06_01__Gas_works_plants,Lignite,ESTO,,-71.766944,,,,,,,,,,,0.0,
esto__09_06_01__Gas_works_plants,Lignite,Target,-71.76695599996953,,,,,,0.0,,,,0.0,38.0,0.0,
esto__09_06_02__Liquefaction_regasification_plants,Electricity,ESTO,,0.0,,,,,,,,,,,0.0,
esto__09_06_02__Liquefaction_regasification_plants,Electricity,Target,,,,,,,0.0,,,,0.0,38.0,0.0,
esto__09_06_02__Liquefaction_regasification_plants,LNG,ESTO,,0.0,,,,,,,,,,,0.0,
esto__09_06_02__Liquefaction_regasification_plants,Natural gas,ESTO,,0.0,,,,,,,,,,,0.0,
esto__09_06_03__Natural_gas_blending_plants,Biogas,ESTO,,-30.391479,,,,,,,,,,,0.0,
esto__09_06_03__Natural_gas_blending_plants,Gas works gas,ESTO,,-46.943113,,,,,,,,,,,0.0,
esto__09_06_03__Natural_gas_blending_plants,Gas works gas,Target,-46.94310099989096,,,,,,,,,,,,0.0,
esto__09_06_03__Natural_gas_blending_plants,Natural gas,ESTO,,77.334969,,,,,,,,,,,0.0,
esto__09_06_03__Natural_gas_blending_plants,Natural gas,Target,46.94349,,,,,,,,,,,,0.0,
esto__09_06__Gas_processing_plants,Gas works gas,Target,1.0903988822974497e-10,,,,,,0.0,,,,0.0,38.0,0.0,
esto__09_06__Gas_processing_plants,Lignite,Target,-71.76695599996953,,,,,,0.0,,,,0.0,38.0,0.0,
esto__09_07__Oil_refineries,Additives/  oxygenates,ESTO,,0.0,,,,,,,,,,,0.0,
esto__09_07__Oil_refineries,Aviation gasoline,ESTO,,19.772498,,,,,,,,,,,0.0,
esto__09_07__Oil_refineries,Bitumen,ESTO,,818.495033,,,,,,,,,,,0.0,
esto__09_07__Oil_refineries,Bitumen,Target,,,,,,,3441.847102271288,,,,0.0,38.0,0.0,
esto__09_07__Oil_refineries,Crude oil,ESTO,,-33766.36151,,,,,,,,,,,0.0,
esto__09_07__Oil_refineries,Ethane,ESTO,,6.666767,,,,,,,,,,,0.0,
esto__09_07__Oil_refineries,Ethane,Target,,,,,,,0.3723709895436597,,,,0.0,38.0,0.0,
esto__09_07__Oil_refineries,Fuel oil,ESTO,,556.474161,,,,,,,,,,,0.0,
esto__09_07__Oil_refineries,Gas/diesel oil,ESTO,,9883.855588,,,,,,,,,,,0.0,
esto__09_07__Oil_refineries,Kerosene,ESTO,,27.101575,,,,,,,,,,,0.0,
esto__09_07__Oil_refineries,Kerosene type jet fuel,ESTO,,3312.087548,,,,,,,,,,,0.0,
esto__09_07__Oil_refineries,Kerosene type jet fuel,Target,,,,,,,3979.1711101203846,,,,0.0,38.0,0.0,
esto__09_07__Oil_refineries,LPG,ESTO,,509.119234,,,,,,,,,,,0.0,
esto__09_07__Oil_refineries,Lubricants,ESTO,,343.079455,,,,,,,,,,,0.0,
esto__09_07__Oil_refineries,Motor gasoline,ESTO,,15354.17301,,,,,,,,,,,0.0,
esto__09_07__Oil_refineries,Naphtha,ESTO,,242.314023,,,,,,,,,,,0.0,
esto__09_07__Oil_refineries,Natural gas liquids,ESTO,,-531.640241,,,,,,,,,,,0.0,
esto__09_07__Oil_refineries,Other hydrocarbons,ESTO,,-211.38341,,,,,,,,,,,0.0,
esto__09_07__Oil_refineries,Other products,ESTO,,483.621832,,,,,,,,,,,0.0,
esto__09_07__Oil_refineries,Paraffin  waxes,ESTO,,9.880513,,,,,,,,,,,0.0,
esto__09_07__Oil_refineries,PetProd nonspecified,ESTO,,0.0,,,,,,,,,,,0.0,
esto__09_07__Oil_refineries,Petroleum coke,ESTO,,1710.838644,,,,,,,,,,,0.0,
esto__09_07__Oil_refineries,Refinery feedstocks,ESTO,,-943.95216,,,,,,,,,,,0.0,
esto__09_07__Oil_refineries,Refinery gas (not liquefied),ESTO,,763.746384,,,,,,,,,,,0.0,
esto__09_07__Oil_refineries,Refinery gas (not liquefied),Target,,,,,,,626.196320221105,,,,0.0,38.0,0.0,
esto__09_07__Oil_refineries,White spirit SBP,ESTO,,60.064126,,,,,,,,,,,0.0,
esto__09_08_01__Coke_ovens,Blast furnace gas,ESTO,,0.0,,,,,,,,,,,0.0,
esto__09_08_01__Coke_ovens,Coke oven coke,ESTO,,298.348647,,,,,,,,,,,0.0,
esto__09_08_01__Coke_ovens,Coke oven gas,ESTO,,49.750195,,,,,,,,,,,0.0,
esto__09_08_01__Coke_ovens,Coking coal,ESTO,,-470.051408,,,,,,,,,,,0.0,
esto__09_08_01__Coke_ovens,Electricity,ESTO,,0.0,,,,,,,,,,,0.0,
esto__09_08_01__Coke_ovens,Gas/diesel oil,ESTO,,0.0,,,,,,,,,,,0.0,
esto__09_08_01__Coke_ovens,Kerosene,ESTO,,0.0,,,,,,,,,,,0.0,
esto__09_08_01__Coke_ovens,LPG,ESTO,,0.0,,,,,,,,,,,0.0,
esto__09_08_01__Coke_ovens,Natural gas,ESTO,,0.0,,,,,,,,,,,0.0,
esto__09_08_01__Coke_ovens,Other recovered gases,ESTO,,0.0,,,,,,,,,,,0.0,
esto__09_08_02__Blast_furnaces,Blast furnace gas,ESTO,,78.959992,,,,,,,,,,,0.0,
esto__09_08_02__Blast_furnaces,Coke oven coke,ESTO,,-181.041293,,,,,,,,,,,0.0,
esto__09_08_02__Blast_furnaces,Coke oven gas,ESTO,,0.0,,,,,,,,,,,0.0,
esto__09_08_02__Blast_furnaces,Electricity,ESTO,,0.0,,,,,,,,,,,0.0,
esto__09_08_02__Blast_furnaces,Fuel oil,ESTO,,0.0,,,,,,,,,,,0.0,
esto__09_08_02__Blast_furnaces,Natural gas,ESTO,,0.0,,,,,,,,,,,0.0,
esto__09_08_02__Blast_furnaces,Other bituminous coal,ESTO,,-16.349831,,,,,,,,,,,0.0,
esto__09_12__Non-specified_transformation,Electricity,ESTO,,0.0,,,,,,,,,,,0.0,
esto__09_12__Non-specified_transformation,Fuel oil,ESTO,,0.0,,,,,,,,,,,0.0,
esto__09_12__Non-specified_transformation,Gas/diesel oil,ESTO,,0.0,,,,,,,,,,,0.0,
esto__09_12__Non-specified_transformation,Kerosene,ESTO,,0.0,,,,,,,,,,,0.0,
esto__09_12__Non-specified_transformation,LPG,ESTO,,0.0,,,,,,,,,,,0.0,
esto__09_12__Non-specified_transformation,Motor gasoline,ESTO,,0.0,,,,,,,,,,,0.0,
esto__09_12__Non-specified_transformation,Natural gas,ESTO,,-168.296381,,,,,,,,,,,0.0,
esto__09_12__Non-specified_transformation,Other biomass,ESTO,,0.0,,,,,,,,,,,0.0,
esto__09_12__Non-specified_transformation,Other hydrocarbons,ESTO,,211.367751,,,,,,,,,,,0.0,
esto__09_12__Non-specified_transformation,Other products,ESTO,,0.0,,,,,,,,,,,0.0,
esto__09_13_01__Electrolysers,Ammonia,ESTO,,0.0,,,,,,,,,,,0.0,
esto__09_13_01__Electrolysers,Ammonia,Target,,,,,,,0.0,,,,24.0,38.0,0.0,
esto__09_13_01__Electrolysers,E-fuel,ESTO,,0.0,,,,,,,,,,,0.0,
esto__09_13_01__Electrolysers,E-fuel,Target,,,,,,,0.0,,,,24.0,38.0,0.0,
esto__09_13_01__Electrolysers,Electricity,ESTO,,0.0,,,,,,,,,,,0.0,
esto__09_13_01__Electrolysers,Electricity,Target,,,,,,,0.0,,,,0.0,38.0,0.0,
esto__09_13_01__Electrolysers,Hydrogen,ESTO,,0.0,,,,,,,,,,,0.0,
esto__09_13_01__Electrolysers,Hydrogen,Target,,,,,,,0.0,,,,24.0,38.0,0.0,
esto__09_13_03__SMR_w_CCS,Ammonia,ESTO,,0.0,,,,,,,,,,,0.0,
esto__09_13_03__SMR_w_CCS,E-fuel,ESTO,,0.0,,,,,,,,,,,0.0,
esto__09_13_03__SMR_w_CCS,E-fuel,Target,,,,,,,0.0,,,,30.0,38.0,0.0,
esto__09_13_03__SMR_w_CCS,Hydrogen,ESTO,,0.0,,,,,,,,,,,0.0,
esto__09_13_03__SMR_w_CCS,Natural gas,ESTO,,0.0,,,,,,,,,,,0.0,
esto__09_13__Hydrogen_transformation,Ammonia,ESTO,,0.0,,,,,,,,,,,0.0,
esto__09_13__Hydrogen_transformation,E-fuel,ESTO,,0.0,,,,,,,,,,,0.0,
esto__09_13__Hydrogen_transformation,E-fuel,Target,,,,,,,0.0,,,,30.0,38.0,0.0,
esto__09_13__Hydrogen_transformation,Hydrogen,ESTO,,0.0,,,,,,,,,,,0.0,
esto__09_13__Hydrogen_transformation,Natural gas,ESTO,,0.0,,,,,,,,,,,0.0,
esto__09__Total_transformation_sector,Ammonia,ESTO,,0.0,,,,,,,,,,,0.0,
esto__09__Total_transformation_sector,Bitumen,Target,1.96703258869806,,,,,,3427.272287091288,,,,0.0,38.0,0.0,
esto__09__Total_transformation_sector,E-fuel,ESTO,,0.0,,,,,,,,,,,0.0,
esto__09__Total_transformation_sector,E-fuel,Target,,,,,,,0.0,,,,30.0,38.0,0.0,
esto__09__Total_transformation_sector,Hydrogen,ESTO,,0.0,,,,,,,,,,,0.0,
esto__10_01_11__Oil_refineries,Aviation gasoline,ESTO,,0.0,,,,,,,,,,,0.0,
esto__10_01_11__Oil_refineries,Aviation gasoline,Target,,,,,,,-0.0010352231853405,,,,0.0,38.0,0.0,
esto__10_01_11__Oil_refineries,Bitumen,ESTO,,-0.191379,,,,,,,,,,,0.0,
esto__10_01_11__Oil_refineries,Electricity,ESTO,,-197.530712,,,,,,,,,,,0.0,
esto__10_01_11__Oil_refineries,Electricity,Target,,,,,,,-197.5307161068,,,,0.0,38.0,0.0,
esto__10_01_11__Oil_refineries,Ethane,ESTO,,-0.087923,,,,,,,,,,,0.0,
esto__10_01_11__Oil_refineries,Ethane,Target,,,,,,,-0.3723709895436597,,,,0.0,38.0,0.0,
esto__10_01_11__Oil_refineries,Fuel oil,ESTO,,-0.253511,,,,,,,,,,,0.0,
esto__10_01_11__Oil_refineries,Fuel oil,Target,,,,,,,-0.5257240094181501,,,,0.0,38.0,0.0,
esto__10_01_11__Oil_refineries,Gas/diesel oil,ESTO,,-3.380548,,,,,,,,,,,0.0,
esto__10_01_11__Oil_refineries,Gas/diesel oil,Target,,,,,,,-3.5779992076582263,,,,0.0,38.0,0.0,
esto__10_01_11__Oil_refineries,Gasoline type jet fuel,ESTO,,0.0,,,,,,,,,,,0.0,
esto__10_01_11__Oil_refineries,Gasoline type jet fuel,Target,,,,,,,-1.850305036954308,,,,0.0,38.0,0.0,
esto__10_01_11__Oil_refineries,Heat,ESTO,,-55.951725,,,,,,,,,,,0.0,
esto__10_01_11__Oil_refineries,Kerosene,ESTO,,0.0,,,,,,,,,,,0.0,
esto__10_01_11__Oil_refineries,Kerosene,Target,,,,,,,-0.0058492702350333,,,,0.0,38.0,0.0,
esto__10_01_11__Oil_refineries,Kerosene type jet fuel,ESTO,,-1.704111,,,,,,,,,,,0.0,
esto__10_01_11__Oil_refineries,LPG,ESTO,,-6.904159,,,,,,,,,,,0.0,
esto__10_01_11__Oil_refineries,LPG,Target,,,,,,,-9.854604907318649,,,,0.0,38.0,0.0,
esto__10_01_11__Oil_refineries,Lubricants,ESTO,,-0.071385,,,,,,,,,,,0.0,
esto__10_01_11__Oil_refineries,Motor gasoline,ESTO,,-0.73001,,,,,,,,,,,0.0,
esto__10_01_11__Oil_refineries,Motor gasoline,Target,,,,,,,-0.6119638039899221,,,,0.0,38.0,0.0,
esto__10_01_11__Oil_refineries,Naphtha,ESTO,,0.0,,,,,,,,,,,0.0,
esto__10_01_11__Oil_refineries,Naphtha,Target,,,,,,,-0.003268989407465,,,,0.0,38.0,0.0,
esto__10_01_11__Oil_refineries,Natural gas,ESTO,,-1026.696349,,,,,,,,,,,0.0,
esto__10_01_11__Oil_refineries,Natural gas,Target,,,,,,,-1026.696369762,,,,0.0,38.0,0.0,
esto__10_01_11__Oil_refineries,Other products,ESTO,,-1.656675,,,,,,,,,,,0.0,
esto__10_01_11__Oil_refineries,PetProd nonspecified,ESTO,,0.0,,,,,,,,,,,0.0,
esto__10_01_11__Oil_refineries,PetProd nonspecified,Target,,,,,,,-446.2558602982875,,,,0.0,38.0,0.0,
esto__10_01_11__Oil_refineries,Petroleum coke,ESTO,,-372.830772,,,,,,,,,,,0.0,
esto__10_01_11__Oil_refineries,Refinery gas (not liquefied),ESTO,,-657.622602,,,,,,,,,,,0.0,
esto__10_01_11__Oil_refineries,Refinery gas (not liquefied),Target,,,,,,,-626.196320221105,,,,0.0,38.0,0.0,
esto__10_01_17__Non-specified_own_uses,Electricity,ESTO,,-39.037053,,,,,,,,,,,0.0,
esto__10_01_17__Non-specified_own_uses,Electricity,Target,,,,,,,-44.66286225263751,,,,0.0,38.0,0.0,
esto__10_02__Transmission_and_distribution_losses,Electricity,ESTO,,-737.960386,,,,,,,,,,,0.0,
esto__10_02__Transmission_and_distribution_losses,Heat,ESTO,,-50.268437,,,,,,,,,,,0.0,
esto__10_02__Transmission_and_distribution_losses,Heat,Target,,,,,,,-54.36573273,,,,0.0,38.0,0.0,
esto__13__Total_final_energy_consumption,Ammonia,ESTO,,0.0,,,,,,,,,,,0.0,
esto__13__Total_final_energy_consumption,Anthracite,ESTO,,3.65382,,,,,,,,,,,0.0,
esto__13__Total_final_energy_consumption,Aviation gasoline,ESTO,,21.72049,,,,,,,,,,,0.0,
esto__13__Total_final_energy_consumption,BKB/PB,ESTO,,0.0,,,,,,,,,,,0.0,
esto__13__Total_final_energy_consumption,Bagasse,ESTO,,0.0,,,,,,,,,,,0.0,
esto__13__Total_final_energy_consumption,Bio jet kerosene,ESTO,,0.0,,,,,,,,,,,0.0,
esto__13__Total_final_energy_consumption,Biodiesel,ESTO,,400.298818,,,,,,,,,,,0.0,
esto__13__Total_final_energy_consumption,Biogas,ESTO,,58.495499,,,,,,,,,,,0.0,
esto__13__Total_final_energy_consumption,Biogasoline,ESTO,,1181.801672,,,,,,,,,,,0.0,
esto__13__Total_final_energy_consumption,Bitumen,ESTO,,0.0,,,,,,,,,,,0.0,
esto__13__Total_final_energy_consumption,Black liqour,ESTO,,0.0,,,,,,,,,,,0.0,
esto__13__Total_final_energy_consumption,Blast furnace gas,ESTO,,45.491006,,,,,,,,,,,0.0,
esto__13__Total_final_energy_consumption,Charcoal,ESTO,,0.0,,,,,,,,,,,0.0,
esto__13__Total_final_energy_consumption,Coal nonspecified,ESTO,,0.0,,,,,,,,,,,0.0,
esto__13__Total_final_energy_consumption,Coal tar,ESTO,,0.0,,,,,,,,,,,0.0,
esto__13__Total_final_energy_consumption,Coke oven coke,ESTO,,59.69284,,,,,,,,,,,0.0,
esto__13__Total_final_energy_consumption,Coke oven gas,ESTO,,24.177598,,,,,,,,,,,0.0,
esto__13__Total_final_energy_consumption,E-fuel,ESTO,,0.0,,,,,,,,,,,0.0,
esto__13__Total_final_energy_consumption,E-fuel,Target,,,,,,,0.0,,,,30.0,38.0,0.0,
esto__13__Total_final_energy_consumption,Electricity,ESTO,,14422.35018,,,,,,,,,,,0.0,
esto__13__Total_final_energy_consumption,Ethane,ESTO,,0.0,,,,,,,,,,,0.0,
esto__13__Total_final_energy_consumption,Fuel oil,ESTO,,164.962893,,,,,,,,,,,0.0,
esto__13__Total_final_energy_consumption,Fuelwood & woodwaste,ESTO,,0.0,,,,,,,,,,,0.0,
esto__13__Total_final_energy_consumption,Gas coke,ESTO,,0.0,,,,,,,,,,,0.0,
esto__13__Total_final_energy_consumption,Gas/diesel oil,ESTO,,7573.724085,,,,,,,,,,,0.0,
esto__13__Total_final_energy_consumption,Gasoline type jet fuel,ESTO,,0.0,,,,,,,,,,,0.0,
esto__13__Total_final_energy_consumption,Geothermal,ESTO,,14.879175,,,,,,,,,,,0.0,
esto__13__Total_final_energy_consumption,Heat,ESTO,,228.902656,,,,,,,,,,,0.0,
esto__13__Total_final_energy_consumption,Hydrogen,ESTO,,0.0,,,,,,,,,,,0.0,
esto__13__Total_final_energy_consumption,Industrial waste,ESTO,,14.96086,,,,,,,,,,,0.0,
esto__13__Total_final_energy_consumption,Kerosene,ESTO,,9.307089,,,,,,,,,,,0.0,
esto__13__Total_final_energy_consumption,Kerosene type jet fuel,ESTO,,2238.854289,,,,,,,,,,,0.0,
esto__13__Total_final_energy_consumption,LNG,ESTO,,0.0,,,,,,,,,,,0.0,
esto__13__Total_final_energy_consumption,LPG,ESTO,,328.646969,,,,,,,,,,,0.0,
esto__13__Total_final_energy_consumption,Lignite,ESTO,,5.318366,,,,,,,,,,,0.0,
esto__13__Total_final_energy_consumption,Lubricants,ESTO,,0.0,,,,,,,,,,,0.0,
esto__13__Total_final_energy_consumption,Motor gasoline,ESTO,,15155.61779,,,,,,,,,,,0.0,
esto__13__Total_final_energy_consumption,Municipal solid waste (non-renewable),ESTO,,11.366032,,,,,,,,,,,0.0,
esto__13__Total_final_energy_consumption,Municipal solid waste (renewable),ESTO,,9.299427,,,,,,,,,,,0.0,
esto__13__Total_final_energy_consumption,Naphtha,ESTO,,0.0,,,,,,,,,,,0.0,
esto__13__Total_final_energy_consumption,Natural gas,ESTO,,15469.21363,,,,,,,,,,,0.0,
esto__13__Total_final_energy_consumption,Other biomass,ESTO,,1889.043548,,,,,,,,,,,0.0,
esto__13__Total_final_energy_consumption,Other bituminous coal,ESTO,,304.51417,,,,,,,,,,,0.0,
esto__13__Total_final_energy_consumption,Other liquid biofuels,ESTO,,11.087986,,,,,,,,,,,0.0,
esto__13__Total_final_energy_consumption,Other products,ESTO,,0.0,,,,,,,,,,,0.0,
esto__13__Total_final_energy_consumption,Other recovered gases,ESTO,,0.0,,,,,,,,,,,0.0,
esto__13__Total_final_energy_consumption,Other sources,ESTO,,0.0,,,,,,,,,,,0.0,
esto__13__Total_final_energy_consumption,Paraffin waxes,ESTO,,0.0,,,,,,,,,,,0.0,
esto__13__Total_final_energy_consumption,Patent fuel,ESTO,,0.0,,,,,,,,,,,0.0,
esto__13__Total_final_energy_consumption,PetProd nonspecified,ESTO,,0.0,,,,,,,,,,,0.0,
esto__13__Total_final_energy_consumption,Petroleum coke,ESTO,,74.192985,,,,,,,,,,,0.0,
esto__13__Total_final_energy_consumption,Refinery gas (not liquefied),ESTO,,0.0,,,,,,,,,,,0.0,
esto__13__Total_final_energy_consumption,Solar nonspecified,ESTO,,131.281678,,,,,,,,,,,0.0,
esto__13__Total_final_energy_consumption,Sub-bituminous coal,ESTO,,110.501794,,,,,,,,,,,0.0,
esto__13__Total_final_energy_consumption,White spirit SBP,ESTO,,0.0,,,,,,,,,,,0.0,
esto__14_01__Mining_and_quarrying,Bagasse,ESTO,,0.0,,,,,,,,,,,0.0,
esto__14_01__Mining_and_quarrying,Bagasse,Target,0.00269037934701649,,,,,,0.0,,,,2.0,38.0,0.0,
esto__14_01__Mining_and_quarrying,Bio jet kerosene,ESTO,,0.0,,,,,,,,,,,0.0,
esto__14_01__Mining_and_quarrying,Bio jet kerosene,Target,0.00269037934701649,,,,,,0.0,,,,2.0,38.0,0.0,
esto__14_01__Mining_and_quarrying,Biodiesel,ESTO,,0.688729,,,,,,,,,,,0.0,
esto__14_01__Mining_and_quarrying,Biodiesel,Target,0.00269037934701649,,,,,,0.0,,,,2.0,38.0,0.0,
esto__14_01__Mining_and_quarrying,Biogas,ESTO,,0.0,,,,,,,,,,,0.0,
esto__14_01__Mining_and_quarrying,Biogas,Target,0.00269037934701649,,,,,,0.0,,,,2.0,38.0,0.0,
esto__14_01__Mining_and_quarrying,Biogasoline,ESTO,,0.0,,,,,,,,,,,0.0,
esto__14_01__Mining_and_quarrying,Biogasoline,Target,0.00269037934701649,,,,,,0.0,,,,2.0,38.0,0.0,
esto__14_01__Mining_and_quarrying,Black liqour,ESTO,,0.0,,,,,,,,,,,0.0,
esto__14_01__Mining_and_quarrying,Black liqour,Target,0.00269037934701649,,,,,,0.0,,,,2.0,38.0,0.0,
esto__14_01__Mining_and_quarrying,Charcoal,ESTO,,0.0,,,,,,,,,,,0.0,
esto__14_01__Mining_and_quarrying,Charcoal,Target,0.00269037934701649,,,,,,0.0,,,,2.0,38.0,0.0,
esto__14_01__Mining_and_quarrying,Electricity,ESTO,,139.506856,,,,,,,,,,,0.0,
esto__14_01__Mining_and_quarrying,Fuel oil,ESTO,,24.344358,,,,,,,,,,,0.0,
esto__14_01__Mining_and_quarrying,Fuelwood & woodwaste,ESTO,,0.0,,,,,,,,,,,0.0,
esto__14_01__Mining_and_quarrying,Fuelwood & woodwaste,Target,0.00269037934701649,,,,,,0.0,,,,2.0,38.0,0.0,
esto__14_01__Mining_and_quarrying,Gas/diesel oil,ESTO,,49.19804,,,,,,,,,,,0.0,
esto__14_01__Mining_and_quarrying,Industrial waste,ESTO,,0.0,,,,,,,,,,,0.0,
esto__14_01__Mining_and_quarrying,Industrial waste,Target,0.00269037934701649,,,,,,0.0,,,,2.0,38.0,0.0,
esto__14_01__Mining_and_quarrying,Motor gasoline,ESTO,,5.682702,,,,,,,,,,,0.0,
esto__14_01__Mining_and_quarrying,Municipal solid waste (non-renewable),ESTO,,0.0,,,,,,,,,,,0.0,
esto__14_01__Mining_and_quarrying,Municipal solid waste (non-renewable),Target,0.00269037934701649,,,,,,0.0,,,,2.0,38.0,0.0,
esto__14_01__Mining_and_quarrying,Municipal solid waste (renewable),ESTO,,0.0,,,,,,,,,,,0.0,
esto__14_01__Mining_and_quarrying,Municipal solid waste (renewable),Target,0.00269037934701649,,,,,,0.0,,,,2.0,38.0,0.0,
esto__14_01__Mining_and_quarrying,Natural gas,ESTO,,87.917566,,,,,,,,,,,0.0,
esto__14_01__Mining_and_quarrying,Other biomass,ESTO,,0.0,,,,,,,,,,,0.0,
esto__14_01__Mining_and_quarrying,Other biomass,Target,0.00269037934701649,,,,,,0.0,,,,2.0,38.0,0.0,
esto__14_01__Mining_and_quarrying,Other liquid biofuels,ESTO,,0.0,,,,,,,,,,,0.0,
esto__14_01__Mining_and_quarrying,Other liquid biofuels,Target,0.00269037934701649,,,,,,0.0,,,,2.0,38.0,0.0,
esto__14_01__Mining_and_quarrying,Other sources,ESTO,,0.0,,,,,,,,,,,0.0,
esto__14_01__Mining_and_quarrying,Other sources,Target,0.00269037934701649,,,,,,0.0,,,,2.0,38.0,0.0,
esto__14_02__Construction,Bagasse,ESTO,,0.0,,,,,,,,,,,0.0,
esto__14_02__Construction,Bagasse,Target,0.02815511827905194,,,,,,0.0,,,,5.0,38.0,0.0,
esto__14_02__Construction,Bio jet kerosene,ESTO,,0.0,,,,,,,,,,,0.0,
esto__14_02__Construction,Bio jet kerosene,Target,0.02815511827905194,,,,,,0.0,,,,5.0,38.0,0.0,
esto__14_02__Construction,Biodiesel,ESTO,,7.207702,,,,,,,,,,,0.0,
esto__14_02__Construction,Biodiesel,Target,0.02815511827905194,,,,,,0.0,,,,5.0,38.0,0.0,
esto__14_02__Construction,Biogas,ESTO,,0.0,,,,,,,,,,,0.0,
esto__14_02__Construction,Biogas,Target,0.02815511827905194,,,,,,0.0,,,,5.0,38.0,0.0,
esto__14_02__Construction,Biogasoline,ESTO,,0.0,,,,,,,,,,,0.0,
esto__14_02__Construction,Biogasoline,Target,0.02815511827905194,,,,,,0.0,,,,5.0,38.0,0.0,
esto__14_02__Construction,Black liqour,ESTO,,0.0,,,,,,,,,,,0.0,
esto__14_02__Construction,Black liqour,Target,0.02815511827905194,,,,,,0.0,,,,5.0,38.0,0.0,
esto__14_02__Construction,Charcoal,ESTO,,0.0,,,,,,,,,,,0.0,
esto__14_02__Construction,Charcoal,Target,0.02815511827905194,,,,,,0.0,,,,5.0,38.0,0.0,
esto__14_02__Construction,Electricity,ESTO,,274.664798,,,,,,,,,,,0.0,
esto__14_02__Construction,Fuelwood & woodwaste,ESTO,,0.0,,,,,,,,,,,0.0,
esto__14_02__Construction,Fuelwood & woodwaste,Target,0.02815511827905194,,,,,,0.0,,,,5.0,38.0,0.0,
esto__14_02__Construction,Gas/diesel oil,ESTO,,514.85067,,,,,,,,,,,0.0,
esto__14_02__Construction,Industrial waste,ESTO,,0.0,,,,,,,,,,,0.0,
esto__14_02__Construction,Industrial waste,Target,0.02815511827905194,,,,,,0.0,,,,5.0,38.0,0.0,
esto__14_02__Construction,LPG,ESTO,,15.672532,,,,,,,,,,,0.0,
esto__14_02__Construction,Municipal solid waste (non-renewable),ESTO,,0.0,,,,,,,,,,,0.0,
esto__14_02__Construction,Municipal solid waste (non-renewable),Target,0.02815511827905194,,,,,,0.0,,,,5.0,38.0,0.0,
esto__14_02__Construction,Municipal solid waste (renewable),ESTO,,0.0,,,,,,,,,,,0.0,
esto__14_02__Construction,Municipal solid waste (renewable),Target,0.02815511827905194,,,,,,0.0,,,,5.0,38.0,0.0,
esto__14_02__Construction,Natural gas,ESTO,,233.878207,,,,,,,,,,,0.0,
esto__14_02__Construction,Other biomass,ESTO,,0.0,,,,,,,,,,,0.0,
esto__14_02__Construction,Other biomass,Target,0.02815511827905194,,,,,,0.0,,,,5.0,38.0,0.0,
esto__14_02__Construction,Other liquid biofuels,ESTO,,0.0,,,,,,,,,,,0.0,
esto__14_02__Construction,Other liquid biofuels,Target,0.02815511827905194,,,,,,0.0,,,,5.0,38.0,0.0,
esto__14_02__Construction,Other sources,ESTO,,0.0,,,,,,,,,,,0.0,
esto__14_02__Construction,Other sources,Target,0.02815511827905194,,,,,,0.0,,,,5.0,38.0,0.0,
esto__14_03_01__Iron_and_steel,Anthracite,ESTO,,0.0,,,,,,,,,,,0.0,
esto__14_03_01__Iron_and_steel,BKB/PB,ESTO,,0.0,,,,,,,,,,,0.0,
esto__14_03_01__Iron_and_steel,Bagasse,ESTO,,0.0,,,,,,,,,,,0.0,
esto__14_03_01__Iron_and_steel,Bagasse,Target,0.00020610179047510262,,,,,,0.0,,,,1.0,38.0,0.0,
esto__14_03_01__Iron_and_steel,Bio jet kerosene,ESTO,,0.0,,,,,,,,,,,0.0,
esto__14_03_01__Iron_and_steel,Bio jet kerosene,Target,0.00020610179047510262,,,,,,0.0,,,,1.0,38.0,0.0,
esto__14_03_01__Iron_and_steel,Biodiesel,ESTO,,0.052754,,,,,,,,,,,0.0,
esto__14_03_01__Iron_and_steel,Biodiesel,Target,0.00020610179047510262,,,,,,0.0,,,,1.0,38.0,0.0,
esto__14_03_01__Iron_and_steel,Biogas,ESTO,,0.0,,,,,,,,,,,0.0,
esto__14_03_01__Iron_and_steel,Biogas,Target,0.00020610179047510262,,,,,,0.0,,,,1.0,38.0,0.0,
esto__14_03_01__Iron_and_steel,Biogasoline,ESTO,,0.0,,,,,,,,,,,0.0,
esto__14_03_01__Iron_and_steel,Biogasoline,Target,0.00020610179047510262,,,,,,0.0,,,,1.0,38.0,0.0,
esto__14_03_01__Iron_and_steel,Black liqour,ESTO,,0.0,,,,,,,,,,,0.0,
esto__14_03_01__Iron_and_steel,Black liqour,Target,0.00020610179047510262,,,,,,0.0,,,,1.0,38.0,0.0,
esto__14_03_01__Iron_and_steel,Blast furnace gas,ESTO,,45.491006,,,,,,,,,,,0.0,
esto__14_03_01__Iron_and_steel,Charcoal,ESTO,,0.0,,,,,,,,,,,0.0,
esto__14_03_01__Iron_and_steel,Charcoal,Target,0.00020610179047510262,,,,,,0.0,,,,1.0,38.0,0.0,
esto__14_03_01__Iron_and_steel,Coal nonspecified,ESTO,,0.0,,,,,,,,,,,0.0,
esto__14_03_01__Iron_and_steel,Coal tar,ESTO,,0.0,,,,,,,,,,,0.0,
esto__14_03_01__Iron_and_steel,Coke oven coke,ESTO,,59.69284,,,,,,,,,,,0.0,
esto__14_03_01__Iron_and_steel,Coke oven gas,ESTO,,0.184512,,,,,,,,,,,0.0,
esto__14_03_01__Iron_and_steel,Electricity,ESTO,,210.228816,,,,,,,,,,,0.0,
esto__14_03_01__Iron_and_steel,Fuel oil,ESTO,,5.595826,,,,,,,,,,,0.0,
esto__14_03_01__Iron_and_steel,Fuelwood & woodwaste,ESTO,,0.0,,,,,,,,,,,0.0,
esto__14_03_01__Iron_and_steel,Fuelwood & woodwaste,Target,0.00020610179047510262,,,,,,0.0,,,,1.0,38.0,0.0,
esto__14_03_01__Iron_and_steel,Gas coke,ESTO,,0.0,,,,,,,,,,,0.0,
esto__14_03_01__Iron_and_steel,Gas/diesel oil,ESTO,,3.767576,,,,,,,,,,,0.0,
esto__14_03_01__Iron_and_steel,Heat,ESTO,,6.639344,,,,,,,,,,,0.0,
esto__14_03_01__Iron_and_steel,Hydrogen,ESTO,,0.0,,,,,,,,,,,0.0,
esto__14_03_01__Iron_and_steel,Hydrogen,Target,,,,,,,0.0,,,,0.0,38.0,0.0,
esto__14_03_01__Iron_and_steel,Industrial waste,ESTO,,0.0,,,,,,,,,,,0.0,
esto__14_03_01__Iron_and_steel,LPG,ESTO,,0.298603,,,,,,,,,,,0.0,
esto__14_03_01__Iron_and_steel,Municipal solid waste (non-renewable),ESTO,,0.0,,,,,,,,,,,0.0,
esto__14_03_01__Iron_and_steel,Municipal solid waste (non-renewable),Target,0.00020610179047510262,,,,,,0.0,,,,1.0,38.0,0.0,
esto__14_03_01__Iron_and_steel,Municipal solid waste (renewable),ESTO,,0.0,,,,,,,,,,,0.0,
esto__14_03_01__Iron_and_steel,Municipal solid waste (renewable),Target,0.00020610179047510262,,,,,,0.0,,,,1.0,38.0,0.0,
esto__14_03_01__Iron_and_steel,Natural gas,ESTO,,240.864301,,,,,,,,,,,0.0,
esto__14_03_01__Iron_and_steel,Other biomass,ESTO,,0.0,,,,,,,,,,,0.0,
esto__14_03_01__Iron_and_steel,Other biomass,Target,0.00020610179047510262,,,,,,0.0,,,,1.0,38.0,0.0,
esto__14_03_01__Iron_and_steel,Other bituminous coal,ESTO,,4.646259,,,,,,,,,,,0.0,
esto__14_03_01__Iron_and_steel,Other liquid biofuels,ESTO,,0.0,,,,,,,,,,,0.0,
esto__14_03_01__Iron_and_steel,Other liquid biofuels,Target,0.00020610179047510262,,,,,,0.0,,,,1.0,38.0,0.0,
esto__14_03_01__Iron_and_steel,Other recovered gases,ESTO,,0.0,,,,,,,,,,,0.0,
esto__14_03_01__Iron_and_steel,Other sources,ESTO,,0.0,,,,,,,,,,,0.0,
esto__14_03_01__Iron_and_steel,Other sources,Target,0.00020610179047510262,,,,,,0.0,,,,1.0,38.0,0.0,
esto__14_03_01__Iron_and_steel,Patent fuel,ESTO,,0.0,,,,,,,,,,,0.0,
esto__14_03_01__Iron_and_steel,Petroleum coke,ESTO,,0.0,,,,,,,,,,,0.0,
esto__14_03_01__Iron_and_steel,Sub-bituminous coal,ESTO,,0.0,,,,,,,,,,,0.0,
esto__14_03_02__Chemical__incl__petrochemical,Anthracite,ESTO,,1.724124,,,,,,,,,,,0.0,
esto__14_03_02__Chemical__incl__petrochemical,Aviation gasoline,ESTO,,0.0,,,,,,,,,,,0.0,
esto__14_03_02__Chemical__incl__petrochemical,Bagasse,ESTO,,0.0,,,,,,,,,,,0.0,
esto__14_03_02__Chemical__incl__petrochemical,Bagasse,Target,0.044321085853340055,,,,,,0.0,,,,7.0,38.0,0.0,
esto__14_03_02__Chemical__incl__petrochemical,Bio jet kerosene,ESTO,,0.0,,,,,,,,,,,0.0,
esto__14_03_02__Chemical__incl__petrochemical,Bio jet kerosene,Target,0.044321085853340055,,,,,,0.0,,,,7.0,38.0,0.0,
esto__14_03_02__Chemical__incl__petrochemical,Biodiesel,ESTO,,0.585733,,,,,,,,,,,0.0,
esto__14_03_02__Chemical__incl__petrochemical,Biodiesel,Target,0.044321085853340055,,,,,,0.0,,,,7.0,38.0,0.0,
esto__14_03_02__Chemical__incl__petrochemical,Biogas,ESTO,,0.471685,,,,,,,,,,,0.0,
esto__14_03_02__Chemical__incl__petrochemical,Biogas,Target,0.044321085853340055,,,,,,0.0,,,,7.0,38.0,0.0,
esto__14_03_02__Chemical__incl__petrochemical,Biogasoline,ESTO,,0.0,,,,,,,,,,,0.0,
esto__14_03_02__Chemical__incl__petrochemical,Biogasoline,Target,0.044321085853340055,,,,,,0.0,,,,7.0,38.0,0.0,
esto__14_03_02__Chemical__incl__petrochemical,Bitumen,ESTO,,0.0,,,,,,,,,,,0.0,
esto__14_03_02__Chemical__incl__petrochemical,Black liqour,ESTO,,0.0,,,,,,,,,,,0.0,
esto__14_03_02__Chemical__incl__petrochemical,Black liqour,Target,0.044321085853340055,,,,,,0.0,,,,7.0,38.0,0.0,
esto__14_03_02__Chemical__incl__petrochemical,Blast furnace gas,ESTO,,0.0,,,,,,,,,,,0.0,
esto__14_03_02__Chemical__incl__petrochemical,Charcoal,ESTO,,0.0,,,,,,,,,,,0.0,
esto__14_03_02__Chemical__incl__petrochemical,Charcoal,Target,0.044321085853340055,,,,,,0.0,,,,7.0,38.0,0.0,
esto__14_03_02__Chemical__incl__petrochemical,Coal nonspecified,ESTO,,0.0,,,,,,,,,,,0.0,
esto__14_03_02__Chemical__incl__petrochemical,Coke oven gas,ESTO,,0.0,,,,,,,,,,,0.0,
esto__14_03_02__Chemical__incl__petrochemical,Electricity,ESTO,,414.750563,,,,,,,,,,,0.0,
esto__14_03_02__Chemical__incl__petrochemical,Ethane,ESTO,,0.0,,,,,,,,,,,0.0,
esto__14_03_02__Chemical__incl__petrochemical,Fuel oil,ESTO,,41.018498,,,,,,,,,,,0.0,
esto__14_03_02__Chemical__incl__petrochemical,Fuelwood & woodwaste,ESTO,,0.0,,,,,,,,,,,0.0,
esto__14_03_02__Chemical__incl__petrochemical,Fuelwood & woodwaste,Target,0.044321085853340055,,,,,,0.0,,,,7.0,38.0,0.0,
esto__14_03_02__Chemical__incl__petrochemical,Gas/diesel oil,ESTO,,41.83752,,,,,,,,,,,0.0,
esto__14_03_02__Chemical__incl__petrochemical,Gasoline type jet fuel,ESTO,,0.0,,,,,,,,,,,0.0,
esto__14_03_02__Chemical__incl__petrochemical,Heat,ESTO,,110.833639,,,,,,,,,,,0.0,
esto__14_03_02__Chemical__incl__petrochemical,Industrial waste,ESTO,,8.037191,,,,,,,,,,,0.0,
esto__14_03_02__Chemical__incl__petrochemical,Industrial waste,Target,0.044321085853340055,,,,,,0.0,,,,7.0,38.0,0.0,
esto__14_03_02__Chemical__incl__petrochemical,Kerosene,ESTO,,0.0,,,,,,,,,,,0.0,
esto__14_03_02__Chemical__incl__petrochemical,Kerosene type jet fuel,ESTO,,0.0,,,,,,,,,,,0.0,
esto__14_03_02__Chemical__incl__petrochemical,LPG,ESTO,,4.079534,,,,,,,,,,,0.0,
esto__14_03_02__Chemical__incl__petrochemical,Lignite,ESTO,,4.807284,,,,,,,,,,,0.0,
esto__14_03_02__Chemical__incl__petrochemical,Lubricants,ESTO,,0.0,,,,,,,,,,,0.0,
esto__14_03_02__Chemical__incl__petrochemical,Municipal solid waste (non-renewable),ESTO,,0.0,,,,,,,,,,,0.0,
esto__14_03_02__Chemical__incl__petrochemical,Municipal solid waste (non-renewable),Target,0.044321085853340055,,,,,,0.0,,,,7.0,38.0,0.0,
esto__14_03_02__Chemical__incl__petrochemical,Municipal solid waste (renewable),ESTO,,0.0,,,,,,,,,,,0.0,
esto__14_03_02__Chemical__incl__petrochemical,Municipal solid waste (renewable),Target,0.044321085853340055,,,,,,0.0,,,,7.0,38.0,0.0,
esto__14_03_02__Chemical__incl__petrochemical,Naphtha,ESTO,,0.0,,,,,,,,,,,0.0,
esto__14_03_02__Chemical__incl__petrochemical,Natural gas,ESTO,,2396.374893,,,,,,,,,,,0.0,
esto__14_03_02__Chemical__incl__petrochemical,Other biomass,ESTO,,2.230936,,,,,,,,,,,0.0,
esto__14_03_02__Chemical__incl__petrochemical,Other biomass,Target,0.044321085853340055,,,,,,0.0,,,,7.0,38.0,0.0,
esto__14_03_02__Chemical__incl__petrochemical,Other bituminous coal,ESTO,,39.547969,,,,,,,,,,,0.0,
esto__14_03_02__Chemical__incl__petrochemical,Other liquid biofuels,ESTO,,0.020641,,,,,,,,,,,0.0,
esto__14_03_02__Chemical__incl__petrochemical,Other liquid biofuels,Target,0.044321085853340055,,,,,,0.0,,,,7.0,38.0,0.0,
esto__14_03_02__Chemical__incl__petrochemical,Other products,ESTO,,0.0,,,,,,,,,,,0.0,
esto__14_03_02__Chemical__incl__petrochemical,Other sources,ESTO,,0.0,,,,,,,,,,,0.0,
esto__14_03_02__Chemical__incl__petrochemical,Other sources,Target,0.044321085853340055,,,,,,0.0,,,,7.0,38.0,0.0,
esto__14_03_02__Chemical__incl__petrochemical,Paraffin waxes,ESTO,,0.0,,,,,,,,,,,0.0,
esto__14_03_02__Chemical__incl__petrochemical,PetProd nonspecified,ESTO,,0.0,,,,,,,,,,,0.0,
esto__14_03_02__Chemical__incl__petrochemical,Petroleum coke,ESTO,,17.899114,,,,,,,,,,,0.0,
esto__14_03_02__Chemical__incl__petrochemical,Refinery gas (not liquefied),ESTO,,0.0,,,,,,,,,,,0.0,
esto__14_03_02__Chemical__incl__petrochemical,Sub-bituminous coal,ESTO,,13.219737,,,,,,,,,,,0.0,
esto__14_03_02__Chemical__incl__petrochemical,White spirit SBP,ESTO,,0.0,,,,,,,,,,,0.0,
esto__14_03_03__Non_ferrous_metals,Aviation gasoline,ESTO,,0.0,,,,,,,,,,,0.0,
esto__14_03_03__Non_ferrous_metals,Bagasse,ESTO,,0.0,,,,,,,,,,,0.0,
esto__14_03_03__Non_ferrous_metals,Bagasse,Target,3.979094875054685e-05,,,,,,0.0,,,,1.0,38.0,0.0,
esto__14_03_03__Non_ferrous_metals,Bio jet kerosene,ESTO,,0.0,,,,,,,,,,,0.0,
esto__14_03_03__Non_ferrous_metals,Bio jet kerosene,Target,3.979094875054685e-05,,,,,,0.0,,,,1.0,38.0,0.0,
esto__14_03_03__Non_ferrous_metals,Biodiesel,ESTO,,0.010174,,,,,,,,,,,0.0,
esto__14_03_03__Non_ferrous_metals,Biodiesel,Target,3.979094875054685e-05,,,,,,0.0,,,,1.0,38.0,0.0,
esto__14_03_03__Non_ferrous_metals,Biogas,ESTO,,0.0,,,,,,,,,,,0.0,
esto__14_03_03__Non_ferrous_metals,Biogas,Target,3.979094875054685e-05,,,,,,0.0,,,,1.0,38.0,0.0,
esto__14_03_03__Non_ferrous_metals,Biogasoline,ESTO,,0.0,,,,,,,,,,,0.0,
esto__14_03_03__Non_ferrous_metals,Biogasoline,Target,3.979094875054685e-05,,,,,,0.0,,,,1.0,38.0,0.0,
esto__14_03_03__Non_ferrous_metals,Bitumen,ESTO,,0.0,,,,,,,,,,,0.0,
esto__14_03_03__Non_ferrous_metals,Black liqour,ESTO,,0.0,,,,,,,,,,,0.0,
esto__14_03_03__Non_ferrous_metals,Black liqour,Target,3.979094875054685e-05,,,,,,0.0,,,,1.0,38.0,0.0,
esto__14_03_03__Non_ferrous_metals,Charcoal,ESTO,,0.0,,,,,,,,,,,0.0,
esto__14_03_03__Non_ferrous_metals,Charcoal,Target,3.979094875054685e-05,,,,,,0.0,,,,1.0,38.0,0.0,
esto__14_03_03__Non_ferrous_metals,Electricity,ESTO,,142.698914,,,,,,,,,,,0.0,
esto__14_03_03__Non_ferrous_metals,Ethane,ESTO,,0.0,,,,,,,,,,,0.0,
esto__14_03_03__Non_ferrous_metals,Fuelwood & woodwaste,ESTO,,0.0,,,,,,,,,,,0.0,
esto__14_03_03__Non_ferrous_metals,Fuelwood & woodwaste,Target,3.979094875054685e-05,,,,,,0.0,,,,1.0,38.0,0.0,
esto__14_03_03__Non_ferrous_metals,Gas/diesel oil,ESTO,,0.726494,,,,,,,,,,,0.0,
esto__14_03_03__Non_ferrous_metals,Gasoline type jet fuel,ESTO,,0.0,,,,,,,,,,,0.0,
esto__14_03_03__Non_ferrous_metals,Heat,ESTO,,3.546052,,,,,,,,,,,0.0,
esto__14_03_03__Non_ferrous_metals,Industrial waste,ESTO,,0.0,,,,,,,,,,,0.0,
esto__14_03_03__Non_ferrous_metals,Industrial waste,Target,3.979094875054685e-05,,,,,,0.0,,,,1.0,38.0,0.0,
esto__14_03_03__Non_ferrous_metals,Kerosene,ESTO,,0.0,,,,,,,,,,,0.0,
esto__14_03_03__Non_ferrous_metals,Kerosene type jet fuel,ESTO,,0.0,,,,,,,,,,,0.0,
esto__14_03_03__Non_ferrous_metals,LPG,ESTO,,0.347044,,,,,,,,,,,0.0,
esto__14_03_03__Non_ferrous_metals,Lubricants,ESTO,,0.0,,,,,,,,,,,0.0,
esto__14_03_03__Non_ferrous_metals,Municipal solid waste (non-renewable),ESTO,,0.0,,,,,,,,,,,0.0,
esto__14_03_03__Non_ferrous_metals,Municipal solid waste (non-renewable),Target,3.979094875054685e-05,,,,,,0.0,,,,1.0,38.0,0.0,
esto__14_03_03__Non_ferrous_metals,Municipal solid waste (renewable),ESTO,,0.0,,,,,,,,,,,0.0,
esto__14_03_03__Non_ferrous_metals,Municipal solid waste (renewable),Target,3.979094875054685e-05,,,,,,0.0,,,,1.0,38.0,0.0,
esto__14_03_03__Non_ferrous_metals,Naphtha,ESTO,,0.0,,,,,,,,,,,0.0,
esto__14_03_03__Non_ferrous_metals,Natural gas,ESTO,,159.098274,,,,,,,,,,,0.0,
esto__14_03_03__Non_ferrous_metals,Other biomass,ESTO,,0.0,,,,,,,,,,,0.0,
esto__14_03_03__Non_ferrous_metals,Other biomass,Target,3.979094875054685e-05,,,,,,0.0,,,,1.0,38.0,0.0,
esto__14_03_03__Non_ferrous_metals,Other liquid biofuels,ESTO,,0.0,,,,,,,,,,,0.0,
esto__14_03_03__Non_ferrous_metals,Other liquid biofuels,Target,3.979094875054685e-05,,,,,,0.0,,,,1.0,38.0,0.0,
esto__14_03_03__Non_ferrous_metals,Other products,ESTO,,0.0,,,,,,,,,,,0.0,
esto__14_03_03__Non_ferrous_metals,Other sources,ESTO,,0.0,,,,,,,,,,,0.0,
esto__14_03_03__Non_ferrous_metals,Other sources,Target,3.979094875054685e-05,,,,,,0.0,,,,1.0,38.0,0.0,
esto__14_03_03__Non_ferrous_metals,Paraffin waxes,ESTO,,0.0,,,,,,,,,,,0.0,
esto__14_03_03__Non_ferrous_metals,PetProd nonspecified,ESTO,,0.0,,,,,,,,,,,0.0,
esto__14_03_03__Non_ferrous_metals,Petroleum coke,ESTO,,4.20472,,,,,,,,,,,0.0,
esto__14_03_03__Non_ferrous_metals,Refinery gas (not liquefied),ESTO,,0.0,,,,,,,,,,,0.0,
esto__14_03_03__Non_ferrous_metals,White spirit SBP,ESTO,,0.0,,,,,,,,,,,0.0,
esto__14_03_04__Non-metallic_mineral_products,Anthracite,ESTO,,0.0,,,,,,,,,,,0.0,
esto__14_03_04__Non-metallic_mineral_products,Aviation gasoline,ESTO,,0.0,,,,,,,,,,,0.0,
esto__14_03_04__Non-metallic_mineral_products,Bagasse,ESTO,,0.0,,,,,,,,,,,0.0,
esto__14_03_04__Non-metallic_mineral_products,Bio jet kerosene,ESTO,,0.0,,,,,,,,,,,0.0,
esto__14_03_04__Non-metallic_mineral_products,Biodiesel,ESTO,,0.175594,,,,,,,,,,,0.0,
esto__14_03_04__Non-metallic_mineral_products,Biogas,ESTO,,0.0,,,,,,,,,,,0.0,
esto__14_03_04__Non-metallic_mineral_products,Biogasoline,ESTO,,0.0,,,,,,,,,,,0.0,
esto__14_03_04__Non-metallic_mineral_products,Bitumen,ESTO,,0.0,,,,,,,,,,,0.0,
esto__14_03_04__Non-metallic_mineral_products,Black liqour,ESTO,,0.0,,,,,,,,,,,0.0,
esto__14_03_04__Non-metallic_mineral_products,Charcoal,ESTO,,0.0,,,,,,,,,,,0.0,
esto__14_03_04__Non-metallic_mineral_products,Coal nonspecified,ESTO,,0.0,,,,,,,,,,,0.0,
esto__14_03_04__Non-metallic_mineral_products,Electricity,ESTO,,161.249159,,,,,,,,,,,0.0,
esto__14_03_04__Non-metallic_mineral_products,Ethane,ESTO,,0.0,,,,,,,,,,,0.0,
esto__14_03_04__Non-metallic_mineral_products,Fuel oil,ESTO,,3.783276,,,,,,,,,,,0.0,
esto__14_03_04__Non-metallic_mineral_products,Fuelwood & woodwaste,ESTO,,0.0,,,,,,,,,,,0.0,
esto__14_03_04__Non-metallic_mineral_products,Gas/diesel oil,ESTO,,12.541643,,,,,,,,,,,0.0,
esto__14_03_04__Non-metallic_mineral_products,Gasoline type jet fuel,ESTO,,0.0,,,,,,,,,,,0.0,
esto__14_03_04__Non-metallic_mineral_products,Heat,ESTO,,0.135234,,,,,,,,,,,0.0,
esto__14_03_04__Non-metallic_mineral_products,Industrial waste,ESTO,,0.0,,,,,,,,,,,0.0,
esto__14_03_04__Non-metallic_mineral_products,Kerosene,ESTO,,0.0,,,,,,,,,,,0.0,
esto__14_03_04__Non-metallic_mineral_products,Kerosene type jet fuel,ESTO,,0.0,,,,,,,,,,,0.0,
esto__14_03_04__Non-metallic_mineral_products,LPG,ESTO,,0.847366,,,,,,,,,,,0.0,
esto__14_03_04__Non-metallic_mineral_products,Lubricants,ESTO,,0.0,,,,,,,,,,,0.0,
esto__14_03_04__Non-metallic_mineral_products,Municipal solid waste (non-renewable),ESTO,,0.0,,,,,,,,,,,0.0,
esto__14_03_04__Non-metallic_mineral_products,Municipal solid waste (renewable),ESTO,,0.0,,,,,,,,,,,0.0,
esto__14_03_04__Non-metallic_mineral_products,Naphtha,ESTO,,0.0,,,,,,,,,,,0.0,
esto__14_03_04__Non-metallic_mineral_products,Natural gas,ESTO,,400.92847,,,,,,,,,,,0.0,
esto__14_03_04__Non-metallic_mineral_products,Other biomass,ESTO,,16.077103,,,,,,,,,,,0.0,
esto__14_03_04__Non-metallic_mineral_products,Other bituminous coal,ESTO,,173.961833,,,,,,,,,,,0.0,
esto__14_03_04__Non-metallic_mineral_products,Other liquid biofuels,ESTO,,0.0,,,,,,,,,,,0.0,
esto__14_03_04__Non-metallic_mineral_products,Other products,ESTO,,0.0,,,,,,,,,,,0.0,
esto__14_03_04__Non-metallic_mineral_products,Other sources,ESTO,,0.0,,,,,,,,,,,0.0,
esto__14_03_04__Non-metallic_mineral_products,Paraffin waxes,ESTO,,0.0,,,,,,,,,,,0.0,
esto__14_03_04__Non-metallic_mineral_products,PetProd nonspecified,ESTO,,0.0,,,,,,,,,,,0.0,
esto__14_03_04__Non-metallic_mineral_products,Petroleum coke,ESTO,,29.892705,,,,,,,,,,,0.0,
esto__14_03_04__Non-metallic_mineral_products,Refinery gas (not liquefied),ESTO,,0.0,,,,,,,,,,,0.0,
esto__14_03_04__Non-metallic_mineral_products,Sub-bituminous coal,ESTO,,6.030416,,,,,,,,,,,0.0,
esto__14_03_04__Non-metallic_mineral_products,White spirit SBP,ESTO,,0.0,,,,,,,,,,,0.0,
esto__14_03_05__Transportation_equipment,Bagasse,ESTO,,0.0,,,,,,,,,,,0.0,
esto__14_03_05__Transportation_equipment,Bagasse,Target,0.0007082888362995707,,,,,,0.0,,,,1.0,38.0,0.0,
esto__14_03_05__Transportation_equipment,Bio jet kerosene,ESTO,,0.0,,,,,,,,,,,0.0,
esto__14_03_05__Transportation_equipment,Bio jet kerosene,Target,0.0007082888362995707,,,,,,0.0,,,,1.0,38.0,0.0,
esto__14_03_05__Transportation_equipment,Biodiesel,ESTO,,0.030606,,,,,,,,,,,0.0,
esto__14_03_05__Transportation_equipment,Biodiesel,Target,0.0007082888362995707,,,,,,0.0,,,,1.0,38.0,0.0,
esto__14_03_05__Transportation_equipment,Biogas,ESTO,,0.150725,,,,,,,,,,,0.0,
esto__14_03_05__Transportation_equipment,Biogas,Target,0.0007082888362995707,,,,,,0.0,,,,1.0,38.0,0.0,
esto__14_03_05__Transportation_equipment,Biogasoline,ESTO,,0.0,,,,,,,,,,,0.0,
esto__14_03_05__Transportation_equipment,Biogasoline,Target,0.0007082888362995707,,,,,,0.0,,,,1.0,38.0,0.0,
esto__14_03_05__Transportation_equipment,Black liqour,ESTO,,0.0,,,,,,,,,,,0.0,
esto__14_03_05__Transportation_equipment,Black liqour,Target,0.0007082888362995707,,,,,,0.0,,,,1.0,38.0,0.0,
esto__14_03_05__Transportation_equipment,Charcoal,ESTO,,0.0,,,,,,,,,,,0.0,
esto__14_03_05__Transportation_equipment,Charcoal,Target,0.0007082888362995707,,,,,,0.0,,,,1.0,38.0,0.0,
esto__14_03_05__Transportation_equipment,Electricity,ESTO,,174.36364,,,,,,,,,,,0.0,
esto__14_03_05__Transportation_equipment,Fuel oil,ESTO,,15.797676,,,,,,,,,,,0.0,
esto__14_03_05__Transportation_equipment,Fuelwood & woodwaste,ESTO,,0.0,,,,,,,,,,,0.0,
esto__14_03_05__Transportation_equipment,Fuelwood & woodwaste,Target,0.0007082888362995707,,,,,,0.0,,,,1.0,38.0,0.0,
esto__14_03_05__Transportation_equipment,Gas/diesel oil,ESTO,,2.185091,,,,,,,,,,,0.0,
esto__14_03_05__Transportation_equipment,Heat,ESTO,,4.373489,,,,,,,,,,,0.0,
esto__14_03_05__Transportation_equipment,Industrial waste,ESTO,,0.0,,,,,,,,,,,0.0,
esto__14_03_05__Transportation_equipment,Industrial waste,Target,0.0007082888362995707,,,,,,0.0,,,,1.0,38.0,0.0,
esto__14_03_05__Transportation_equipment,LPG,ESTO,,0.847366,,,,,,,,,,,0.0,
esto__14_03_05__Transportation_equipment,Municipal solid waste (non-renewable),ESTO,,0.0,,,,,,,,,,,0.0,
esto__14_03_05__Transportation_equipment,Municipal solid waste (non-renewable),Target,0.0007082888362995707,,,,,,0.0,,,,1.0,38.0,0.0,
esto__14_03_05__Transportation_equipment,Municipal solid waste (renewable),ESTO,,0.0,,,,,,,,,,,0.0,
esto__14_03_05__Transportation_equipment,Municipal solid waste (renewable),Target,0.0007082888362995707,,,,,,0.0,,,,1.0,38.0,0.0,
esto__14_03_05__Transportation_equipment,Natural gas,ESTO,,159.249209,,,,,,,,,,,0.0,
esto__14_03_05__Transportation_equipment,Other biomass,ESTO,,0.0,,,,,,,,,,,0.0,
esto__14_03_05__Transportation_equipment,Other biomass,Target,0.0007082888362995707,,,,,,0.0,,,,1.0,38.0,0.0,
esto__14_03_05__Transportation_equipment,Other liquid biofuels,ESTO,,0.0,,,,,,,,,,,0.0,
esto__14_03_05__Transportation_equipment,Other liquid biofuels,Target,0.0007082888362995707,,,,,,0.0,,,,1.0,38.0,0.0,
esto__14_03_05__Transportation_equipment,Other sources,ESTO,,0.0,,,,,,,,,,,0.0,
esto__14_03_05__Transportation_equipment,Other sources,Target,0.0007082888362995707,,,,,,0.0,,,,1.0,38.0,0.0,
esto__14_03_06__Machinery,Anthracite,ESTO,,0.0,,,,,,,,,,,0.0,
esto__14_03_06__Machinery,Anthracite,Target,0.13494683003368219,,,,,,0.0,,,,4.0,38.0,0.0,
esto__14_03_06__Machinery,Aviation gasoline,ESTO,,0.0,,,,,,,,,,,0.0,
esto__14_03_06__Machinery,Bagasse,ESTO,,0.0,,,,,,,,,,,0.0,
esto__14_03_06__Machinery,Bagasse,Target,0.00031132788512302215,,,,,,0.0,,,,1.0,38.0,0.0,
esto__14_03_06__Machinery,Bio jet kerosene,ESTO,,0.0,,,,,,,,,,,0.0,
esto__14_03_06__Machinery,Bio jet kerosene,Target,0.00031132788512302215,,,,,,0.0,,,,1.0,38.0,0.0,
esto__14_03_06__Machinery,Biodiesel,ESTO,,0.079717,,,,,,,,,,,0.0,
esto__14_03_06__Machinery,Biodiesel,Target,0.00031132788512302215,,,,,,0.0,,,,1.0,38.0,0.0,
esto__14_03_06__Machinery,Biogas,ESTO,,0.0,,,,,,,,,,,0.0,
esto__14_03_06__Machinery,Biogas,Target,0.00031132788512302215,,,,,,0.0,,,,1.0,38.0,0.0,
esto__14_03_06__Machinery,Biogasoline,ESTO,,0.0,,,,,,,,,,,0.0,
esto__14_03_06__Machinery,Biogasoline,Target,0.00031132788512302215,,,,,,0.0,,,,1.0,38.0,0.0,
esto__14_03_06__Machinery,Bitumen,ESTO,,0.0,,,,,,,,,,,0.0,
esto__14_03_06__Machinery,Black liqour,ESTO,,0.0,,,,,,,,,,,0.0,
esto__14_03_06__Machinery,Black liqour,Target,0.00031132788512302215,,,,,,0.0,,,,1.0,38.0,0.0,
esto__14_03_06__Machinery,Charcoal,ESTO,,0.0,,,,,,,,,,,0.0,
esto__14_03_06__Machinery,Charcoal,Target,0.00031132788512302215,,,,,,0.0,,,,1.0,38.0,0.0,
esto__14_03_06__Machinery,Coal nonspecified,ESTO,,0.0,,,,,,,,,,,0.0,
esto__14_03_06__Machinery,Coal nonspecified,Target,0.13494683003368219,,,,,,0.0,,,,4.0,38.0,0.0,
esto__14_03_06__Machinery,Electricity,ESTO,,357.874141,,,,,,,,,,,0.0,
esto__14_03_06__Machinery,Ethane,ESTO,,0.0,,,,,,,,,,,0.0,
esto__14_03_06__Machinery,Fuelwood & woodwaste,ESTO,,0.0,,,,,,,,,,,0.0,
esto__14_03_06__Machinery,Fuelwood & woodwaste,Target,0.00031132788512302215,,,,,,0.0,,,,1.0,38.0,0.0,
esto__14_03_06__Machinery,Gas/diesel oil,ESTO,,5.693587,,,,,,,,,,,0.0,
esto__14_03_06__Machinery,Gasoline type jet fuel,ESTO,,0.0,,,,,,,,,,,0.0,
esto__14_03_06__Machinery,Heat,ESTO,,3.278599,,,,,,,,,,,0.0,
esto__14_03_06__Machinery,Industrial waste,ESTO,,0.0,,,,,,,,,,,0.0,
esto__14_03_06__Machinery,Industrial waste,Target,0.00031132788512302215,,,,,,0.0,,,,1.0,38.0,0.0,
esto__14_03_06__Machinery,Kerosene,ESTO,,0.0,,,,,,,,,,,0.0,
esto__14_03_06__Machinery,Kerosene type jet fuel,ESTO,,0.0,,,,,,,,,,,0.0,
esto__14_03_06__Machinery,LPG,ESTO,,6.121311,,,,,,,,,,,0.0,
esto__14_03_06__Machinery,Lubricants,ESTO,,0.0,,,,,,,,,,,0.0,
esto__14_03_06__Machinery,Municipal solid waste (non-renewable),ESTO,,0.0,,,,,,,,,,,0.0,
esto__14_03_06__Machinery,Municipal solid waste (non-renewable),Target,0.00031132788512302215,,,,,,0.0,,,,1.0,38.0,0.0,
esto__14_03_06__Machinery,Municipal solid waste (renewable),ESTO,,0.0,,,,,,,,,,,0.0,
esto__14_03_06__Machinery,Municipal solid waste (renewable),Target,0.00031132788512302215,,,,,,0.0,,,,1.0,38.0,0.0,
esto__14_03_06__Machinery,Naphtha,ESTO,,0.0,,,,,,,,,,,0.0,
esto__14_03_06__Machinery,Natural gas,ESTO,,227.31075,,,,,,,,,,,0.0,
esto__14_03_06__Machinery,Other biomass,ESTO,,0.0,,,,,,,,,,,0.0,
esto__14_03_06__Machinery,Other biomass,Target,0.00031132788512302215,,,,,,0.0,,,,1.0,38.0,0.0,
esto__14_03_06__Machinery,Other bituminous coal,ESTO,,2.159133,,,,,,,,,,,0.0,
esto__14_03_06__Machinery,Other liquid biofuels,ESTO,,0.0,,,,,,,,,,,0.0,
esto__14_03_06__Machinery,Other liquid biofuels,Target,0.00031132788512302215,,,,,,0.0,,,,1.0,38.0,0.0,
esto__14_03_06__Machinery,Other products,ESTO,,0.0,,,,,,,,,,,0.0,
esto__14_03_06__Machinery,Other sources,ESTO,,0.0,,,,,,,,,,,0.0,
esto__14_03_06__Machinery,Other sources,Target,0.00031132788512302215,,,,,,0.0,,,,1.0,38.0,0.0,
esto__14_03_06__Machinery,Paraffin waxes,ESTO,,0.0,,,,,,,,,,,0.0,
esto__14_03_06__Machinery,PetProd nonspecified,ESTO,,0.0,,,,,,,,,,,0.0,
esto__14_03_06__Machinery,Petroleum coke,ESTO,,2.549552,,,,,,,,,,,0.0,
esto__14_03_06__Machinery,Refinery gas (not liquefied),ESTO,,0.0,,,,,,,,,,,0.0,
esto__14_03_06__Machinery,Sub-bituminous coal,ESTO,,0.0,,,,,,,,,,,0.0,
esto__14_03_06__Machinery,White spirit SBP,ESTO,,0.0,,,,,,,,,,,0.0,
esto__14_03_07__Food__beverages_and_tobacco,Anthracite,ESTO,,1.186707,,,,,,,,,,,0.0,
esto__14_03_07__Food__beverages_and_tobacco,Bagasse,ESTO,,0.0,,,,,,,,,,,0.0,
esto__14_03_07__Food__beverages_and_tobacco,Bio jet kerosene,ESTO,,0.0,,,,,,,,,,,0.0,
esto__14_03_07__Food__beverages_and_tobacco,Biodiesel,ESTO,,0.150348,,,,,,,,,,,0.0,
esto__14_03_07__Food__beverages_and_tobacco,Biogas,ESTO,,0.093868,,,,,,,,,,,0.0,
esto__14_03_07__Food__beverages_and_tobacco,Biogasoline,ESTO,,0.0,,,,,,,,,,,0.0,
esto__14_03_07__Food__beverages_and_tobacco,Black liqour,ESTO,,0.0,,,,,,,,,,,0.0,
esto__14_03_07__Food__beverages_and_tobacco,Charcoal,ESTO,,0.0,,,,,,,,,,,0.0,
esto__14_03_07__Food__beverages_and_tobacco,Coal nonspecified,ESTO,,0.0,,,,,,,,,,,0.0,
esto__14_03_07__Food__beverages_and_tobacco,Coke oven gas,ESTO,,0.0,,,,,,,,,,,0.0,
esto__14_03_07__Food__beverages_and_tobacco,Electricity,ESTO,,369.475387,,,,,,,,,,,0.0,
esto__14_03_07__Food__beverages_and_tobacco,Fuel oil,ESTO,,7.367135,,,,,,,,,,,0.0,
esto__14_03_07__Food__beverages_and_tobacco,Fuelwood & woodwaste,ESTO,,0.0,,,,,,,,,,,0.0,
esto__14_03_07__Food__beverages_and_tobacco,Gas/diesel oil,ESTO,,10.739561,,,,,,,,,,,0.0,
esto__14_03_07__Food__beverages_and_tobacco,Heat,ESTO,,19.982215,,,,,,,,,,,0.0,
esto__14_03_07__Food__beverages_and_tobacco,Industrial waste,ESTO,,0.002805,,,,,,,,,,,0.0,
esto__14_03_07__Food__beverages_and_tobacco,LPG,ESTO,,3.082866,,,,,,,,,,,0.0,
esto__14_03_07__Food__beverages_and_tobacco,Lignite,ESTO,,0.511083,,,,,,,,,,,0.0,
esto__14_03_07__Food__beverages_and_tobacco,Municipal solid waste (non-renewable),ESTO,,0.0,,,,,,,,,,,0.0,
esto__14_03_07__Food__beverages_and_tobacco,Municipal solid waste (renewable),ESTO,,0.0,,,,,,,,,,,0.0,
esto__14_03_07__Food__beverages_and_tobacco,Natural gas,ESTO,,766.156558,,,,,,,,,,,0.0,
esto__14_03_07__Food__beverages_and_tobacco,Other biomass,ESTO,,23.805182,,,,,,,,,,,0.0,
esto__14_03_07__Food__beverages_and_tobacco,Other bituminous coal,ESTO,,35.393658,,,,,,,,,,,0.0,
esto__14_03_07__Food__beverages_and_tobacco,Other liquid biofuels,ESTO,,0.0,,,,,,,,,,,0.0,
esto__14_03_07__Food__beverages_and_tobacco,Other sources,ESTO,,0.0,,,,,,,,,,,0.0,
esto__14_03_07__Food__beverages_and_tobacco,Sub-bituminous coal,ESTO,,69.85052,,,,,,,,,,,0.0,
esto__14_03_08__Pulp__paper_and_printing,Anthracite,ESTO,,0.0,,,,,,,,,,,0.0,
esto__14_03_08__Pulp__paper_and_printing,Aviation gasoline,ESTO,,0.0,,,,,,,,,,,0.0,
esto__14_03_08__Pulp__paper_and_printing,Bagasse,ESTO,,0.0,,,,,,,,,,,0.0,
esto__14_03_08__Pulp__paper_and_printing,Bio jet kerosene,ESTO,,0.0,,,,,,,,,,,0.0,
esto__14_03_08__Pulp__paper_and_printing,Biodiesel,ESTO,,0.040821,,,,,,,,,,,0.0,
esto__14_03_08__Pulp__paper_and_printing,Biogas,ESTO,,0.154619,,,,,,,,,,,0.0,
esto__14_03_08__Pulp__paper_and_printing,Biogasoline,ESTO,,0.0,,,,,,,,,,,0.0,
esto__14_03_08__Pulp__paper_and_printing,Bitumen,ESTO,,0.0,,,,,,,,,,,0.0,
esto__14_03_08__Pulp__paper_and_printing,Black liqour,ESTO,,0.0,,,,,,,,,,,0.0,
esto__14_03_08__Pulp__paper_and_printing,Charcoal,ESTO,,0.0,,,,,,,,,,,0.0,
esto__14_03_08__Pulp__paper_and_printing,Coal nonspecified,ESTO,,0.0,,,,,,,,,,,0.0,
esto__14_03_08__Pulp__paper_and_printing,Electricity,ESTO,,242.039703,,,,,,,,,,,0.0,
esto__14_03_08__Pulp__paper_and_printing,Ethane,ESTO,,0.0,,,,,,,,,,,0.0,
esto__14_03_08__Pulp__paper_and_printing,Fuel oil,ESTO,,18.826365,,,,,,,,,,,0.0,
esto__14_03_08__Pulp__paper_and_printing,Fuelwood & woodwaste,ESTO,,0.0,,,,,,,,,,,0.0,
esto__14_03_08__Pulp__paper_and_printing,Gas/diesel oil,ESTO,,2.917195,,,,,,,,,,,0.0,
esto__14_03_08__Pulp__paper_and_printing,Gasoline type jet fuel,ESTO,,0.0,,,,,,,,,,,0.0,
esto__14_03_08__Pulp__paper_and_printing,Heat,ESTO,,16.808746,,,,,,,,,,,0.0,
esto__14_03_08__Pulp__paper_and_printing,Industrial waste,ESTO,,6.920864,,,,,,,,,,,0.0,
esto__14_03_08__Pulp__paper_and_printing,Kerosene,ESTO,,0.0,,,,,,,,,,,0.0,
esto__14_03_08__Pulp__paper_and_printing,Kerosene type jet fuel,ESTO,,0.0,,,,,,,,,,,0.0,
esto__14_03_08__Pulp__paper_and_printing,LPG,ESTO,,1.24281,,,,,,,,,,,0.0,
esto__14_03_08__Pulp__paper_and_printing,Lubricants,ESTO,,0.0,,,,,,,,,,,0.0,
esto__14_03_08__Pulp__paper_and_printing,Municipal solid waste (non-renewable),ESTO,,0.0,,,,,,,,,,,0.0,
esto__14_03_08__Pulp__paper_and_printing,Municipal solid waste (renewable),ESTO,,0.0,,,,,,,,,,,0.0,
esto__14_03_08__Pulp__paper_and_printing,Naphtha,ESTO,,0.0,,,,,,,,,,,0.0,
esto__14_03_08__Pulp__paper_and_printing,Natural gas,ESTO,,649.281198,,,,,,,,,,,0.0,
esto__14_03_08__Pulp__paper_and_printing,Other biomass,ESTO,,1076.943601,,,,,,,,,,,0.0,
esto__14_03_08__Pulp__paper_and_printing,Other bituminous coal,ESTO,,25.007882,,,,,,,,,,,0.0,
esto__14_03_08__Pulp__paper_and_printing,Other liquid biofuels,ESTO,,11.067345,,,,,,,,,,,0.0,
esto__14_03_08__Pulp__paper_and_printing,Other products,ESTO,,0.0,,,,,,,,,,,0.0,
esto__14_03_08__Pulp__paper_and_printing,Other sources,ESTO,,0.0,,,,,,,,,,,0.0,
esto__14_03_08__Pulp__paper_and_printing,Paraffin waxes,ESTO,,0.0,,,,,,,,,,,0.0,
esto__14_03_08__Pulp__paper_and_printing,PetProd nonspecified,ESTO,,0.0,,,,,,,,,,,0.0,
esto__14_03_08__Pulp__paper_and_printing,Petroleum coke,ESTO,,0.447192,,,,,,,,,,,0.0,
esto__14_03_08__Pulp__paper_and_printing,Refinery gas (not liquefied),ESTO,,0.0,,,,,,,,,,,0.0,
esto__14_03_08__Pulp__paper_and_printing,Sub-bituminous coal,ESTO,,2.67143,,,,,,,,,,,0.0,
esto__14_03_08__Pulp__paper_and_printing,White spirit SBP,ESTO,,0.0,,,,,,,,,,,0.0,
esto__14_03_09__Wood_and_wood_products,Bagasse,ESTO,,0.0,,,,,,,,,,,0.0,
esto__14_03_09__Wood_and_wood_products,Bio jet kerosene,ESTO,,0.0,,,,,,,,,,,0.0,
esto__14_03_09__Wood_and_wood_products,Biodiesel,ESTO,,0.127028,,,,,,,,,,,0.0,
esto__14_03_09__Wood_and_wood_products,Biogas,ESTO,,0.0,,,,,,,,,,,0.0,
esto__14_03_09__Wood_and_wood_products,Biogasoline,ESTO,,0.0,,,,,,,,,,,0.0,
esto__14_03_09__Wood_and_wood_products,Black liqour,ESTO,,0.0,,,,,,,,,,,0.0,
esto__14_03_09__Wood_and_wood_products,Charcoal,ESTO,,0.0,,,,,,,,,,,0.0,
esto__14_03_09__Wood_and_wood_products,Electricity,ESTO,,69.384319,,,,,,,,,,,0.0,
esto__14_03_09__Wood_and_wood_products,Fuel oil,ESTO,,3.985122,,,,,,,,,,,0.0,
esto__14_03_09__Wood_and_wood_products,Fuelwood & woodwaste,ESTO,,0.0,,,,,,,,,,,0.0,
esto__14_03_09__Wood_and_wood_products,Gas/diesel oil,ESTO,,9.072586,,,,,,,,,,,0.0,
esto__14_03_09__Wood_and_wood_products,Heat,ESTO,,9.198735,,,,,,,,,,,0.0,
esto__14_03_09__Wood_and_wood_products,Industrial waste,ESTO,,0.0,,,,,,,,,,,0.0,
esto__14_03_09__Wood_and_wood_products,LPG,ESTO,,3.034425,,,,,,,,,,,0.0,
esto__14_03_09__Wood_and_wood_products,Municipal solid waste (non-renewable),ESTO,,0.0,,,,,,,,,,,0.0,
esto__14_03_09__Wood_and_wood_products,Municipal solid waste (renewable),ESTO,,0.0,,,,,,,,,,,0.0,
esto__14_03_09__Wood_and_wood_products,Natural gas,ESTO,,60.811763,,,,,,,,,,,0.0,
esto__14_03_09__Wood_and_wood_products,Other biomass,ESTO,,118.064452,,,,,,,,,,,0.0,
esto__14_03_09__Wood_and_wood_products,Other liquid biofuels,ESTO,,0.0,,,,,,,,,,,0.0,
esto__14_03_09__Wood_and_wood_products,Other sources,ESTO,,0.0,,,,,,,,,,,0.0,
esto__14_03_10__Textiles_and_leather,Anthracite,ESTO,,0.022399,,,,,,,,,,,0.0,
esto__14_03_10__Textiles_and_leather,Anthracite,Target,0.016773102748612913,,,,,,0.0,,,,3.0,38.0,0.0,
esto__14_03_10__Textiles_and_leather,Coal nonspecified,ESTO,,0.0,,,,,,,,,,,0.0,
esto__14_03_10__Textiles_and_leather,Coal nonspecified,Target,0.016773102748612913,,,,,,0.0,,,,3.0,38.0,0.0,
esto__14_03_10__Textiles_and_leather,Electricity,ESTO,,38.038376,,,,,,,,,,,0.0,
esto__14_03_10__Textiles_and_leather,Heat,ESTO,,5.287049,,,,,,,,,,,0.0,
esto__14_03_10__Textiles_and_leather,Natural gas,ESTO,,29.009249,,,,,,,,,,,0.0,
esto__14_03_10__Textiles_and_leather,Other bituminous coal,ESTO,,0.245974,,,,,,,,,,,0.0,
esto__14_03_10__Textiles_and_leather,Sub-bituminous coal,ESTO,,0.0,,,,,,,,,,,0.0,
esto__14_03_11__Non-specified_industry,Anthracite,ESTO,,0.69413,,,,,,,,,,,0.0,
esto__14_03_11__Non-specified_industry,Aviation gasoline,ESTO,,0.0,,,,,,,,,,,0.0,
esto__14_03_11__Non-specified_industry,BKB/PB,ESTO,,0.0,,,,,,,,,,,0.0,
esto__14_03_11__Non-specified_industry,Bagasse,ESTO,,0.0,,,,,,,,,,,0.0,
esto__14_03_11__Non-specified_industry,Bio jet kerosene,ESTO,,0.0,,,,,,,,,,,0.0,
esto__14_03_11__Non-specified_industry,Biodiesel,ESTO,,0.198287,,,,,,,,,,,0.0,
esto__14_03_11__Non-specified_industry,Biogas,ESTO,,0.108396,,,,,,,,,,,0.0,
esto__14_03_11__Non-specified_industry,Biogasoline,ESTO,,0.0,,,,,,,,,,,0.0,
esto__14_03_11__Non-specified_industry,Bitumen,ESTO,,0.0,,,,,,,,,,,0.0,
esto__14_03_11__Non-specified_industry,Black liqour,ESTO,,0.0,,,,,,,,,,,0.0,
esto__14_03_11__Non-specified_industry,Blast furnace gas,ESTO,,0.0,,,,,,,,,,,0.0,
esto__14_03_11__Non-specified_industry,Charcoal,ESTO,,0.0,,,,,,,,,,,0.0,
esto__14_03_11__Non-specified_industry,Coal nonspecified,ESTO,,0.0,,,,,,,,,,,0.0,
esto__14_03_11__Non-specified_industry,Coal tar,ESTO,,0.0,,,,,,,,,,,0.0,
esto__14_03_11__Non-specified_industry,Coke oven coke,ESTO,,0.0,,,,,,,,,,,0.0,
esto__14_03_11__Non-specified_industry,Coke oven gas,ESTO,,23.993085,,,,,,,,,,,0.0,
esto__14_03_11__Non-specified_industry,Electricity,ESTO,,446.615628,,,,,,,,,,,0.0,
esto__14_03_11__Non-specified_industry,Ethane,ESTO,,0.0,,,,,,,,,,,0.0,
esto__14_03_11__Non-specified_industry,Fuelwood & woodwaste,ESTO,,0.0,,,,,,,,,,,0.0,
esto__14_03_11__Non-specified_industry,Gas coke,ESTO,,0.0,,,,,,,,,,,0.0,
esto__14_03_11__Non-specified_industry,Gas/diesel oil,ESTO,,14.163609,,,,,,,,,,,0.0,
esto__14_03_11__Non-specified_industry,Gasoline type jet fuel,ESTO,,0.0,,,,,,,,,,,0.0,
esto__14_03_11__Non-specified_industry,Heat,ESTO,,0.784355,,,,,,,,,,,0.0,
esto__14_03_11__Non-specified_industry,Industrial waste,ESTO,,0.0,,,,,,,,,,,0.0,
esto__14_03_11__Non-specified_industry,Kerosene,ESTO,,0.0,,,,,,,,,,,0.0,
esto__14_03_11__Non-specified_industry,Kerosene type jet fuel,ESTO,,0.0,,,,,,,,,,,0.0,
esto__14_03_11__Non-specified_industry,LPG,ESTO,,1.593873,,,,,,,,,,,0.0,
esto__14_03_11__Non-specified_industry,Lubricants,ESTO,,0.0,,,,,,,,,,,0.0,
esto__14_03_11__Non-specified_industry,Municipal solid waste (non-renewable),ESTO,,0.0,,,,,,,,,,,0.0,
esto__14_03_11__Non-specified_industry,Municipal solid waste (renewable),ESTO,,0.0,,,,,,,,,,,0.0,
esto__14_03_11__Non-specified_industry,Naphtha,ESTO,,0.0,,,,,,,,,,,0.0,
esto__14_03_11__Non-specified_industry,Natural gas,ESTO,,403.796889,,,,,,,,,,,0.0,
esto__14_03_11__Non-specified_industry,Other biomass,ESTO,,7.575722,,,,,,,,,,,0.0,
esto__14_03_11__Non-specified_industry,Other bituminous coal,ESTO,,17.710499,,,,,,,,,,,0.0,
esto__14_03_11__Non-specified_industry,Other liquid biofuels,ESTO,,0.0,,,,,,,,,,,0.0,
esto__14_03_11__Non-specified_industry,Other products,ESTO,,0.0,,,,,,,,,,,0.0,
esto__14_03_11__Non-specified_industry,Other recovered gases,ESTO,,0.0,,,,,,,,,,,0.0,
esto__14_03_11__Non-specified_industry,Other sources,ESTO,,0.0,,,,,,,,,,,0.0,
esto__14_03_11__Non-specified_industry,Paraffin waxes,ESTO,,0.0,,,,,,,,,,,0.0,
esto__14_03_11__Non-specified_industry,Patent fuel,ESTO,,0.0,,,,,,,,,,,0.0,
esto__14_03_11__Non-specified_industry,PetProd nonspecified,ESTO,,0.0,,,,,,,,,,,0.0,
esto__14_03_11__Non-specified_industry,Petroleum coke,ESTO,,19.199702,,,,,,,,,,,0.0,
esto__14_03_11__Non-specified_industry,Refinery gas (not liquefied),ESTO,,0.0,,,,,,,,,,,0.0,
esto__14_03_11__Non-specified_industry,Sub-bituminous coal,ESTO,,10.705438,,,,,,,,,,,0.0,
esto__14_03_11__Non-specified_industry,White spirit SBP,ESTO,,0.0,,,,,,,,,,,0.0,
esto__14_03__Manufacturing,Paraffin waxes,ESTO,,0.0,,,,,,,,,,,0.0,
esto__14__Industry_sector,Paraffin waxes,ESTO,,0.0,,,,,,,,,,,0.0,
esto__15_01__Domestic_air_transport,Aviation gasoline,ESTO,,21.72049,,,,,,,,,,,0.0,
esto__15_01__Domestic_air_transport,Bio jet kerosene,ESTO,,0.0,,,,,,,,,,,0.0,
esto__15_01__Domestic_air_transport,E-fuel,ESTO,,0.0,,,,,,,,,,,0.0,
esto__15_01__Domestic_air_transport,E-fuel,Target,,,,,,,0.0,,,,30.0,38.0,0.0,
esto__15_01__Domestic_air_transport,Electricity,ESTO,,0.0,,,,,,,,,,,0.0,
esto__15_01__Domestic_air_transport,Hydrogen,ESTO,,0.0,,,,,,,,,,,0.0,
esto__15_01__Domestic_air_transport,Kerosene type jet fuel,ESTO,,2238.854289,,,,,,,,,,,0.0,
esto__15_02__Road,Biodiesel,ESTO,,334.977118,,,,,,,,,,,0.0,
esto__15_02__Road,Biogas,ESTO,,54.527125,,,,,,,,,,,0.0,
esto__15_02__Road,Biogasoline,ESTO,,1181.801672,,,,,,,,,,,0.0,
esto__15_02__Road,Electricity,ESTO,,33.966127,,,,,,,,,,,0.0,
esto__15_02__Road,Gas/diesel oil,ESTO,,5199.55958,,,,,,,,,,,0.0,
esto__15_02__Road,Hydrogen,ESTO,,0.0,,,,,,,,,,,0.0,
esto__15_02__Road,LPG,ESTO,,2.388779,,,,,,,,,,,0.0,
esto__15_02__Road,Motor gasoline,ESTO,,14782.75365,,,,,,,,,,,0.0,
esto__15_02__Road,Natural gas,ESTO,,63.93947,,,,,,,,,,,0.0,
esto__15_03__Rail,Biodiesel,ESTO,,32.157973,,,,,,,,,,,0.0,
esto__15_03__Rail,Electricity,ESTO,,26.294737,,,,,,,,,,,0.0,
esto__15_03__Rail,Gas/diesel oil,ESTO,,463.133056,,,,,,,,,,,0.0,
esto__15_04__Domestic_navigation,Ammonia,ESTO,,0.0,,,,,,,,,,,0.0,
esto__15_04__Domestic_navigation,Biodiesel,ESTO,,8.606344,,,,,,,,,,,0.0,
esto__15_04__Domestic_navigation,Biogasoline,ESTO,,0.0,,,,,,,,,,,0.0,
esto__15_04__Domestic_navigation,Biogasoline,Target,,,,,,,12.434404344,,,,0.0,38.0,0.0,
esto__15_04__Domestic_navigation,Electricity,ESTO,,0.0,,,,,,,,,,,0.0,
esto__15_04__Domestic_navigation,Fuel oil,ESTO,,23.030163,,,,,,,,,,,0.0,
esto__15_04__Domestic_navigation,Gas/diesel oil,ESTO,,156.892166,,,,,,,,,,,0.0,
esto__15_04__Domestic_navigation,LNG,ESTO,,0.0,,,,,,,,,,,0.0,
esto__15_04__Domestic_navigation,Motor gasoline,ESTO,,140.324328,,,,,,,,,,,0.0,
esto__15_05__Pipeline_transport,Natural gas,ESTO,,1192.668093,,,,,,,,,,,0.0,
esto__15__Transport_sector,Ammonia,ESTO,,0.0,,,,,,,,,,,0.0,
esto__15__Transport_sector,E-fuel,ESTO,,0.0,,,,,,,,,,,0.0,
esto__15__Transport_sector,E-fuel,Target,,,,,,,0.0,,,,30.0,38.0,0.0,
esto__15__Transport_sector,Hydrogen,ESTO,,0.0,,,,,,,,,,,0.0,
esto__16_01_01__Datacentres,Electricity,ESTO,,0.0,,,,,,,,,,,0.0,
esto__16_01__Commercial_and_public_services,Anthracite,ESTO,,0.026461,,,,,,,,,,,0.0,
esto__16_01__Commercial_and_public_services,Biodiesel,ESTO,,4.346903,,,,,,,,,,,0.0,
esto__16_01__Commercial_and_public_services,Biogas,ESTO,,2.928206,,,,,,,,,,,0.0,
esto__16_01__Commercial_and_public_services,Electricity,ESTO,,4847.471011,,,,,,,,,,,0.0,
esto__16_01__Commercial_and_public_services,Fuel oil,ESTO,,20.578248,,,,,,,,,,,0.0,
esto__16_01__Commercial_and_public_services,Gas/diesel oil,ESTO,,310.500792,,,,,,,,,,,0.0,
esto__16_01__Commercial_and_public_services,Heat,ESTO,,48.035198,,,,,,,,,,,0.0,
esto__16_01__Commercial_and_public_services,Kerosene,ESTO,,0.753624,,,,,,,,,,,0.0,
esto__16_01__Commercial_and_public_services,LPG,ESTO,,72.092049,,,,,,,,,,,0.0,
esto__16_01__Commercial_and_public_services,Motor gasoline,ESTO,,124.573419,,,,,,,,,,,0.0,
esto__16_01__Commercial_and_public_services,Municipal solid waste (non-renewable),ESTO,,11.366032,,,,,,,,,,,0.0,
esto__16_01__Commercial_and_public_services,Municipal solid waste (renewable),ESTO,,9.299427,,,,,,,,,,,0.0,
esto__16_01__Commercial_and_public_services,Natural gas,ESTO,,3452.141115,,,,,,,,,,,0.0,
esto__16_01__Commercial_and_public_services,Other biomass,ESTO,,30.156474,,,,,,,,,,,0.0,
esto__16_01__Commercial_and_public_services,Other bituminous coal,ESTO,,5.840963,,,,,,,,,,,0.0,
esto__16_01__Commercial_and_public_services,Solar nonspecified,ESTO,,74.07923,,,,,,,,,,,0.0,
esto__16_01__Commercial_and_public_services,Sub-bituminous coal,ESTO,,8.024253,,,,,,,,,,,0.0,
esto__16_02__Residential,Biodiesel,ESTO,,5.866335,,,,,,,,,,,0.0,
esto__16_02__Residential,Electricity,ESTO,,5430.907369,,,,,,,,,,,0.0,
esto__16_02__Residential,Gas/diesel oil,ESTO,,419.033785,,,,,,,,,,,0.0,
esto__16_02__Residential,Geothermal,ESTO,,14.879175,,,,,,,,,,,0.0,
esto__16_02__Residential,Kerosene,ESTO,,8.553465,,,,,,,,,,,0.0,
esto__16_02__Residential,LPG,ESTO,,194.086818,,,,,,,,,,,0.0,
esto__16_02__Residential,Natural gas,ESTO,,4883.622605,,,,,,,,,,,0.0,
esto__16_02__Residential,Other biomass,ESTO,,540.17319,,,,,,,,,,,0.0,
esto__16_02__Residential,Solar nonspecified,ESTO,,57.202448,,,,,,,,,,,0.0,
esto__16_03__Agriculture,Biodiesel,ESTO,,4.996653,,,,,,,,,,,0.0,
esto__16_03__Agriculture,Biogas,ESTO,,0.060876,,,,,,,,,,,0.0,
esto__16_03__Agriculture,Biogas,Target,0.060889,,,,,,0.0,,,,0.0,38.0,0.0,
esto__16_03__Agriculture,Electricity,ESTO,,262.747826,,,,,,,,,,,0.0,
esto__16_03__Agriculture,Fuel oil,ESTO,,0.636226,,,,,,,,,,,0.0,
esto__16_03__Agriculture,Gas/diesel oil,ESTO,,356.911135,,,,,,,,,,,0.0,
esto__16_03__Agriculture,LPG,ESTO,,22.911593,,,,,,,,,,,0.0,
esto__16_03__Agriculture,Motor gasoline,ESTO,,102.283691,,,,,,,,,,,0.0,
esto__16_03__Agriculture,Natural gas,ESTO,,62.16502,,,,,,,,,,,0.0,
esto__16_03__Agriculture,Other biomass,ESTO,,74.016888,,,,,,,,,,,0.0,
esto__16_05__Non-specified_others,Electricity,ESTO,,780.072811,,,,,,,,,,,0.0,
template__Other_transformation__Coal__oil_and_gas_extraction_own_use,Biodiesel,ESTO,,-1.173895,,,,,,,,,,,0.0,
template__Other_transformation__Coal__oil_and_gas_extraction_own_use,Biodiesel,Target,,,,,,,-1.372127409654352,,,,0.0,38.0,0.0,
template__Other_transformation__Coal__oil_and_gas_extraction_own_use,Electricity,ESTO,,-182.196515,,,,,,,,,,,0.0,
template__Other_transformation__Coal__oil_and_gas_extraction_own_use,Electricity,Target,,,,,,,-212.66914319107542,,,,0.0,38.0,0.0,
template__Other_transformation__Coal__oil_and_gas_extraction_own_use,Fuel oil,ESTO,,-20.806428,,,,,,,,,,,0.0,
template__Other_transformation__Coal__oil_and_gas_extraction_own_use,Fuel oil,Target,,,,,,,-24.224823041970055,,,,0.0,38.0,0.0,
template__Other_transformation__Coal__oil_and_gas_extraction_own_use,Gas/diesel oil,ESTO,,-83.855198,,,,,,,,,,,0.0,
template__Other_transformation__Coal__oil_and_gas_extraction_own_use,Gas/diesel oil,Target,,,,,,,-98.01320770051532,,,,0.0,38.0,0.0,
template__Other_transformation__Coal__oil_and_gas_extraction_own_use,Motor gasoline,ESTO,,-27.34219,,,,,,,,,,,0.0,
template__Other_transformation__Coal__oil_and_gas_extraction_own_use,Motor gasoline,Target,,,,,,,-33.659017999819014,,,,0.0,38.0,0.0,
template__Other_transformation__Coal__oil_and_gas_extraction_own_use,Natural gas,ESTO,,-1853.6190330000002,,,,,,,,,,,0.0,
template__Other_transformation__Coal__oil_and_gas_extraction_own_use,Natural gas,Target,,,,,,,-2316.0281560765848,,,,0.0,38.0,0.0,
template__Other_transformation__Coal__oil_and_gas_extraction_own_use,Other bituminous coal,ESTO,,0.0,,,,,,,,,,,0.0,
template__Other_transformation__Coal__oil_and_gas_extraction_own_use,Other bituminous coal,Target,,,,,,,-0.0173490520185407,,,,0.0,38.0,0.0,
template__Other_transformation__Coal__oil_and_gas_extraction_own_use,Sub-bituminous coal,ESTO,,-0.019134,,,,,,,,,,,0.0,
template__Other_transformation__Coal_transformation__Coal_transformation_own_use,BKB/PB,ESTO,,0.0,,,,,,,,,,,0.0,
template__Other_transformation__Coal_transformation__Coal_transformation_own_use,BKB/PB,Target,,,,,,,-38.751868540000004,,,,0.0,38.0,0.0,
template__Other_transformation__Coal_transformation__Coal_transformation_own_use,Blast furnace gas,ESTO,,-16.882977999999998,,,,,,,,,,,0.0,
template__Other_transformation__Coal_transformation__Coal_transformation_own_use,Coal products,ESTO,,-39.303752,,,,,,,,,,,0.0,
template__Other_transformation__Coal_transformation__Coal_transformation_own_use,Coal tar,ESTO,,0.0,,,,,,,,,,,0.0,
template__Other_transformation__Coal_transformation__Coal_transformation_own_use,Coke oven coke,ESTO,,0.0,,,,,,,,,,,0.0,
template__Other_transformation__Coal_transformation__Coal_transformation_own_use,Coke oven gas,ESTO,,-22.420775,,,,,,,,,,,0.0,
template__Other_transformation__Coal_transformation__Coal_transformation_own_use,Electricity,ESTO,,-13.828623,,,,,,,,,,,0.0,
template__Other_transformation__Coal_transformation__Coal_transformation_own_use,Electricity,Target,,,,,,,-13.634424629,,,,0.0,38.0,0.0,
template__Other_transformation__Coal_transformation__Coal_transformation_own_use,Fuel oil,ESTO,,-1.807651,,,,,,,,,,,0.0,
template__Other_transformation__Coal_transformation__Coal_transformation_own_use,Fuel oil,Target,,,,,,,-1.782287308,,,,0.0,38.0,0.0,
template__Other_transformation__Coal_transformation__Coal_transformation_own_use,Gas coke,ESTO,,0.0,,,,,,,,,,,0.0,
template__Other_transformation__Coal_transformation__Coal_transformation_own_use,Natural gas,ESTO,,-10.851934,,,,,,,,,,,0.0,
template__Other_transformation__Coal_transformation__Coal_transformation_own_use,Natural gas,Target,,,,,,,-10.69954021,,,,0.0,38.0,0.0,
template__Other_transformation__Coal_transformation__Coal_transformation_own_use,Other recovered gases,ESTO,,0.0,,,,,,,,,,,0.0,
template__Other_transformation__Coal_transformation__Coal_transformation_own_use,Patent fuel,ESTO,,0.0,,,,,,,,,,,0.0,
template__Other_transformation__Gas_processing_plants__Gas_processing_own_use,Electricity,ESTO,,0.0,,,,,,,,,,,0.0,
template__Other_transformation__Gas_processing_plants__Gas_processing_own_use,Electricity,Target,,,,,,,-31.980133774361786,,,,0.0,38.0,0.0,
template__Other_transformation__Gas_processing_plants__Gas_processing_own_use,Natural gas,ESTO,,0.0,,,,,,,,,,,0.0,
template__Other_transformation__Gas_processing_plants__Gas_processing_own_use,Natural gas,Target,,,,,,,-440.534999330352,,,,0.0,38.0,0.0,
template__Power__CHP_plants,Anthracite,ESTO,,-0.960996,,,,,,,,,,,0.0,
template__Power__CHP_plants,Biodiesel,ESTO,,-0.135443,,,,,,,,,,,0.0,
template__Power__CHP_plants,Biogas,ESTO,,-10.866923,,,,,,,,,,,0.0,
template__Power__CHP_plants,Blast furnace gas,ESTO,,-16.586008,,,,,,,,,,,0.0,
template__Power__CHP_plants,Blast furnace gas,Target,,,,,,,-25.26840677,,,,0.0,38.0,0.0,
template__Power__CHP_plants,Coke oven gas,ESTO,,-3.151781,,,,,,,,,,,0.0,
template__Power__CHP_plants,Crude oil,ESTO,,0.0,,,,,,,,,,,0.0,
template__Power__CHP_plants,Crude oil,Target,,,,,,,-14.57481518,,,,0.0,38.0,0.0,
template__Power__CHP_plants,Electricity,ESTO,,1042.124623,,,,,,,,,,,0.0,
template__Power__CHP_plants,Fuel oil,ESTO,,-12.958397,,,,,,,,,,,0.0,
template__Power__CHP_plants,Fuel oil,Target,,,,,,,-1.998833745,,,,0.0,38.0,0.0,
template__Power__CHP_plants,Gas/diesel oil,ESTO,,-3.149897,,,,,,,,,,,0.0,
template__Power__CHP_plants,Gas/diesel oil,Target,,,,,,,-0.36010814,,,,0.0,38.0,0.0,
template__Power__CHP_plants,Heat,ESTO,,418.90144,,,,,,,,,,,0.0,
template__Power__CHP_plants,Industrial waste,ESTO,,-5.498901,,,,,,,,,,,0.0,
template__Power__CHP_plants,Kerosene,ESTO,,0.0,,,,,,,,,,,0.0,
template__Power__CHP_plants,LPG,ESTO,,0.0,,,,,,,,,,,0.0,
template__Power__CHP_plants,Lignite,ESTO,,-0.016998,,,,,,,,,,,0.0,
template__Power__CHP_plants,Lignite,Target,,,,,,,-0.038825441,,,,0.0,38.0,0.0,
template__Power__CHP_plants,Municipal solid waste (non-renewable),ESTO,,-12.888687000000001,,,,,,,,,,,0.0,
template__Power__CHP_plants,Municipal solid waste (renewable),ESTO,,-10.545167000000001,,,,,,,,,,,0.0,
template__Power__CHP_plants,Naphtha,ESTO,,0.0,,,,,,,,,,,0.0,
template__Power__CHP_plants,Natural gas,ESTO,,-1613.37957,,,,,,,,,,,0.0,
template__Power__CHP_plants,Other biomass,ESTO,,-198.355177,,,,,,,,,,,0.0,
template__Power__CHP_plants,Other biomass,Target,,,,,,,-297.79189207,,,,0.0,38.0,0.0,
template__Power__CHP_plants,Other bituminous coal,ESTO,,-118.885694,,,,,,,,,,,0.0,
template__Power__CHP_plants,Other liquid biofuels,ESTO,,-1.750627,,,,,,,,,,,0.0,
template__Power__CHP_plants,Other products,ESTO,,-1.9852969999999999,,,,,,,,,,,0.0,
template__Power__CHP_plants,Other recovered gases,ESTO,,0.0,,,,,,,,,,,0.0,
template__Power__CHP_plants,Petroleum coke,ESTO,,-22.614498,,,,,,,,,,,0.0,
template__Power__CHP_plants,Refinery feedstocks,ESTO,,0.0,,,,,,,,,,,0.0,
template__Power__CHP_plants,Refinery gas (not liquefied),ESTO,,-49.5952,,,,,,,,,,,0.0,
template__Power__CHP_plants,Sub-bituminous coal,ESTO,,-28.989068,,,,,,,,,,,0.0,
template__Power__Electricity_own_use,Electricity,ESTO,,-657.906969,,,,,,,,,,,0.0,
template__Power__Electricity_own_use,Electricity,Target,,,,,,,-378.2088446,,,,0.0,38.0,0.0,
template__Power__Electricity_own_use,Heat,ESTO,,-83.778538,,,,,,,,,,,0.0,
template__Power__Electricity_own_use,Heat,Target,,,,,,,-151.1513442,,,,0.0,38.0,0.0,
template__Power__Electricity_plants,Anthracite,ESTO,,-28.332159,,,,,,,,,,,0.0,
template__Power__Electricity_plants,Biodiesel,ESTO,,-5.1778569999999995,,,,,,,,,,,0.0,
template__Power__Electricity_plants,Biogas,ESTO,,-103.61111700000001,,,,,,,,,,,0.0,
template__Power__Electricity_plants,Bitumen,ESTO,,0.0,,,,,,,,,,,0.0,
template__Power__Electricity_plants,Coke oven coke,ESTO,,0.0,,,,,,,,,,,0.0,
template__Power__Electricity_plants,Coke oven coke,Target,,,,,,,-0.718104735,,,,0.0,38.0,0.0,
template__Power__Electricity_plants,Electricity,ESTO,,15060.322582,,,,,,,,,,,0.0,
template__Power__Electricity_plants,Fuel oil,ESTO,,-138.099505,,,,,,,,,,,0.0,
template__Power__Electricity_plants,Gas/diesel oil,ESTO,,-96.363473,,,,,,,,,,,0.0,
template__Power__Electricity_plants,Geothermal,ESTO,,-382.843127,,,,,,,,,,,0.0,
template__Power__Electricity_plants,Hydro,ESTO,,-923.764289,,,,,,,,,,,0.0,
template__Power__Electricity_plants,Hydrogen,ESTO,,0.0,,,,,,,,,,,0.0,
template__Power__Electricity_plants,Industrial waste,ESTO,,-7.586733000000001,,,,,,,,,,,0.0,
template__Power__Electricity_plants,Kerosene,ESTO,,-2.518318,,,,,,,,,,,0.0,
template__Power__Electricity_plants,Kerosene type jet fuel,ESTO,,-0.777866,,,,,,,,,,,0.0,
template__Power__Electricity_plants,Lignite,ESTO,,-531.241741,,,,,,,,,,,0.0,
template__Power__Electricity_plants,Municipal solid waste (non-renewable),ESTO,,-123.672294,,,,,,,,,,,0.0,
template__Power__Electricity_plants,Municipal solid waste (renewable),ESTO,,-101.18624700000001,,,,,,,,,,,0.0,
template__Power__Electricity_plants,Natural gas,ESTO,,-10927.461037000001,,,,,,,,,,,0.0,
template__Power__Electricity_plants,Nuclear,ESTO,,-8767.293471,,,,,,,,,,,0.0,
template__Power__Electricity_plants,Other biomass,ESTO,,-169.675931,,,,,,,,,,,0.0,
template__Power__Electricity_plants,Other biomass,Target,,,,,,,-108.6689647,,,,0.0,38.0,0.0,
template__Power__Electricity_plants,Other bituminous coal,ESTO,,-3379.078315,,,,,,,,,,,0.0,
template__Power__Electricity_plants,Other liquid biofuels,ESTO,,-0.302622,,,,,,,,,,,0.0,
template__Power__Electricity_plants,Other products,ESTO,,-7.267071,,,,,,,,,,,0.0,
template__Power__Electricity_plants,Other recovered gases,ESTO,,0.0,,,,,,,,,,,0.0,
template__Power__Electricity_plants,Other sources,ESTO,,0.0,,,,,,,,,,,0.0,
template__Power__Electricity_plants,Other sources,Target,,,,,,,-280.7822126,,,,0.0,38.0,0.0,
template__Power__Electricity_plants,Petroleum coke,ESTO,,-67.381271,,,,,,,,,,,0.0,
template__Power__Electricity_plants,Refinery gas (not liquefied),ESTO,,-2.513838,,,,,,,,,,,0.0,
template__Power__Electricity_plants,Solar nonspecified,ESTO,,-26.637175,,,,,,,,,,,0.0,
template__Power__Electricity_plants,Sub-bituminous coal,ESTO,,-4842.869802,,,,,,,,,,,0.0,
template__Power__Electricity_plants,Wind,ESTO,,-1581.372782,,,,,,,,,,,0.0,
template__Power__Electricity_plants,of which: Photovoltaics,ESTO,,-661.72487,,,,,,,,,,,0.0,
